DataHora,Satelite,Pais,Estado,Municipio,Bioma,DiaSemChuva,Precipitacao,RiscoFogo,FRP,Latitude,Longitude
2024/01/05 04:27:00,NOAA-21,Brasil,SÃO PAULO,BARRETOS,Cerrado,0,1.9,0.22,0.5,-20.51839,-48.55684
2024/01/06 16:15:00,NOAA-20,Brasil,SÃO PAULO,BARRETOS,Mata Atlântica,0,4.39,0.08,4.8,-20.50741,-48.85786
2024/01/06 16:15:00,NOAA-20,Brasil,SÃO PAULO,BARRETOS,Mata Atlântica,0,4.42,0.08,4.8,-20.50705,-48.85428
2024/01/06 16:15:00,NOAA-20,Brasil,SÃO PAULO,BARRETOS,Mata Atlântica,0,4.37,0.08,6.5,-20.50777,-48.86145
2024/01/06 17:06:00,NPP-375,Brasil,SÃO PAULO,BARRETOS,Cerrado,0,4.04,0.13,4.4,-20.39367,-48.76454
2024/01/06 17:06:00,NPP-375,Brasil,SÃO PAULO,BARRETOS,Cerrado,0,2.19,0.07,11.4,-20.60641,-48.69304
2024/01/06 17:06:00,NPP-375,Brasil,SÃO PAULO,BARRETOS,Cerrado,0,2.49,0.08,10.3,-20.58535,-48.67893
2024/01/06 17:06:00,NPP-375,Brasil,SÃO PAULO,BARRETOS,Cerrado,0,2.85,0.07,10.1,-20.56742,-48.70489
2024/01/06 17:06:00,NPP-375,Brasil,SÃO PAULO,BARRETOS,Cerrado,0,1.9,0.1,6.8,-20.4692,-48.4598
2024/01/06 17:06:00,NPP-375,Brasil,SÃO PAULO,BARRETOS,Cerrado,0,3.34,0.12,14.1,-20.46451,-48.67384
2024/01/06 17:06:00,NPP-375,Brasil,SÃO PAULO,BARRETOS,Cerrado,0,4.06,0.13,4.4,-20.39728,-48.76389
2024/01/07 12:59:00,TERRA_M-T,Brasil,SÃO PAULO,BARRETOS,Cerrado,0,8.45,0.03,8.3,-20.53475,-48.49893
2024/01/07 15:56:00,NOAA-20,Brasil,SÃO PAULO,BARRETOS,Cerrado,0,9.78,0.02,13.0,-20.49927,-48.45368
2024/01/07 15:56:00,NOAA-20,Brasil,SÃO PAULO,BARRETOS,Cerrado,0,9.84,0.02,12.0,-20.4994,-48.45258
2024/01/07 16:20:00,NOAA-21,Brasil,SÃO PAULO,BARRETOS,Cerrado,0,9.62,0.02,14.8,-20.49667,-48.45473
2024/01/07 16:20:00,NOAA-21,Brasil,SÃO PAULO,BARRETOS,Cerrado,0,9.84,0.02,20.8,-20.50129,-48.45408
2024/01/07 17:38:00,NOAA-20,Brasil,SÃO PAULO,BARRETOS,Mata Atlântica,0,0.37,0.25,4.5,-20.51166,-48.85353
2024/01/08 16:02:00,NOAA-21,Brasil,SÃO PAULO,BARRETOS,Cerrado,0,0.65,0.1,8.8,-20.50163,-48.4573
2024/01/08 16:02:00,NOAA-21,Brasil,SÃO PAULO,BARRETOS,Cerrado,0,0.65,0.1,11.6,-20.50366,-48.45571
2024/01/08 16:28:00,NPP-375,Brasil,SÃO PAULO,BARRETOS,Cerrado,0,0.7,0.09,11.0,-20.49677,-48.45243
2024/01/08 16:28:00,NPP-375,Brasil,SÃO PAULO,BARRETOS,Cerrado,1,0.1,0.32,6.8,-20.44783,-48.74842
2024/01/08 16:28:00,NPP-375,Brasil,SÃO PAULO,BARRETOS,Cerrado,0,0.77,0.12,10.0,-20.46766,-48.46061
2024/01/08 17:17:00,NOAA-20,Brasil,SÃO PAULO,BARRETOS,Cerrado,0,0.5,0.07,7.0,-20.54274,-48.45414
2024/01/08 17:17:00,NOAA-20,Brasil,SÃO PAULO,BARRETOS,Cerrado,0,0.1,0.24,14.4,-20.62564,-48.52887
2024/01/08 17:17:00,NOAA-20,Brasil,SÃO PAULO,BARRETOS,Cerrado,0,0.1,0.3,11.8,-20.61611,-48.52621
2024/01/08 17:17:00,NOAA-20,Brasil,SÃO PAULO,BARRETOS,Cerrado,0,0.1,0.3,10.7,-20.61531,-48.52677
2024/01/08 17:17:00,NOAA-20,Brasil,SÃO PAULO,BARRETOS,Cerrado,0,0.49,0.08,6.3,-20.54884,-48.46228
2024/01/08 17:17:00,NOAA-20,Brasil,SÃO PAULO,BARRETOS,Cerrado,0,0.5,0.07,6.3,-20.54796,-48.4577
2024/01/08 17:17:00,NOAA-20,Brasil,SÃO PAULO,BARRETOS,Cerrado,0,0.5,0.07,7.0,-20.54707,-48.4531
2024/01/08 17:17:00,NOAA-20,Brasil,SÃO PAULO,BARRETOS,Cerrado,0,0.5,0.07,6.3,-20.54363,-48.45875
2024/01/08 17:17:00,NOAA-20,Brasil,SÃO PAULO,BARRETOS,Cerrado,0,0.67,0.14,8.8,-20.53926,-48.41267
2024/01/08 17:17:00,NOAA-20,Brasil,SÃO PAULO,BARRETOS,Cerrado,0,0.5,0.07,8.4,-20.53841,-48.45515
2024/01/08 17:17:00,NOAA-20,Brasil,SÃO PAULO,BARRETOS,Cerrado,0,0.69,0.09,8.1,-20.49745,-48.4543
2024/01/08 17:17:00,NOAA-20,Brasil,SÃO PAULO,BARRETOS,Cerrado,2,0.1,0.42,8.9,-20.39793,-48.76575
2024/01/08 17:17:00,NOAA-20,Brasil,SÃO PAULO,BARRETOS,Mata Atlântica,2,0.0,0.45,7.7,-20.51021,-48.85302
2024/01/09 17:00:00,NOAA-20,Brasil,SÃO PAULO,BARRETOS,Cerrado,2,0.0,0.21,6.1,-20.49425,-48.45221
2024/01/09 17:00:00,NOAA-20,Brasil,SÃO PAULO,BARRETOS,Cerrado,2,0.0,0.45,1.9,-20.56717,-48.70716
2024/01/09 17:00:00,NOAA-20,Brasil,SÃO PAULO,BARRETOS,Cerrado,2,0.0,0.21,9.7,-20.4983,-48.45552
2024/01/09 17:00:00,NOAA-20,Brasil,SÃO PAULO,BARRETOS,Cerrado,2,0.0,0.21,9.7,-20.49766,-48.45159
2024/01/10 17:41:00,AQUA_M-T,Brasil,SÃO PAULO,BARRETOS,Cerrado,3,0.0,0.26,12.9,-20.54376,-48.45927
2024/01/12 04:23:00,NPP-375D,Brasil,SÃO PAULO,BARRETOS,Cerrado,0,0.1,0.55,1.4,-20.46001,-48.60438
2024/01/13 04:55:00,NOAA-20,Brasil,SÃO PAULO,BARRETOS,Mata Atlântica,0,13.52,-999.0,0.7,-20.51809,-48.86623
2024/01/13 04:55:00,NOAA-20,Brasil,SÃO PAULO,BARRETOS,Mata Atlântica,0,13.32,-999.0,1.0,-20.51358,-48.86559
2024/01/14 17:06:00,NOAA-20,Brasil,SÃO PAULO,BARRETOS,Mata Atlântica,0,0.5,0.08,8.2,-20.51149,-48.79962
2024/01/14 17:06:00,NOAA-20,Brasil,SÃO PAULO,BARRETOS,Cerrado,0,0.5,0.21,6.2,-20.41388,-48.69189
2024/01/18 16:13:00,NOAA-21,Brasil,SÃO PAULO,BARRETOS,Cerrado,2,1.04,0.31,5.6,-20.52863,-48.50977
2024/01/18 16:13:00,NOAA-21,Brasil,SÃO PAULO,BARRETOS,Cerrado,2,0.9,0.36,5.9,-20.49667,-48.45154
2024/01/18 16:13:00,NOAA-21,Brasil,SÃO PAULO,BARRETOS,Cerrado,2,3.3,0.25,6.8,-20.62508,-48.52949
2024/01/18 16:13:00,NOAA-21,Brasil,SÃO PAULO,BARRETOS,Cerrado,2,3.19,0.25,14.7,-20.62142,-48.5294
2024/01/18 16:13:00,NOAA-21,Brasil,SÃO PAULO,BARRETOS,Cerrado,2,3.15,0.25,6.8,-20.6199,-48.53016
2024/01/18 16:13:00,NOAA-21,Brasil,SÃO PAULO,BARRETOS,Cerrado,2,3.04,0.25,3.9,-20.61623,-48.53008
2024/01/18 16:13:00,NOAA-21,Brasil,SÃO PAULO,BARRETOS,Cerrado,2,2.99,0.33,3.9,-20.6159,-48.52671
2024/01/18 16:13:00,NOAA-21,Brasil,SÃO PAULO,BARRETOS,Cerrado,2,2.96,0.31,8.1,-20.61437,-48.52748
2024/01/18 16:13:00,NOAA-21,Brasil,SÃO PAULO,BARRETOS,Cerrado,2,2.85,0.29,3.9,-20.61072,-48.52741
2024/01/18 16:13:00,NOAA-21,Brasil,SÃO PAULO,BARRETOS,Cerrado,2,1.15,0.3,5.4,-20.53028,-48.5262
2024/01/18 16:13:00,NOAA-21,Brasil,SÃO PAULO,BARRETOS,Cerrado,2,1.1,0.31,5.4,-20.5251,-48.52686
2024/01/18 16:13:00,NOAA-21,Brasil,SÃO PAULO,BARRETOS,Cerrado,2,0.9,0.35,5.1,-20.50246,-48.45732
2024/01/18 16:13:00,NOAA-21,Brasil,SÃO PAULO,BARRETOS,Cerrado,2,0.9,0.35,5.1,-20.50214,-48.45404
2024/01/18 16:13:00,NOAA-21,Brasil,SÃO PAULO,BARRETOS,Cerrado,2,0.9,0.35,5.9,-20.50182,-48.45082
2024/01/18 16:13:00,NOAA-21,Brasil,SÃO PAULO,BARRETOS,Cerrado,2,0.9,0.35,10.5,-20.5004,-48.45588
2024/01/18 16:13:00,NOAA-21,Brasil,SÃO PAULO,BARRETOS,Cerrado,2,0.9,0.35,4.1,-20.50005,-48.45265
2024/01/18 16:13:00,NOAA-21,Brasil,SÃO PAULO,BARRETOS,Cerrado,2,0.91,0.35,4.1,-20.49971,-48.44945
2024/01/18 16:13:00,NOAA-21,Brasil,SÃO PAULO,BARRETOS,Cerrado,2,0.9,0.36,5.1,-20.49699,-48.45475
2024/01/18 16:13:00,NOAA-21,Brasil,SÃO PAULO,BARRETOS,Cerrado,2,0.9,0.36,4.1,-20.49491,-48.45332
2024/01/18 16:13:00,NOAA-21,Brasil,SÃO PAULO,BARRETOS,Mata Atlântica,2,2.17,0.16,10.2,-20.50578,-48.86209
2024/01/18 16:13:00,NOAA-21,Brasil,SÃO PAULO,BARRETOS,Mata Atlântica,2,2.22,0.16,7.2,-20.50542,-48.85855
2024/01/18 16:13:00,NOAA-21,Brasil,SÃO PAULO,BARRETOS,Mata Atlântica,2,2.29,0.16,7.2,-20.50506,-48.85503
2024/01/18 16:43:00,NPP-375,Brasil,SÃO PAULO,BARRETOS,Cerrado,2,1.09,0.34,4.3,-20.46137,-48.60291
2024/01/18 16:43:00,NPP-375,Brasil,SÃO PAULO,BARRETOS,Cerrado,2,0.9,0.39,5.9,-20.46789,-48.4637
2024/01/18 16:43:00,NPP-375,Brasil,SÃO PAULO,BARRETOS,Cerrado,2,0.9,0.36,17.2,-20.49919,-48.45452
2024/01/18 17:30:00,NOAA-20,Brasil,SÃO PAULO,BARRETOS,Cerrado,2,0.96,0.32,3.4,-20.52164,-48.48833
2024/01/18 17:30:00,NOAA-20,Brasil,SÃO PAULO,BARRETOS,Mata Atlântica,2,3.37,0.12,4.3,-20.50475,-48.79639
2024/01/18 17:32:00,NOAA-20,Brasil,SÃO PAULO,BARRETOS,Cerrado,2,0.67,0.47,11.6,-20.40902,-48.52264
2024/01/19 16:22:00,NPP-375,Brasil,SÃO PAULO,BARRETOS,Cerrado,2,26.4,0.0,12.7,-20.51977,-48.49098
2024/01/26 04:12:00,NOAA-20,Brasil,SÃO PAULO,BARRETOS,Cerrado,3,0.0,0.35,3.0,-20.46029,-48.60133
2024/01/26 04:12:00,NOAA-20,Brasil,SÃO PAULO,BARRETOS,Cerrado,3,0.0,0.36,3.0,-20.45946,-48.60595
2024/01/26 04:12:00,NOAA-20,Brasil,SÃO PAULO,BARRETOS,Cerrado,3,0.0,0.36,1.0,-20.45661,-48.60059
2024/01/26 04:33:00,NOAA-21,Brasil,SÃO PAULO,BARRETOS,Cerrado,3,0.0,0.35,4.4,-20.46128,-48.60292
2024/01/26 04:33:00,NOAA-21,Brasil,SÃO PAULO,BARRETOS,Cerrado,3,0.0,0.36,4.4,-20.45779,-48.60236
2024/01/26 05:01:00,NPP-375D,Brasil,SÃO PAULO,BARRETOS,Cerrado,3,0.0,0.36,0.8,-20.45852,-48.60233
2024/01/26 05:01:00,NPP-375D,Brasil,SÃO PAULO,BARRETOS,Cerrado,3,0.0,0.35,0.8,-20.46333,-48.60622
2024/01/26 05:01:00,NPP-375D,Brasil,SÃO PAULO,BARRETOS,Cerrado,3,0.0,0.35,1.0,-20.46127,-48.60433
2024/01/26 05:01:00,NPP-375D,Brasil,SÃO PAULO,BARRETOS,Cerrado,3,0.0,0.36,0.8,-20.45819,-48.60557
2024/01/26 05:01:00,NPP-375D,Brasil,SÃO PAULO,BARRETOS,Cerrado,3,0.0,0.36,1.0,-20.45613,-48.60371
2024/01/26 05:03:00,AQUA_M-M,Brasil,SÃO PAULO,BARRETOS,Cerrado,3,0.0,0.35,4.5,-20.46261,-48.60102
2024/01/26 16:41:00,NOAA-20,Brasil,SÃO PAULO,BARRETOS,Cerrado,3,0.0,0.35,3.0,-20.46089,-48.60208
2024/01/26 17:04:00,NOAA-21,Brasil,SÃO PAULO,BARRETOS,Cerrado,3,0.0,0.36,2.0,-20.45876,-48.60286
2024/01/26 17:04:00,NOAA-21,Brasil,SÃO PAULO,BARRETOS,Cerrado,3,0.0,0.35,2.2,-20.46237,-48.60215
2024/01/26 17:04:00,NOAA-21,Brasil,SÃO PAULO,BARRETOS,Mata Atlântica,3,0.0,0.24,5.4,-20.56966,-48.7495
2024/01/27 00:54:00,TERRA_M-M,Brasil,SÃO PAULO,BARRETOS,Mata Atlântica,3,0.0,0.43,29.4,-20.68067,-48.78708
2024/01/27 03:51:00,NOAA-20,Brasil,SÃO PAULO,BARRETOS,Cerrado,4,0.0,0.47,2.3,-20.46148,-48.60382
2024/01/27 04:16:00,NOAA-21,Brasil,SÃO PAULO,BARRETOS,Cerrado,4,0.0,0.47,1.5,-20.46066,-48.60172
2024/01/27 04:16:00,NOAA-21,Brasil,SÃO PAULO,BARRETOS,Cerrado,4,0.0,0.79,1.6,-20.51734,-48.55906
2024/01/27 04:16:00,NOAA-21,Brasil,SÃO PAULO,BARRETOS,Cerrado,4,0.0,0.47,1.5,-20.46409,-48.60236
2024/01/27 04:16:00,NOAA-21,Brasil,SÃO PAULO,BARRETOS,Mata Atlântica,4,0.0,0.43,3.6,-20.67537,-48.78974
2024/01/27 04:44:00,NPP-375D,Brasil,SÃO PAULO,BARRETOS,Cerrado,4,0.0,0.47,0.9,-20.462,-48.60286
2024/01/27 04:44:00,NPP-375D,Brasil,SÃO PAULO,BARRETOS,Cerrado,4,0.0,0.79,0.5,-20.51672,-48.55834
2024/01/27 04:44:00,NPP-375D,Brasil,SÃO PAULO,BARRETOS,Cerrado,4,0.0,0.47,0.9,-20.4658,-48.60344
2024/01/27 04:44:00,NPP-375D,Brasil,SÃO PAULO,BARRETOS,Mata Atlântica,4,0.0,0.43,3.3,-20.67402,-48.78978
2024/01/30 04:36:00,NOAA-20,Brasil,SÃO PAULO,BARRETOS,Cerrado,0,4.81,0.16,1.6,-20.46477,-48.60465
2024/01/31 04:18:00,NOAA-20,Brasil,SÃO PAULO,BARRETOS,Cerrado,0,1.22,0.27,0.7,-20.45865,-48.60168
2024/01/31 16:47:00,NOAA-20,Brasil,SÃO PAULO,BARRETOS,Cerrado,0,1.24,0.26,2.8,-20.46261,-48.60419
2024/02/02 04:29:00,NPP-375D,Brasil,SÃO PAULO,BARRETOS,Cerrado,0,2.22,0.27,0.4,-20.46146,-48.60441
2024/02/06 16:34:00,NOAA-20,Brasil,SÃO PAULO,BARRETOS,Cerrado,0,6.56,0.02,5.1,-20.58211,-48.65755
2024/02/06 16:34:00,NOAA-20,Brasil,SÃO PAULO,BARRETOS,Cerrado,0,10.93,0.01,8.1,-20.55342,-48.46017
2024/02/06 16:34:00,NOAA-20,Brasil,SÃO PAULO,BARRETOS,Cerrado,0,11.0,0.01,8.1,-20.54957,-48.46063
2024/02/07 16:15:00,NOAA-20,Brasil,SÃO PAULO,BARRETOS,Cerrado,0,24.02,0.0,5.0,-20.50052,-48.4503
2024/02/07 16:15:00,NOAA-20,Brasil,SÃO PAULO,BARRETOS,Cerrado,0,24.0,0.0,5.8,-20.49567,-48.4543
2024/02/07 16:15:00,NOAA-20,Brasil,SÃO PAULO,BARRETOS,Cerrado,0,24.09,0.0,5.0,-20.50085,-48.45357
2024/02/07 16:15:00,NOAA-20,Brasil,SÃO PAULO,BARRETOS,Cerrado,0,24.5,0.0,3.2,-20.52125,-48.44738
2024/02/07 16:41:00,NOAA-21,Brasil,SÃO PAULO,BARRETOS,Cerrado,1,23.65,0.0,9.5,-20.53703,-48.41372
2024/02/07 16:41:00,NOAA-21,Brasil,SÃO PAULO,BARRETOS,Cerrado,0,24.22,0.0,9.4,-20.50336,-48.45753
2024/02/10 00:42:48,METOP-C,Brasil,SÃO PAULO,BARRETOS,Mata Atlântica,2,0.0,0.0,,-20.500900268554688,-48.86069869995117
2024/02/10 04:29:00,NOAA-20,Brasil,SÃO PAULO,BARRETOS,Mata Atlântica,2,0.0,0.0,0.8,-20.51536,-48.86132
2024/02/10 04:29:00,NOAA-20,Brasil,SÃO PAULO,BARRETOS,Mata Atlântica,1,0.0,0.0,2.2,-20.51593,-48.85761
2024/02/11 17:04:00,NOAA-21,Brasil,SÃO PAULO,BARRETOS,Cerrado,3,0.0,0.03,8.0,-20.34776,-48.50168
2024/02/12 16:22:00,NOAA-20,Brasil,SÃO PAULO,BARRETOS,Cerrado,4,0.4,0.1,9.4,-20.49844,-48.4554
2024/02/12 17:11:00,NPP-375,Brasil,SÃO PAULO,BARRETOS,Cerrado,4,0.37,0.09,13.8,-20.51772,-48.44655
2024/02/12 17:11:00,NPP-375,Brasil,SÃO PAULO,BARRETOS,Cerrado,4,0.2,0.09,12.6,-20.55259,-48.45619
2024/02/12 17:11:00,NPP-375,Brasil,SÃO PAULO,BARRETOS,Cerrado,4,0.2,0.09,7.1,-20.54863,-48.45711
2024/02/12 17:11:00,NPP-375,Brasil,SÃO PAULO,BARRETOS,Cerrado,4,0.2,0.09,7.1,-20.54467,-48.45802
2024/02/12 17:11:00,NPP-375,Brasil,SÃO PAULO,BARRETOS,Cerrado,4,0.21,0.09,7.5,-20.54362,-48.4524
2024/02/12 17:11:00,NPP-375,Brasil,SÃO PAULO,BARRETOS,Cerrado,4,0.25,0.09,11.6,-20.53965,-48.45328
2024/02/12 17:11:00,NPP-375,Brasil,SÃO PAULO,BARRETOS,Cerrado,4,0.38,0.09,7.6,-20.51738,-48.44959
2024/02/12 17:11:00,NPP-375,Brasil,SÃO PAULO,BARRETOS,Cerrado,4,0.4,0.1,14.8,-20.5014,-48.45263
2024/02/12 17:11:00,NPP-375,Brasil,SÃO PAULO,BARRETOS,Cerrado,4,0.4,0.1,8.2,-20.4974,-48.45338
2024/02/13 16:26:00,NOAA-21,Brasil,SÃO PAULO,BARRETOS,Cerrado,4,0.78,0.25,3.5,-20.4253,-48.64201
2024/02/13 16:26:00,NOAA-21,Brasil,SÃO PAULO,BARRETOS,Mata Atlântica,4,1.63,0.15,8.7,-20.50815,-48.86044
2024/02/13 16:26:00,NOAA-21,Brasil,SÃO PAULO,BARRETOS,Mata Atlântica,3,2.66,0.12,13.7,-20.61573,-48.82498
2024/02/13 16:26:00,NOAA-21,Brasil,SÃO PAULO,BARRETOS,Mata Atlântica,3,1.63,0.15,9.2,-20.50762,-48.85598
2024/02/13 16:54:00,NPP-375,Brasil,SÃO PAULO,BARRETOS,Cerrado,4,2.05,0.15,6.4,-20.53277,-48.50271
2024/02/26 17:17:00,AQUA_M-T,Brasil,SÃO PAULO,BARRETOS,Mata Atlântica,0,3.77,0.04,9.5,-20.53191,-48.78241
2024/02/27 17:32:00,NPP-375,Brasil,SÃO PAULO,BARRETOS,Cerrado,0,0.18,0.13,6.1,-20.43966,-48.79288
2024/02/27 17:32:00,NPP-375,Brasil,SÃO PAULO,BARRETOS,Cerrado,0,0.19,0.13,5.0,-20.43849,-48.79175
2024/02/27 17:32:00,NPP-375,Brasil,SÃO PAULO,BARRETOS,Mata Atlântica,0,0.2,0.12,5.7,-20.4444,-48.79372
2024/02/27 17:32:00,NPP-375,Brasil,SÃO PAULO,BARRETOS,Cerrado,0,0.18,0.13,6.1,-20.43966,-48.79289
2024/02/28 16:22:00,NOAA-20,Brasil,SÃO PAULO,BARRETOS,Cerrado,4,0.0,0.45,7.6,-20.51981,-48.44602
2024/02/28 17:11:00,NPP-375,Brasil,SÃO PAULO,BARRETOS,Cerrado,4,0.0,0.41,10.0,-20.54737,-48.38877
2024/02/28 17:11:00,NPP-375,Brasil,SÃO PAULO,BARRETOS,Cerrado,3,0.0,0.47,17.4,-20.50058,-48.44958
2024/02/28 17:11:00,NPP-375,Brasil,SÃO PAULO,BARRETOS,Cerrado,4,0.0,0.41,12.0,-20.54811,-48.38616
2024/02/28 17:11:00,NPP-375,Brasil,SÃO PAULO,BARRETOS,Cerrado,4,0.0,0.4,12.9,-20.5521,-48.38538
2024/03/01 16:34:00,NPP-375,Brasil,SÃO PAULO,BARRETOS,Cerrado,5,8.51,0.07,12.8,-20.5513,-48.38823
2024/03/01 16:34:00,NPP-375,Brasil,SÃO PAULO,BARRETOS,Cerrado,5,8.62,0.07,5.2,-20.55067,-48.38328
2024/03/04 17:09:00,AQUA_M-T,Brasil,SÃO PAULO,BARRETOS,Cerrado,2,0.1,0.48,14.4,-20.55435,-48.39381
2024/03/04 17:17:00,NPP-375,Brasil,SÃO PAULO,BARRETOS,Cerrado,2,0.0,0.49,7.7,-20.54757,-48.45867
2024/03/04 17:17:00,NPP-375,Brasil,SÃO PAULO,BARRETOS,Cerrado,2,0.0,0.49,7.6,-20.54697,-48.45942
2024/03/04 17:17:00,NPP-375,Brasil,SÃO PAULO,BARRETOS,Cerrado,2,0.0,0.5,7.7,-20.5467,-48.45406
2024/03/04 17:17:00,NPP-375,Brasil,SÃO PAULO,BARRETOS,Cerrado,2,0.0,0.5,7.6,-20.54606,-48.45481
2024/03/04 17:17:00,NPP-375,Brasil,SÃO PAULO,BARRETOS,Cerrado,2,0.0,0.49,6.2,-20.54323,-48.45973
2024/03/04 17:17:00,NPP-375,Brasil,SÃO PAULO,BARRETOS,Cerrado,2,0.0,0.49,4.8,-20.54263,-48.46046
2024/03/04 17:17:00,NPP-375,Brasil,SÃO PAULO,BARRETOS,Cerrado,2,0.0,0.5,6.2,-20.54235,-48.4551
2024/03/04 17:17:00,NPP-375,Brasil,SÃO PAULO,BARRETOS,Cerrado,2,0.0,0.5,4.8,-20.54172,-48.45584
2024/03/04 17:17:00,NPP-375,Brasil,SÃO PAULO,BARRETOS,Cerrado,2,0.0,0.5,8.3,-20.54079,-48.45119
2024/03/04 17:17:00,NPP-375,Brasil,SÃO PAULO,BARRETOS,Cerrado,2,0.0,0.54,11.6,-20.43808,-48.50289
2024/03/04 17:17:00,NPP-375,Brasil,SÃO PAULO,BARRETOS,Cerrado,2,0.1,0.47,8.9,-20.55113,-48.38783
2024/03/06 16:41:00,NPP-375,Brasil,SÃO PAULO,BARRETOS,Cerrado,2,5.56,0.05,9.0,-20.62521,-48.52502
2024/03/06 16:41:00,NPP-375,Brasil,SÃO PAULO,BARRETOS,Cerrado,2,1.87,0.33,10.2,-20.34657,-48.49949
2024/03/12 16:28:00,NPP-375,Brasil,SÃO PAULO,BARRETOS,Cerrado,2,0.0,0.02,14.5,-20.4241,-48.84235
2024/03/12 17:17:00,NOAA-20,Brasil,SÃO PAULO,BARRETOS,Cerrado,2,0.0,0.02,10.3,-20.3555,-48.65625
2024/03/12 17:17:00,NOAA-20,Brasil,SÃO PAULO,BARRETOS,Cerrado,2,0.0,0.02,12.1,-20.42218,-48.84254
2024/03/12 17:17:00,NOAA-20,Brasil,SÃO PAULO,BARRETOS,Mata Atlântica,2,0.0,0.01,8.9,-20.62312,-48.82224
2024/03/13 17:00:00,NOAA-20,Brasil,SÃO PAULO,BARRETOS,Cerrado,3,0.0,0.07,7.4,-20.41836,-48.84285
2024/03/14 17:28:00,AQUA_M-T,Brasil,SÃO PAULO,BARRETOS,Cerrado,4,0.0,0.25,7.7,-20.42865,-48.8432
2024/03/15 13:06:00,TERRA_M-T,Brasil,SÃO PAULO,BARRETOS,Mata Atlântica,5,0.2,0.31,9.4,-20.53873,-48.77445
2024/03/15 17:11:00,NPP-375,Brasil,SÃO PAULO,BARRETOS,Cerrado,2,0.0,0.7,8.8,-20.34931,-48.57363
2024/03/16 04:23:00,NPP-375D,Brasil,SÃO PAULO,BARRETOS,Cerrado,5,0.05,-999.0,0.6,-20.52171,-48.56432
2024/03/16 17:11:00,AQUA_M-T,Brasil,SÃO PAULO,BARRETOS,Mata Atlântica,6,0.13,0.2,25.0,-20.61806,-48.82683
2024/03/18 17:05:00,NOAA-20,Brasil,SÃO PAULO,BARRETOS,Cerrado,4,4.19,0.24,5.1,-20.40127,-48.57739
2024/03/19 16:45:00,NOAA-20,Brasil,SÃO PAULO,BARRETOS,Cerrado,2,4.32,0.18,3.8,-20.46654,-48.46231
2024/03/19 16:45:00,NOAA-20,Brasil,SÃO PAULO,BARRETOS,Cerrado,2,4.19,0.19,3.8,-20.4699,-48.46176
2024/03/19 16:45:00,NOAA-20,Brasil,SÃO PAULO,BARRETOS,Cerrado,1,2.69,0.27,10.0,-20.50353,-48.45623
2024/03/19 16:45:00,NOAA-20,Brasil,SÃO PAULO,BARRETOS,Cerrado,0,0.33,0.46,6.9,-20.5503,-48.38697
2024/03/19 16:45:00,NOAA-20,Brasil,SÃO PAULO,BARRETOS,Cerrado,0,0.34,0.46,6.9,-20.55084,-48.39074
2024/04/04 03:51:00,NOAA-20,Brasil,SÃO PAULO,BARRETOS,Cerrado,2,0.0,0.05,1.3,-20.43891,-48.70695
2024/04/13 00:39:06,METOP-C,Brasil,SÃO PAULO,BARRETOS,Cerrado,1,0.5,0.28,,-20.347999572753906,-48.607601165771484
2024/04/13 00:39:06,METOP-C,Brasil,SÃO PAULO,BARRETOS,Cerrado,1,0.46,0.29,,-20.349899291992188,-48.61750030517578
2024/04/27 16:39:00,NOAA-21,Brasil,SÃO PAULO,BARRETOS,Cerrado,12,0.0,1.0,5.2,-20.50761,-48.60024
2024/05/01 16:16:00,NOAA-20,Brasil,SÃO PAULO,BARRETOS,Cerrado,16,0.0,-999.0,2.0,-20.52962,-48.56209
2024/05/02 16:45:00,NOAA-21,Brasil,SÃO PAULO,BARRETOS,Cerrado,17,0.0,1.0,4.5,-20.42467,-48.51761
2024/05/02 17:11:00,NPP-375,Brasil,SÃO PAULO,BARRETOS,Mata Atlântica,17,0.0,1.0,44.8,-20.60768,-48.7541
2024/05/02 17:11:00,NPP-375,Brasil,SÃO PAULO,BARRETOS,Mata Atlântica,17,0.0,1.0,49.1,-20.60374,-48.75494
2024/05/07 04:21:00,NOAA-21,Brasil,SÃO PAULO,BARRETOS,Cerrado,22,0.0,1.0,0.3,-20.51807,-48.5588
2024/05/08 16:35:00,NOAA-21,Brasil,SÃO PAULO,BARRETOS,Cerrado,23,0.0,1.0,8.1,-20.55363,-48.6114
2024/05/08 16:35:00,NOAA-21,Brasil,SÃO PAULO,BARRETOS,Cerrado,23,0.0,1.0,11.2,-20.5512,-48.60878
2024/05/09 17:07:00,NOAA-20,Brasil,SÃO PAULO,BARRETOS,Mata Atlântica,24,0.0,1.0,1.7,-20.60143,-48.72382
2024/05/09 17:07:00,NOAA-20,Brasil,SÃO PAULO,BARRETOS,Cerrado,24,0.0,1.0,9.2,-20.60129,-48.72267
2024/05/14 04:17:00,NPP-375D,Brasil,SÃO PAULO,BARRETOS,Cerrado,29,0.0,1.0,0.4,-20.51889,-48.55818
2024/05/15 05:14:00,NOAA-21,Brasil,SÃO PAULO,BARRETOS,Cerrado,30,0.0,1.0,2.1,-20.5194,-48.5595
2024/05/17 16:16:00,NOAA-20,Brasil,SÃO PAULO,BARRETOS,Mata Atlântica,32,0.0,0.93,6.4,-20.50884,-48.75687
2024/05/17 16:16:00,NOAA-20,Brasil,SÃO PAULO,BARRETOS,Mata Atlântica,32,0.0,0.87,14.3,-20.5085,-48.75344
2024/05/17 16:16:00,NOAA-20,Brasil,SÃO PAULO,BARRETOS,Mata Atlântica,32,0.0,0.95,5.2,-20.50776,-48.7569
2024/05/17 16:16:00,NOAA-20,Brasil,SÃO PAULO,BARRETOS,Mata Atlântica,32,0.0,0.91,10.2,-20.50741,-48.75348
2024/05/17 16:16:00,NOAA-20,Brasil,SÃO PAULO,BARRETOS,Mata Atlântica,32,0.0,0.82,18.2,-20.51405,-48.75638
2024/05/17 16:16:00,NOAA-20,Brasil,SÃO PAULO,BARRETOS,Mata Atlântica,32,0.0,0.65,15.5,-20.51372,-48.75298
2024/05/17 16:16:00,NOAA-20,Brasil,SÃO PAULO,BARRETOS,Mata Atlântica,32,0.0,0.53,15.5,-20.51339,-48.74955
2024/05/17 17:02:00,AQUA_M-T,Brasil,SÃO PAULO,BARRETOS,Mata Atlântica,32,0.0,0.79,31.1,-20.52086,-48.75112
2024/05/17 17:02:00,AQUA_M-T,Brasil,SÃO PAULO,BARRETOS,Mata Atlântica,32,0.0,0.91,36.1,-20.52136,-48.75577
2024/05/17 17:05:00,NOAA-21,Brasil,SÃO PAULO,BARRETOS,Mata Atlântica,32,0.0,0.82,16.2,-20.50827,-48.75019
2024/05/17 17:05:00,NOAA-21,Brasil,SÃO PAULO,BARRETOS,Mata Atlântica,32,0.0,0.62,16.2,-20.51183,-48.74947
2024/05/17 17:05:00,NOAA-21,Brasil,SÃO PAULO,BARRETOS,Mata Atlântica,32,0.0,0.88,16.2,-20.509,-48.75447
2024/05/17 17:32:00,NPP-375,Brasil,SÃO PAULO,BARRETOS,Mata Atlântica,32,0.0,0.88,5.5,-20.50991,-48.75562
2024/05/17 17:32:00,NPP-375,Brasil,SÃO PAULO,BARRETOS,Mata Atlântica,32,0.0,0.82,5.5,-20.50921,-48.75227
2024/05/20 17:00:00,NOAA-20,Brasil,SÃO PAULO,BARRETOS,Cerrado,35,0.0,1.0,3.3,-20.42595,-48.57422
2024/05/21 01:34:00,TERRA_M-M,Brasil,SÃO PAULO,BARRETOS,Cerrado,36,0.0,1.0,10.1,-20.44389,-48.6859
2024/05/21 03:47:00,NPP-375D,Brasil,SÃO PAULO,BARRETOS,Cerrado,36,0.0,1.0,4.9,-20.43842,-48.68547
2024/05/21 03:47:00,NPP-375D,Brasil,SÃO PAULO,BARRETOS,Cerrado,36,0.0,1.0,4.6,-20.43785,-48.68575
2024/05/21 03:47:00,NPP-375D,Brasil,SÃO PAULO,BARRETOS,Cerrado,36,0.0,1.0,4.6,-20.43864,-48.68205
2024/05/21 03:47:00,NPP-375D,Brasil,SÃO PAULO,BARRETOS,Cerrado,36,0.0,1.0,4.3,-20.44463,-48.6832
2024/05/21 03:47:00,NPP-375D,Brasil,SÃO PAULO,BARRETOS,Cerrado,36,0.0,1.0,4.6,-20.44403,-48.68348
2024/05/21 03:47:00,NPP-375D,Brasil,SÃO PAULO,BARRETOS,Cerrado,36,0.0,1.0,4.4,-20.44382,-48.68684
2024/05/21 03:47:00,NPP-375D,Brasil,SÃO PAULO,BARRETOS,Cerrado,36,0.0,1.0,4.6,-20.44325,-48.68713
2024/05/21 03:47:00,NPP-375D,Brasil,SÃO PAULO,BARRETOS,Cerrado,36,0.0,1.0,4.4,-20.443,-48.69053
2024/05/21 03:47:00,NPP-375D,Brasil,SÃO PAULO,BARRETOS,Cerrado,36,0.0,1.0,4.6,-20.44245,-48.69084
2024/05/21 03:47:00,NPP-375D,Brasil,SÃO PAULO,BARRETOS,Cerrado,36,0.0,1.0,4.4,-20.43924,-48.68179
2024/05/21 04:12:00,NOAA-20,Brasil,SÃO PAULO,BARRETOS,Cerrado,36,0.0,1.0,3.7,-20.4387,-48.68364
2024/05/21 04:12:00,NOAA-20,Brasil,SÃO PAULO,BARRETOS,Cerrado,36,0.0,1.0,4.5,-20.44316,-48.67986
2024/05/21 04:12:00,NOAA-20,Brasil,SÃO PAULO,BARRETOS,Cerrado,36,0.0,1.0,5.6,-20.44235,-48.68439
2024/05/21 04:12:00,NOAA-20,Brasil,SÃO PAULO,BARRETOS,Cerrado,36,0.0,1.0,5.6,-20.44153,-48.68895
2024/05/21 04:12:00,NOAA-20,Brasil,SÃO PAULO,BARRETOS,Cerrado,36,0.0,1.0,2.8,-20.43951,-48.67909
2024/05/21 04:59:00,NOAA-21,Brasil,SÃO PAULO,BARRETOS,Cerrado,36,0.0,1.0,3.7,-20.44051,-48.68871
2024/05/21 04:59:00,NOAA-21,Brasil,SÃO PAULO,BARRETOS,Cerrado,35,0.0,1.0,3.8,-20.44146,-48.67945
2024/05/21 04:59:00,NOAA-21,Brasil,SÃO PAULO,BARRETOS,Cerrado,36,0.0,1.0,3.8,-20.44114,-48.68256
2024/05/21 04:59:00,NOAA-21,Brasil,SÃO PAULO,BARRETOS,Cerrado,36,0.0,1.0,3.7,-20.44082,-48.68564
2024/05/22 03:28:00,NPP-375D,Brasil,SÃO PAULO,BARRETOS,Cerrado,37,0.0,1.0,2.0,-20.44185,-48.68217
2024/05/22 03:28:00,NPP-375D,Brasil,SÃO PAULO,BARRETOS,Cerrado,37,0.0,1.0,3.1,-20.44,-48.68949
2024/05/22 03:28:00,NPP-375D,Brasil,SÃO PAULO,BARRETOS,Cerrado,37,0.0,1.0,2.0,-20.44883,-48.68431
2024/05/22 03:28:00,NPP-375D,Brasil,SÃO PAULO,BARRETOS,Cerrado,37,0.0,1.0,3.1,-20.44705,-48.69138
2024/05/22 03:28:00,NPP-375D,Brasil,SÃO PAULO,BARRETOS,Cerrado,37,0.0,1.0,6.2,-20.4451,-48.68929
2024/05/22 03:51:00,NOAA-20,Brasil,SÃO PAULO,BARRETOS,Cerrado,37,0.0,1.0,3.7,-20.51696,-48.55634
2024/05/22 03:51:00,NOAA-20,Brasil,SÃO PAULO,BARRETOS,Cerrado,37,0.0,1.0,3.0,-20.44283,-48.6801
2024/05/22 03:51:00,NOAA-20,Brasil,SÃO PAULO,BARRETOS,Cerrado,37,0.0,1.0,9.1,-20.44165,-48.6858
2024/05/22 04:42:00,NOAA-21,Brasil,SÃO PAULO,BARRETOS,Cerrado,37,0.0,1.0,2.1,-20.44733,-48.68506
2024/05/22 04:42:00,NOAA-21,Brasil,SÃO PAULO,BARRETOS,Cerrado,37,0.0,1.0,6.1,-20.44551,-48.68684
2024/05/22 04:42:00,NOAA-21,Brasil,SÃO PAULO,BARRETOS,Cerrado,37,0.0,1.0,3.9,-20.44361,-48.68451
2024/05/22 04:42:00,NOAA-21,Brasil,SÃO PAULO,BARRETOS,Cerrado,37,0.0,1.0,1.3,-20.44243,-48.68154
2024/05/22 04:59:00,AQUA_M-M,Brasil,SÃO PAULO,BARRETOS,Cerrado,37,0.0,1.0,6.8,-20.44538,-48.68528
2024/05/22 05:08:00,NPP-375D,Brasil,SÃO PAULO,BARRETOS,Cerrado,37,0.0,1.0,1.6,-20.44394,-48.68343
2024/05/22 05:08:00,NPP-375D,Brasil,SÃO PAULO,BARRETOS,Cerrado,37,0.0,1.0,1.6,-20.44355,-48.68752
2024/05/23 04:21:00,NOAA-21,Brasil,SÃO PAULO,BARRETOS,Cerrado,38,0.0,1.0,2.0,-20.51845,-48.55733
2024/05/23 16:52:00,NOAA-21,Brasil,SÃO PAULO,BARRETOS,Cerrado,38,0.0,1.0,73.5,-20.4254,-48.57647
2024/05/23 16:52:00,NOAA-21,Brasil,SÃO PAULO,BARRETOS,Cerrado,38,0.0,1.0,73.5,-20.42871,-48.5759
2024/05/23 17:17:00,NPP-375,Brasil,SÃO PAULO,BARRETOS,Cerrado,38,0.0,1.0,4.4,-20.43402,-48.57379
2024/05/23 17:17:00,NPP-375,Brasil,SÃO PAULO,BARRETOS,Cerrado,38,0.0,1.0,23.3,-20.42964,-48.5747
2024/05/23 17:43:00,NOAA-20,Brasil,SÃO PAULO,BARRETOS,Cerrado,37,0.0,1.0,7.0,-20.43949,-48.5687
2024/05/23 17:43:00,NOAA-20,Brasil,SÃO PAULO,BARRETOS,Cerrado,38,0.0,1.0,21.2,-20.43432,-48.57559
2024/05/23 17:43:00,NOAA-20,Brasil,SÃO PAULO,BARRETOS,Cerrado,38,0.0,1.0,29.3,-20.43304,-48.57021
2024/05/23 17:49:00,AQUA_M-T,Brasil,SÃO PAULO,BARRETOS,Cerrado,38,0.0,1.0,12.9,-20.42503,-48.5671
2024/05/23 17:49:00,AQUA_M-T,Brasil,SÃO PAULO,BARRETOS,Cerrado,38,0.0,1.0,62.5,-20.43732,-48.5777
2024/05/23 17:49:00,AQUA_M-T,Brasil,SÃO PAULO,BARRETOS,Cerrado,38,0.0,1.0,24.7,-20.43524,-48.5652
2024/05/23 17:49:00,AQUA_M-T,Brasil,SÃO PAULO,BARRETOS,Cerrado,38,0.0,1.0,52.0,-20.42714,-48.57964
2024/05/30 03:51:00,NOAA-21,Brasil,SÃO PAULO,BARRETOS,Cerrado,45,0.0,-999.0,1.9,-20.51055,-48.56581
2024/05/30 04:44:00,NOAA-20,Brasil,SÃO PAULO,BARRETOS,Cerrado,44,0.0,-999.0,1.3,-20.51098,-48.56931
2024/06/01 16:35:00,NOAA-20,Brasil,SÃO PAULO,BARRETOS,Cerrado,47,0.0,1.0,33.9,-20.52848,-48.68162
2024/06/05 04:29:00,NOAA-20,Brasil,SÃO PAULO,BARRETOS,Cerrado,51,0.0,1.0,0.4,-20.44099,-48.68606
2024/06/06 04:12:00,NOAA-20,Brasil,SÃO PAULO,BARRETOS,Cerrado,52,0.0,1.0,0.9,-20.44402,-48.68513
2024/06/08 16:52:00,NOAA-21,Brasil,SÃO PAULO,BARRETOS,Mata Atlântica,54,0.0,1.0,9.8,-20.51376,-48.77046
2024/06/08 16:52:00,NOAA-21,Brasil,SÃO PAULO,BARRETOS,Mata Atlântica,54,0.0,1.0,16.9,-20.51157,-48.77839
2024/06/08 16:52:00,NOAA-21,Brasil,SÃO PAULO,BARRETOS,Mata Atlântica,54,0.0,1.0,16.9,-20.51101,-48.77471
2024/06/08 16:52:00,NOAA-21,Brasil,SÃO PAULO,BARRETOS,Mata Atlântica,54,0.0,0.99,6.7,-20.51545,-48.78149
2024/06/08 16:52:00,NOAA-21,Brasil,SÃO PAULO,BARRETOS,Mata Atlântica,54,0.0,1.0,16.9,-20.51488,-48.77781
2024/06/08 16:52:00,NOAA-21,Brasil,SÃO PAULO,BARRETOS,Mata Atlântica,54,0.0,1.0,16.9,-20.51432,-48.77414
2024/06/08 16:52:00,NOAA-21,Brasil,SÃO PAULO,BARRETOS,Mata Atlântica,54,0.0,0.97,2.4,-20.51763,-48.77356
2024/06/08 17:17:00,NPP-375,Brasil,SÃO PAULO,BARRETOS,Mata Atlântica,54,0.0,0.98,3.1,-20.51619,-48.77644
2024/06/09 16:35:00,NOAA-21,Brasil,SÃO PAULO,BARRETOS,Cerrado,55,0.0,1.0,3.7,-20.49602,-48.56363
2024/06/10 04:10:00,NPP-375D,Brasil,SÃO PAULO,BARRETOS,Cerrado,55,0.0,-999.0,0.7,-20.57136,-48.53514
2024/06/10 04:10:00,NPP-375D,Brasil,SÃO PAULO,BARRETOS,Cerrado,55,0.0,1.0,0.7,-20.56768,-48.53437
2024/06/10 04:36:00,NOAA-20,Brasil,SÃO PAULO,BARRETOS,Cerrado,55,0.0,1.0,0.5,-20.56722,-48.53431
2024/06/13 04:29:00,NOAA-21,Brasil,SÃO PAULO,BARRETOS,Cerrado,59,0.0,1.0,0.8,-20.51892,-48.55676
2024/06/14 17:03:26,MSG-03,Brasil,SÃO PAULO,BARRETOS,Cerrado,60,0.0,1.0,,-20.67,-48.58
2024/06/17 04:53:00,NOAA-21,Brasil,SÃO PAULO,BARRETOS,Cerrado,63,0.0,-999.0,1.2,-20.5148,-48.56805
2024/06/18 04:36:00,NOAA-21,Brasil,SÃO PAULO,BARRETOS,Cerrado,64,0.0,-999.0,0.7,-20.57654,-48.56174
2024/06/21 00:57:19,METOP-B,Brasil,SÃO PAULO,BARRETOS,Cerrado,37,0.0,1.0,,-21.174944146924556,-48.60984311208429
2024/06/21 16:35:00,NPP-375,Brasil,SÃO PAULO,BARRETOS,Mata Atlântica,67,0.0,1.0,3.9,-20.50027,-48.7906
2024/06/27 16:45:00,NOAA-20,Brasil,SÃO PAULO,BARRETOS,Cerrado,73,0.0,1.0,20.3,-20.52682,-48.64746
2024/07/04 03:47:00,NOAA-20,Brasil,SÃO PAULO,BARRETOS,Cerrado,80,0.0,1.0,0.7,-20.51605,-48.56
2024/07/04 03:47:00,NOAA-20,Brasil,SÃO PAULO,BARRETOS,Cerrado,80,0.0,1.0,0.6,-20.51684,-48.55634
2024/07/04 16:13:00,NOAA-20,Brasil,SÃO PAULO,BARRETOS,Cerrado,79,0.0,-999.0,5.7,-20.58417,-48.52723
2024/07/04 16:13:00,NOAA-20,Brasil,SÃO PAULO,BARRETOS,Cerrado,79,0.0,1.0,6.9,-20.58383,-48.52378
2024/07/04 16:13:00,NOAA-20,Brasil,SÃO PAULO,BARRETOS,Cerrado,79,0.0,-999.0,6.7,-20.58382,-48.52711
2024/07/04 16:13:00,NOAA-20,Brasil,SÃO PAULO,BARRETOS,Cerrado,79,0.0,1.0,5.9,-20.58346,-48.52366
2024/07/05 04:42:00,NPP-375D,Brasil,SÃO PAULO,BARRETOS,Cerrado,81,0.0,1.0,1.0,-20.45956,-48.55558
2024/07/05 04:42:00,NPP-375D,Brasil,SÃO PAULO,BARRETOS,Cerrado,81,0.0,1.0,2.8,-20.4565,-48.5577
2024/07/05 04:42:00,NPP-375D,Brasil,SÃO PAULO,BARRETOS,Cerrado,81,0.0,1.0,1.0,-20.45577,-48.55501
2024/07/05 04:42:00,NPP-375D,Brasil,SÃO PAULO,BARRETOS,Cerrado,81,0.0,1.0,1.0,-20.45513,-48.55991
2024/07/05 04:42:00,NPP-375D,Brasil,SÃO PAULO,BARRETOS,Cerrado,81,0.0,1.0,1.3,-20.45205,-48.56202
2024/07/05 04:42:00,NPP-375D,Brasil,SÃO PAULO,BARRETOS,Cerrado,81,0.0,1.0,0.7,-20.45134,-48.55933
2024/07/11 16:35:00,NOAA-21,Brasil,SÃO PAULO,BARRETOS,Cerrado,87,0.0,1.0,5.5,-20.48366,-48.55825
2024/07/13 15:56:00,NOAA-21,Brasil,SÃO PAULO,BARRETOS,Cerrado,89,0.0,1.0,16.3,-20.43375,-48.777
2024/07/13 15:56:00,NOAA-21,Brasil,SÃO PAULO,BARRETOS,Cerrado,89,0.0,1.0,16.3,-20.4343,-48.78412
2024/07/13 16:45:00,NOAA-20,Brasil,SÃO PAULO,BARRETOS,Cerrado,89,0.0,1.0,20.9,-20.43488,-48.78067
2024/07/13 16:45:00,NOAA-20,Brasil,SÃO PAULO,BARRETOS,Cerrado,89,0.0,1.0,34.3,-20.43433,-48.77682
2024/07/13 16:45:00,NOAA-20,Brasil,SÃO PAULO,BARRETOS,Cerrado,89,0.0,1.0,72.3,-20.43936,-48.78783
2024/07/13 16:45:00,NOAA-20,Brasil,SÃO PAULO,BARRETOS,Cerrado,89,0.0,1.0,20.9,-20.43827,-48.78013
2024/07/13 16:45:00,NOAA-20,Brasil,SÃO PAULO,BARRETOS,Cerrado,89,0.0,1.0,20.9,-20.43881,-48.78398
2024/07/13 16:45:00,NOAA-20,Brasil,SÃO PAULO,BARRETOS,Cerrado,89,0.0,1.0,34.3,-20.43772,-48.77629
2024/07/13 16:45:00,NOAA-20,Brasil,SÃO PAULO,BARRETOS,Cerrado,89,0.0,1.0,20.9,-20.43542,-48.78451
2024/07/13 17:37:00,NOAA-21,Brasil,SÃO PAULO,BARRETOS,Cerrado,88,0.0,1.0,14.5,-20.43361,-48.78734
2024/07/13 17:37:00,NOAA-21,Brasil,SÃO PAULO,BARRETOS,Cerrado,89,0.0,1.0,20.8,-20.43929,-48.78577
2024/07/13 17:37:00,NOAA-21,Brasil,SÃO PAULO,BARRETOS,Cerrado,89,0.0,1.0,35.2,-20.43835,-48.78155
2024/07/13 17:37:00,NOAA-21,Brasil,SÃO PAULO,BARRETOS,Cerrado,89,0.0,1.0,35.2,-20.4374,-48.77733
2024/07/13 17:37:00,NOAA-21,Brasil,SÃO PAULO,BARRETOS,Cerrado,89,0.0,1.0,52.5,-20.43646,-48.77311
2024/07/13 17:37:00,NOAA-21,Brasil,SÃO PAULO,BARRETOS,Cerrado,89,0.0,1.0,11.6,-20.43266,-48.78314
2024/07/13 18:04:00,AQUA_M-T,Brasil,SÃO PAULO,BARRETOS,Cerrado,89,0.0,1.0,31.6,-20.42509,-48.78954
2024/07/14 04:49:00,NOAA-21,Brasil,SÃO PAULO,BARRETOS,Cerrado,90,0.0,1.0,1.1,-20.43624,-48.77837
2024/07/15 17:00:00,NOAA-21,Brasil,SÃO PAULO,BARRETOS,Mata Atlântica,91,0.0,1.0,2.8,-20.61165,-48.75222
2024/07/16 16:39:00,NOAA-21,Brasil,SÃO PAULO,BARRETOS,Mata Atlântica,92,0.0,0.98,16.4,-20.49164,-48.74374
2024/07/16 17:30:00,NOAA-20,Brasil,SÃO PAULO,BARRETOS,Mata Atlântica,92,0.0,0.98,4.1,-20.49116,-48.74312
2024/07/16 17:30:00,NOAA-20,Brasil,SÃO PAULO,BARRETOS,Mata Atlântica,92,0.0,0.99,3.7,-20.49224,-48.74463
2024/07/18 06:07:00,GOES-16,Brasil,SÃO PAULO,BARRETOS,Cerrado,94,0.0,1.0,60.8,-20.396,-48.7172
2024/07/18 06:57:00,GOES-16,Brasil,SÃO PAULO,BARRETOS,Cerrado,94,0.0,1.0,52.0,-20.4164,-48.7126
2024/07/18 07:07:00,GOES-16,Brasil,SÃO PAULO,BARRETOS,Cerrado,94,0.0,1.0,142.4,-20.396,-48.7172
2024/07/18 07:07:00,GOES-16,Brasil,SÃO PAULO,BARRETOS,Cerrado,94,0.0,1.0,78.1,-20.4164,-48.7126
2024/07/18 07:17:00,GOES-16,Brasil,SÃO PAULO,BARRETOS,Cerrado,94,0.0,1.0,50.5,-20.3953,-48.7403
2024/07/18 07:17:00,GOES-16,Brasil,SÃO PAULO,BARRETOS,Cerrado,94,0.0,1.0,86.5,-20.4164,-48.7126
2024/07/18 07:17:00,GOES-16,Brasil,SÃO PAULO,BARRETOS,Cerrado,94,0.0,1.0,155.1,-20.396,-48.7172
2024/07/18 07:27:00,GOES-16,Brasil,SÃO PAULO,BARRETOS,Cerrado,94,0.0,1.0,93.5,-20.4164,-48.7126
2024/07/18 07:27:00,GOES-16,Brasil,SÃO PAULO,BARRETOS,Cerrado,94,0.0,1.0,70.3,-20.396,-48.7172
2024/07/18 07:37:00,GOES-16,Brasil,SÃO PAULO,BARRETOS,Cerrado,94,0.0,1.0,65.3,-20.3953,-48.7403
2024/07/18 07:37:00,GOES-16,Brasil,SÃO PAULO,BARRETOS,Cerrado,94,0.0,1.0,63.6,-20.4164,-48.7126
2024/07/18 07:37:00,GOES-16,Brasil,SÃO PAULO,BARRETOS,Cerrado,94,0.0,1.0,118.6,-20.396,-48.7172
2024/07/18 07:47:00,GOES-16,Brasil,SÃO PAULO,BARRETOS,Cerrado,94,0.0,1.0,69.2,-20.4158,-48.7358
2024/07/18 07:47:00,GOES-16,Brasil,SÃO PAULO,BARRETOS,Cerrado,94,0.0,1.0,58.0,-20.3953,-48.7403
2024/07/18 07:47:00,GOES-16,Brasil,SÃO PAULO,BARRETOS,Cerrado,94,0.0,1.0,124.7,-20.4164,-48.7126
2024/07/18 07:47:00,GOES-16,Brasil,SÃO PAULO,BARRETOS,Cerrado,94,0.0,1.0,104.7,-20.396,-48.7172
2024/07/18 07:57:00,GOES-16,Brasil,SÃO PAULO,BARRETOS,Cerrado,94,0.0,1.0,72.0,-20.3953,-48.7403
2024/07/18 07:57:00,GOES-16,Brasil,SÃO PAULO,BARRETOS,Cerrado,94,0.0,1.0,128.7,-20.4164,-48.7126
2024/07/18 07:57:00,GOES-16,Brasil,SÃO PAULO,BARRETOS,Cerrado,94,0.0,1.0,59.0,-20.4158,-48.7358
2024/07/18 07:57:00,GOES-16,Brasil,SÃO PAULO,BARRETOS,Cerrado,94,0.0,1.0,143.0,-20.396,-48.7172
2024/07/18 08:07:00,GOES-16,Brasil,SÃO PAULO,BARRETOS,Cerrado,94,0.0,1.0,127.6,-20.3953,-48.7403
2024/07/18 08:07:00,GOES-16,Brasil,SÃO PAULO,BARRETOS,Cerrado,94,0.0,1.0,229.9,-20.4164,-48.7126
2024/07/18 08:07:00,GOES-16,Brasil,SÃO PAULO,BARRETOS,Cerrado,94,0.0,1.0,137.7,-20.4158,-48.7358
2024/07/18 08:07:00,GOES-16,Brasil,SÃO PAULO,BARRETOS,Cerrado,94,0.0,1.0,243.2,-20.396,-48.7172
2024/07/18 08:17:00,GOES-16,Brasil,SÃO PAULO,BARRETOS,Cerrado,94,0.0,1.0,67.6,-20.4158,-48.7358
2024/07/18 08:17:00,GOES-16,Brasil,SÃO PAULO,BARRETOS,Cerrado,94,0.0,1.0,257.5,-20.396,-48.7172
2024/07/18 08:17:00,GOES-16,Brasil,SÃO PAULO,BARRETOS,Cerrado,94,0.0,1.0,141.7,-20.3953,-48.7403
2024/07/18 08:17:00,GOES-16,Brasil,SÃO PAULO,BARRETOS,Cerrado,94,0.0,1.0,127.3,-20.4164,-48.7126
2024/07/18 08:27:00,GOES-16,Brasil,SÃO PAULO,BARRETOS,Cerrado,94,0.0,1.0,141.5,-20.3953,-48.7403
2024/07/18 08:27:00,GOES-16,Brasil,SÃO PAULO,BARRETOS,Cerrado,94,0.0,1.0,105.1,-20.4164,-48.7126
2024/07/18 08:27:00,GOES-16,Brasil,SÃO PAULO,BARRETOS,Cerrado,94,0.0,1.0,68.6,-20.4158,-48.7358
2024/07/18 08:27:00,GOES-16,Brasil,SÃO PAULO,BARRETOS,Cerrado,94,0.0,1.0,299.0,-20.396,-48.7172
2024/07/18 08:37:00,GOES-16,Brasil,SÃO PAULO,BARRETOS,Cerrado,94,0.0,1.0,125.1,-20.3953,-48.7403
2024/07/18 08:37:00,GOES-16,Brasil,SÃO PAULO,BARRETOS,Cerrado,94,0.0,1.0,253.7,-20.396,-48.7172
2024/07/18 08:37:00,GOES-16,Brasil,SÃO PAULO,BARRETOS,Cerrado,94,0.0,1.0,84.2,-20.4164,-48.7126
2024/07/18 08:47:00,GOES-16,Brasil,SÃO PAULO,BARRETOS,Cerrado,94,0.0,1.0,157.7,-20.3953,-48.7403
2024/07/18 08:47:00,GOES-16,Brasil,SÃO PAULO,BARRETOS,Cerrado,94,0.0,1.0,228.8,-20.396,-48.7172
2024/07/18 08:47:00,GOES-16,Brasil,SÃO PAULO,BARRETOS,Cerrado,94,0.0,1.0,61.7,-20.4158,-48.7358
2024/07/18 08:47:00,GOES-16,Brasil,SÃO PAULO,BARRETOS,Cerrado,94,0.0,1.0,83.8,-20.4164,-48.7126
2024/07/18 08:57:00,GOES-16,Brasil,SÃO PAULO,BARRETOS,Cerrado,94,0.0,1.0,70.4,-20.4164,-48.7126
2024/07/18 08:57:00,GOES-16,Brasil,SÃO PAULO,BARRETOS,Cerrado,94,0.0,1.0,251.1,-20.396,-48.7172
2024/07/18 08:57:00,GOES-16,Brasil,SÃO PAULO,BARRETOS,Cerrado,94,0.0,1.0,193.3,-20.3953,-48.7403
2024/07/18 08:57:00,GOES-16,Brasil,SÃO PAULO,BARRETOS,Cerrado,94,0.0,1.0,62.1,-20.4158,-48.7358
2024/07/18 09:07:00,GOES-16,Brasil,SÃO PAULO,BARRETOS,Cerrado,94,0.0,1.0,186.2,-20.396,-48.7172
2024/07/18 09:07:00,GOES-16,Brasil,SÃO PAULO,BARRETOS,Cerrado,94,0.0,1.0,62.1,-20.4164,-48.7126
2024/07/18 09:07:00,GOES-16,Brasil,SÃO PAULO,BARRETOS,Cerrado,94,0.0,1.0,58.4,-20.4158,-48.7358
2024/07/18 09:07:00,GOES-16,Brasil,SÃO PAULO,BARRETOS,Cerrado,94,0.0,1.0,140.0,-20.3953,-48.7403
2024/07/18 09:17:00,GOES-16,Brasil,SÃO PAULO,BARRETOS,Cerrado,94,0.0,1.0,77.3,-20.396,-48.7172
2024/07/18 16:03:00,NOAA-21,Brasil,SÃO PAULO,BARRETOS,Cerrado,94,0.0,1.0,27.2,-20.40124,-48.72534
2024/07/18 16:03:00,NOAA-21,Brasil,SÃO PAULO,BARRETOS,Cerrado,94,0.0,1.0,21.9,-20.39706,-48.72722
2024/07/18 16:28:00,NPP-375,Brasil,SÃO PAULO,BARRETOS,Cerrado,94,0.0,1.0,7.5,-20.39316,-48.72739
2024/07/18 16:28:00,NPP-375,Brasil,SÃO PAULO,BARRETOS,Cerrado,94,0.0,1.0,7.5,-20.39265,-48.72313
2024/07/18 16:52:00,NOAA-20,Brasil,SÃO PAULO,BARRETOS,Cerrado,94,0.0,1.0,68.8,-20.39375,-48.72171
2024/07/18 17:43:00,NOAA-21,Brasil,SÃO PAULO,BARRETOS,Cerrado,94,0.0,1.0,8.2,-20.39396,-48.72502
2024/07/18 17:43:00,NOAA-21,Brasil,SÃO PAULO,BARRETOS,Cerrado,94,0.0,1.0,10.0,-20.39115,-48.72323
2024/07/24 21:46:59,GOES-16,Brasil,SÃO PAULO,BARRETOS,Mata Atlântica,100,0.0,1.0,93.2,-20.5176,-48.7361
2024/07/24 21:46:59,GOES-16,Brasil,SÃO PAULO,BARRETOS,Mata Atlântica,100,0.0,1.0,51.9,-20.4971,-48.7407
2024/07/24 21:46:59,GOES-16,Brasil,SÃO PAULO,BARRETOS,Cerrado,100,0.0,1.0,71.7,-20.5182,-48.713
2024/07/24 21:56:59,GOES-16,Brasil,SÃO PAULO,BARRETOS,Mata Atlântica,100,0.0,1.0,53.5,-20.5176,-48.7361
2024/07/25 17:11:00,NOAA-21,Brasil,SÃO PAULO,BARRETOS,Cerrado,101,0.0,1.0,18.8,-20.5137,-48.58784
2024/07/25 17:11:00,NOAA-21,Brasil,SÃO PAULO,BARRETOS,Cerrado,101,0.0,1.0,19.5,-20.51265,-48.58664
2024/07/26 04:23:00,NOAA-21,Brasil,SÃO PAULO,BARRETOS,Cerrado,101,0.0,-999.0,1.2,-20.58528,-48.55079
2024/07/26 16:01:00,NOAA-20,Brasil,SÃO PAULO,BARRETOS,Cerrado,102,0.0,1.0,5.8,-20.52639,-48.6961
2024/07/26 16:54:00,NOAA-21,Brasil,SÃO PAULO,BARRETOS,Cerrado,102,0.0,1.0,7.0,-20.52292,-48.69646
2024/07/29 16:45:00,NOAA-20,Brasil,SÃO PAULO,BARRETOS,Cerrado,105,0.1,1.0,34.2,-20.45435,-48.56506
2024/07/29 16:45:00,NOAA-20,Brasil,SÃO PAULO,BARRETOS,Cerrado,105,0.1,1.0,24.5,-20.44872,-48.57377
2024/07/29 16:45:00,NOAA-20,Brasil,SÃO PAULO,BARRETOS,Cerrado,105,0.1,1.0,24.5,-20.44817,-48.56996
2024/07/29 16:45:00,NOAA-20,Brasil,SÃO PAULO,BARRETOS,Cerrado,105,0.1,1.0,56.3,-20.44763,-48.56617
2024/07/29 16:45:00,NOAA-20,Brasil,SÃO PAULO,BARRETOS,Cerrado,105,0.1,1.0,56.3,-20.45045,-48.56182
2024/07/29 16:45:00,NOAA-20,Brasil,SÃO PAULO,BARRETOS,Cerrado,105,0.1,1.0,23.1,-20.45326,-48.55748
2024/07/29 16:45:00,NOAA-20,Brasil,SÃO PAULO,BARRETOS,Cerrado,105,0.1,1.0,34.2,-20.45381,-48.56126
2024/07/29 16:45:00,NOAA-20,Brasil,SÃO PAULO,BARRETOS,Cerrado,105,0.1,1.0,56.3,-20.44708,-48.56237
2024/07/29 16:45:00,NOAA-20,Brasil,SÃO PAULO,BARRETOS,Cerrado,105,0.1,1.0,34.2,-20.45717,-48.56073
2024/07/29 17:37:00,NOAA-21,Brasil,SÃO PAULO,BARRETOS,Cerrado,105,0.1,1.0,49.0,-20.44891,-48.55988
2024/07/29 17:37:00,NOAA-21,Brasil,SÃO PAULO,BARRETOS,Cerrado,105,0.1,1.0,10.1,-20.44506,-48.56986
2024/07/29 17:37:00,NOAA-21,Brasil,SÃO PAULO,BARRETOS,Cerrado,105,0.1,1.0,20.1,-20.44489,-48.56475
2024/07/29 17:37:00,NOAA-21,Brasil,SÃO PAULO,BARRETOS,Cerrado,105,0.1,1.0,10.1,-20.44408,-48.56556
2024/07/29 17:37:00,NOAA-21,Brasil,SÃO PAULO,BARRETOS,Cerrado,105,0.1,1.0,41.2,-20.44393,-48.5604
2024/07/29 17:37:00,NOAA-21,Brasil,SÃO PAULO,BARRETOS,Cerrado,105,0.1,1.0,12.6,-20.44309,-48.56123
2024/07/29 17:37:00,NOAA-21,Brasil,SÃO PAULO,BARRETOS,Cerrado,105,0.1,1.0,20.1,-20.44584,-48.56907
2024/07/30 16:28:00,NOAA-20,Brasil,SÃO PAULO,BARRETOS,Mata Atlântica,36,0.0,1.0,56.2,-20.47278,-48.84911
2024/07/30 16:28:00,NOAA-20,Brasil,SÃO PAULO,BARRETOS,Mata Atlântica,32,0.0,1.0,56.2,-20.46847,-48.8497
2024/07/30 16:28:00,NOAA-20,Brasil,SÃO PAULO,BARRETOS,Mata Atlântica,28,0.0,1.0,41.2,-20.46416,-48.85029
2024/07/30 16:28:00,NOAA-20,Brasil,SÃO PAULO,BARRETOS,Mata Atlântica,38,0.0,1.0,106.6,-20.47326,-48.85337
2024/07/30 18:06:00,AQUA_M-T,Brasil,SÃO PAULO,BARRETOS,Mata Atlântica,33,0.0,1.0,20.5,-20.4702,-48.84994
2024/07/30 18:06:00,AQUA_M-T,Brasil,SÃO PAULO,BARRETOS,Mata Atlântica,50,0.0,1.0,17.3,-20.47392,-48.87025
2024/07/30 18:06:00,AQUA_M-T,Brasil,SÃO PAULO,BARRETOS,Mata Atlântica,46,0.0,1.0,20.1,-20.47298,-48.86533
2024/07/30 18:06:00,AQUA_M-T,Brasil,SÃO PAULO,BARRETOS,Mata Atlântica,43,0.0,1.0,510.8,-20.46134,-48.87288
2024/07/30 18:06:00,AQUA_M-T,Brasil,SÃO PAULO,BARRETOS,Mata Atlântica,24,0.0,1.0,262.1,-20.45757,-48.85248
2024/07/31 04:29:00,NOAA-21,Brasil,SÃO PAULO,BARRETOS,Cerrado,107,0.0,1.0,1.1,-20.51718,-48.55937
2024/07/31 22:26:59,GOES-16,Brasil,SÃO PAULO,BARRETOS,Mata Atlântica,87,0.0,1.0,70.4,-20.4555,-48.7729
2024/07/31 22:36:59,GOES-16,Brasil,SÃO PAULO,BARRETOS,Mata Atlântica,67,0.0,1.0,91.0,-20.4549,-48.796
2024/07/31 22:36:59,GOES-16,Brasil,SÃO PAULO,BARRETOS,Mata Atlântica,87,0.0,1.0,143.5,-20.4555,-48.7729
2024/07/31 22:46:59,GOES-16,Brasil,SÃO PAULO,BARRETOS,Mata Atlântica,87,0.0,1.0,108.2,-20.4555,-48.7729
2024/07/31 22:56:59,GOES-16,Brasil,SÃO PAULO,BARRETOS,Mata Atlântica,87,0.0,1.0,81.0,-20.4555,-48.7729
2024/07/31 23:06:59,GOES-16,Brasil,SÃO PAULO,BARRETOS,Mata Atlântica,87,0.0,1.0,64.7,-20.4555,-48.7729
2024/07/31 23:36:59,GOES-16,Brasil,SÃO PAULO,BARRETOS,Mata Atlântica,67,0.0,1.0,140.6,-20.4549,-48.796
2024/07/31 23:36:59,GOES-16,Brasil,SÃO PAULO,BARRETOS,Mata Atlântica,87,0.0,1.0,117.7,-20.4555,-48.7729
2024/08/01 00:11:01,METOP-B,Brasil,SÃO PAULO,BARRETOS,Cerrado,104,0.0,1.0,,-20.450199127197266,-48.753700256347656
2024/08/01 00:11:01,METOP-B,Brasil,SÃO PAULO,BARRETOS,Mata Atlântica,90,0.0,1.0,,-20.463300704956055,-48.772300720214844
2024/08/01 00:11:01,METOP-B,Brasil,SÃO PAULO,BARRETOS,Cerrado,106,0.0,1.0,,-20.45989990234375,-48.75189971923828
2024/08/01 00:11:01,METOP-B,Brasil,SÃO PAULO,BARRETOS,Cerrado,108,0.0,1.0,,-20.456600189208984,-48.73160171508789
2024/08/01 00:11:01,METOP-B,Brasil,SÃO PAULO,BARRETOS,Mata Atlântica,107,0.0,1.0,,-20.46969985961914,-48.750099182128906
2024/08/01 00:11:01,METOP-B,Brasil,SÃO PAULO,BARRETOS,Mata Atlântica,93,0.0,1.0,,-20.472999572753906,-48.77050018310547
2024/08/01 00:11:01,METOP-B,Brasil,SÃO PAULO,BARRETOS,Mata Atlântica,87,0.0,1.0,,-20.45359992980957,-48.77410125732422
2024/08/01 00:11:01,METOP-B,Brasil,SÃO PAULO,BARRETOS,Mata Atlântica,75,0.0,1.0,,-20.466699600219727,-48.79280090332031
2024/08/01 00:16:59,GOES-16,Brasil,SÃO PAULO,BARRETOS,Mata Atlântica,68,0.0,1.0,331.5,-20.4549,-48.796
2024/08/01 00:16:59,GOES-16,Brasil,SÃO PAULO,BARRETOS,Mata Atlântica,88,0.0,1.0,114.8,-20.4555,-48.7729
2024/08/01 00:16:59,GOES-16,Brasil,SÃO PAULO,BARRETOS,Mata Atlântica,79,0.0,1.0,100.8,-20.4753,-48.7915
2024/08/01 00:16:59,GOES-16,Brasil,SÃO PAULO,BARRETOS,Mata Atlântica,48,0.0,1.0,121.0,-20.4542,-48.8191
2024/08/01 00:26:59,GOES-16,Brasil,SÃO PAULO,BARRETOS,Mata Atlântica,79,0.0,1.0,61.8,-20.4753,-48.7915
2024/08/01 00:26:59,GOES-16,Brasil,SÃO PAULO,BARRETOS,Mata Atlântica,68,0.0,1.0,85.5,-20.4549,-48.796
2024/08/01 00:36:59,GOES-16,Brasil,SÃO PAULO,BARRETOS,Mata Atlântica,68,0.0,1.0,96.3,-20.4549,-48.796
2024/08/01 00:36:59,GOES-16,Brasil,SÃO PAULO,BARRETOS,Mata Atlântica,79,0.0,1.0,94.1,-20.4753,-48.7915
2024/08/01 00:46:59,GOES-16,Brasil,SÃO PAULO,BARRETOS,Mata Atlântica,68,0.0,1.0,87.7,-20.4549,-48.796
2024/08/01 00:46:59,GOES-16,Brasil,SÃO PAULO,BARRETOS,Mata Atlântica,79,0.0,1.0,86.6,-20.4753,-48.7915
2024/08/01 00:52:00,TERRA_M-M,Brasil,SÃO PAULO,BARRETOS,Cerrado,72,0.0,1.0,10.6,-20.44458,-48.79074
2024/08/01 00:52:00,TERRA_M-M,Brasil,SÃO PAULO,BARRETOS,Mata Atlântica,49,0.0,1.0,25.1,-20.45944,-48.82141
2024/08/01 00:52:00,TERRA_M-M,Brasil,SÃO PAULO,BARRETOS,Mata Atlântica,61,0.0,1.0,88.3,-20.45769,-48.80536
2024/08/01 00:52:00,TERRA_M-M,Brasil,SÃO PAULO,BARRETOS,Mata Atlântica,74,0.0,1.0,43.3,-20.45592,-48.78922
2024/08/01 00:52:00,TERRA_M-M,Brasil,SÃO PAULO,BARRETOS,Mata Atlântica,67,0.0,1.0,17.6,-20.44605,-48.79632
2024/08/01 00:52:00,TERRA_M-M,Brasil,SÃO PAULO,BARRETOS,Cerrado,81,0.0,1.0,11.4,-20.44419,-48.78035
2024/08/01 00:56:59,GOES-16,Brasil,SÃO PAULO,BARRETOS,Mata Atlântica,68,0.0,1.0,50.6,-20.4549,-48.796
2024/08/01 01:04:27,METOP-C,Brasil,SÃO PAULO,BARRETOS,Mata Atlântica,61,0.0,1.0,,-20.46660041809082,-48.8119010925293
2024/08/01 01:04:27,METOP-C,Brasil,SÃO PAULO,BARRETOS,Mata Atlântica,65,0.0,1.0,,-20.45330047607422,-48.799198150634766
2024/08/01 01:04:27,METOP-C,Brasil,SÃO PAULO,BARRETOS,Mata Atlântica,72,0.0,1.0,,-20.451499938964844,-48.791500091552734
2024/08/01 01:04:27,METOP-C,Brasil,SÃO PAULO,BARRETOS,Mata Atlântica,78,0.0,1.0,,-20.449800491333008,-48.78390121459961
2024/08/01 01:04:27,METOP-C,Brasil,SÃO PAULO,BARRETOS,Mata Atlântica,85,0.0,1.0,,-20.447999954223633,-48.77629852294922
2024/08/01 01:04:27,METOP-C,Brasil,SÃO PAULO,BARRETOS,Mata Atlântica,65,0.0,1.0,,-20.464799880981445,-48.804298400878906
2024/08/01 01:04:27,METOP-C,Brasil,SÃO PAULO,BARRETOS,Mata Atlântica,82,0.0,1.0,,-20.4596004486084,-48.78139877319336
2024/08/01 01:04:27,METOP-C,Brasil,SÃO PAULO,BARRETOS,Mata Atlântica,76,0.0,1.0,,-20.461299896240234,-48.78900146484375
2024/08/01 01:04:27,METOP-C,Brasil,SÃO PAULO,BARRETOS,Mata Atlântica,71,0.0,1.0,,-20.46310043334961,-48.79669952392578
2024/08/01 01:04:27,METOP-C,Brasil,SÃO PAULO,BARRETOS,Mata Atlântica,53,0.0,1.0,,-20.45680046081543,-48.81439971923828
2024/08/01 01:04:27,METOP-C,Brasil,SÃO PAULO,BARRETOS,Mata Atlântica,58,0.0,1.0,,-20.454999923706055,-48.806800842285156
2024/08/01 01:16:59,GOES-16,Brasil,SÃO PAULO,BARRETOS,Mata Atlântica,68,0.0,1.0,104.8,-20.4549,-48.796
2024/08/01 01:16:59,GOES-16,Brasil,SÃO PAULO,BARRETOS,Mata Atlântica,48,0.0,1.0,164.0,-20.4542,-48.8191
2024/08/01 01:16:59,GOES-16,Brasil,SÃO PAULO,BARRETOS,Mata Atlântica,63,0.0,1.0,210.7,-20.4747,-48.8146
2024/08/01 01:16:59,GOES-16,Brasil,SÃO PAULO,BARRETOS,Mata Atlântica,79,0.0,1.0,130.5,-20.4753,-48.7915
2024/08/01 01:26:59,GOES-16,Brasil,SÃO PAULO,BARRETOS,Mata Atlântica,88,0.0,1.0,49.1,-20.4555,-48.7729
2024/08/01 01:26:59,GOES-16,Brasil,SÃO PAULO,BARRETOS,Mata Atlântica,79,0.0,1.0,219.3,-20.4753,-48.7915
2024/08/01 01:26:59,GOES-16,Brasil,SÃO PAULO,BARRETOS,Mata Atlântica,63,0.0,1.0,421.2,-20.4747,-48.8146
2024/08/01 01:26:59,GOES-16,Brasil,SÃO PAULO,BARRETOS,Mata Atlântica,47,0.0,1.0,56.0,-20.4741,-48.8377
2024/08/01 01:26:59,GOES-16,Brasil,SÃO PAULO,BARRETOS,Mata Atlântica,68,0.0,1.0,163.2,-20.4549,-48.796
2024/08/01 01:26:59,GOES-16,Brasil,SÃO PAULO,BARRETOS,Mata Atlântica,48,0.0,1.0,176.7,-20.4542,-48.8191
2024/08/01 01:36:59,GOES-16,Brasil,SÃO PAULO,BARRETOS,Mata Atlântica,68,0.0,1.0,148.9,-20.4549,-48.796
2024/08/01 01:36:59,GOES-16,Brasil,SÃO PAULO,BARRETOS,Mata Atlântica,48,0.0,1.0,215.9,-20.4542,-48.8191
2024/08/01 01:36:59,GOES-16,Brasil,SÃO PAULO,BARRETOS,Mata Atlântica,63,0.0,1.0,328.5,-20.4747,-48.8146
2024/08/01 01:36:59,GOES-16,Brasil,SÃO PAULO,BARRETOS,Mata Atlântica,79,0.0,1.0,167.0,-20.4753,-48.7915
2024/08/01 01:36:59,GOES-16,Brasil,SÃO PAULO,BARRETOS,Mata Atlântica,47,0.0,1.0,61.8,-20.4741,-48.8377
2024/08/01 01:46:59,GOES-16,Brasil,SÃO PAULO,BARRETOS,Mata Atlântica,79,0.0,1.0,96.3,-20.4753,-48.7915
2024/08/01 01:46:59,GOES-16,Brasil,SÃO PAULO,BARRETOS,Mata Atlântica,48,0.0,1.0,194.2,-20.4542,-48.8191
2024/08/01 01:46:59,GOES-16,Brasil,SÃO PAULO,BARRETOS,Mata Atlântica,68,0.0,1.0,127.1,-20.4549,-48.796
2024/08/01 01:46:59,GOES-16,Brasil,SÃO PAULO,BARRETOS,Mata Atlântica,63,0.0,1.0,166.9,-20.4747,-48.8146
2024/08/01 01:56:59,GOES-16,Brasil,SÃO PAULO,BARRETOS,Mata Atlântica,68,0.0,1.0,79.1,-20.4549,-48.796
2024/08/01 01:56:59,GOES-16,Brasil,SÃO PAULO,BARRETOS,Mata Atlântica,48,0.0,1.0,78.1,-20.4542,-48.8191
2024/08/01 01:56:59,GOES-16,Brasil,SÃO PAULO,BARRETOS,Mata Atlântica,63,0.0,1.0,117.6,-20.4747,-48.8146
2024/08/01 01:56:59,GOES-16,Brasil,SÃO PAULO,BARRETOS,Mata Atlântica,79,0.0,1.0,99.6,-20.4753,-48.7915
2024/08/01 02:03:27,MSG-03,Brasil,SÃO PAULO,BARRETOS,Mata Atlântica,35,0.0,1.0,,-20.47,-48.85
2024/08/01 02:06:59,GOES-16,Brasil,SÃO PAULO,BARRETOS,Mata Atlântica,68,0.0,1.0,82.9,-20.4549,-48.796
2024/08/01 02:06:59,GOES-16,Brasil,SÃO PAULO,BARRETOS,Mata Atlântica,48,0.0,1.0,115.2,-20.4542,-48.8191
2024/08/01 02:06:59,GOES-16,Brasil,SÃO PAULO,BARRETOS,Mata Atlântica,79,0.0,1.0,193.2,-20.4753,-48.7915
2024/08/01 02:06:59,GOES-16,Brasil,SÃO PAULO,BARRETOS,Mata Atlântica,63,0.0,1.0,363.7,-20.4747,-48.8146
2024/08/01 02:06:59,GOES-16,Brasil,SÃO PAULO,BARRETOS,Mata Atlântica,47,0.0,1.0,83.5,-20.4741,-48.8377
2024/08/01 02:16:59,GOES-16,Brasil,SÃO PAULO,BARRETOS,Mata Atlântica,68,0.0,1.0,132.9,-20.4549,-48.796
2024/08/01 02:16:59,GOES-16,Brasil,SÃO PAULO,BARRETOS,Mata Atlântica,48,0.0,1.0,197.4,-20.4542,-48.8191
2024/08/01 02:16:59,GOES-16,Brasil,SÃO PAULO,BARRETOS,Mata Atlântica,79,0.0,1.0,273.8,-20.4753,-48.7915
2024/08/01 02:16:59,GOES-16,Brasil,SÃO PAULO,BARRETOS,Mata Atlântica,63,0.0,1.0,482.4,-20.4747,-48.8146
2024/08/01 02:16:59,GOES-16,Brasil,SÃO PAULO,BARRETOS,Mata Atlântica,47,0.0,1.0,82.3,-20.4741,-48.8377
2024/08/01 02:26:59,GOES-16,Brasil,SÃO PAULO,BARRETOS,Mata Atlântica,48,0.0,1.0,136.0,-20.4542,-48.8191
2024/08/01 02:26:59,GOES-16,Brasil,SÃO PAULO,BARRETOS,Mata Atlântica,79,0.0,1.0,102.3,-20.4753,-48.7915
2024/08/01 02:26:59,GOES-16,Brasil,SÃO PAULO,BARRETOS,Mata Atlântica,63,0.0,1.0,137.8,-20.4747,-48.8146
2024/08/01 02:26:59,GOES-16,Brasil,SÃO PAULO,BARRETOS,Mata Atlântica,68,0.0,1.0,97.4,-20.4549,-48.796
2024/08/01 02:36:59,GOES-16,Brasil,SÃO PAULO,BARRETOS,Mata Atlântica,63,0.0,1.0,108.0,-20.4747,-48.8146
2024/08/01 02:36:59,GOES-16,Brasil,SÃO PAULO,BARRETOS,Mata Atlântica,48,0.0,1.0,120.0,-20.4542,-48.8191
2024/08/01 02:36:59,GOES-16,Brasil,SÃO PAULO,BARRETOS,Mata Atlântica,79,0.0,1.0,81.3,-20.4753,-48.7915
2024/08/01 02:36:59,GOES-16,Brasil,SÃO PAULO,BARRETOS,Mata Atlântica,68,0.0,1.0,81.9,-20.4549,-48.796
2024/08/01 02:46:59,GOES-16,Brasil,SÃO PAULO,BARRETOS,Mata Atlântica,63,0.0,1.0,123.6,-20.4747,-48.8146
2024/08/01 02:46:59,GOES-16,Brasil,SÃO PAULO,BARRETOS,Mata Atlântica,48,0.0,1.0,99.3,-20.4542,-48.8191
2024/08/01 02:46:59,GOES-16,Brasil,SÃO PAULO,BARRETOS,Mata Atlântica,79,0.0,1.0,246.8,-20.4753,-48.7915
2024/08/01 02:46:59,GOES-16,Brasil,SÃO PAULO,BARRETOS,Mata Atlântica,68,0.0,1.0,147.7,-20.4549,-48.796
2024/08/01 02:56:59,GOES-16,Brasil,SÃO PAULO,BARRETOS,Mata Atlântica,63,0.0,1.0,67.5,-20.4747,-48.8146
2024/08/01 02:56:59,GOES-16,Brasil,SÃO PAULO,BARRETOS,Mata Atlântica,68,0.0,1.0,78.7,-20.4549,-48.796
2024/08/01 02:56:59,GOES-16,Brasil,SÃO PAULO,BARRETOS,Mata Atlântica,79,0.0,1.0,78.2,-20.4753,-48.7915
2024/08/01 03:36:59,GOES-16,Brasil,SÃO PAULO,BARRETOS,Mata Atlântica,68,0.0,1.0,99.8,-20.4549,-48.796
2024/08/01 03:36:59,GOES-16,Brasil,SÃO PAULO,BARRETOS,Mata Atlântica,79,0.0,1.0,96.9,-20.4753,-48.7915
2024/08/01 04:12:00,NOAA-21,Brasil,SÃO PAULO,BARRETOS,Mata Atlântica,69,0.0,1.0,4.2,-20.46142,-48.7975
2024/08/01 04:12:00,NOAA-21,Brasil,SÃO PAULO,BARRETOS,Mata Atlântica,49,0.0,1.0,6.0,-20.46089,-48.82196
2024/08/01 04:12:00,NOAA-21,Brasil,SÃO PAULO,BARRETOS,Mata Atlântica,45,0.0,-999.0,6.0,-20.46004,-48.82672
2024/08/01 04:12:00,NOAA-21,Brasil,SÃO PAULO,BARRETOS,Mata Atlântica,61,0.0,1.0,5.5,-20.45972,-48.80703
2024/08/01 04:12:00,NOAA-21,Brasil,SÃO PAULO,BARRETOS,Mata Atlântica,73,0.0,1.0,4.2,-20.45856,-48.79202
2024/08/01 04:12:00,NOAA-21,Brasil,SÃO PAULO,BARRETOS,Mata Atlântica,52,0.0,1.0,9.5,-20.45802,-48.81649
2024/08/01 04:12:00,NOAA-21,Brasil,SÃO PAULO,BARRETOS,Mata Atlântica,76,0.0,1.0,2.7,-20.45571,-48.78656
2024/08/01 04:12:00,NOAA-21,Brasil,SÃO PAULO,BARRETOS,Mata Atlântica,85,0.0,1.0,1.4,-20.44999,-48.77571
2024/08/01 04:12:00,NOAA-21,Brasil,SÃO PAULO,BARRETOS,Mata Atlântica,81,0.0,1.0,4.2,-20.44914,-48.78041
2024/08/01 04:12:00,NOAA-21,Brasil,SÃO PAULO,BARRETOS,Mata Atlântica,77,0.0,1.0,4.2,-20.4483,-48.78513
2024/08/01 04:12:00,NOAA-21,Brasil,SÃO PAULO,BARRETOS,Mata Atlântica,73,0.0,1.0,3.6,-20.44745,-48.78984
2024/08/01 04:12:00,NOAA-21,Brasil,SÃO PAULO,BARRETOS,Mata Atlântica,47,0.0,1.0,2.9,-20.45718,-48.82122
2024/08/01 04:12:00,NOAA-21,Brasil,SÃO PAULO,BARRETOS,Mata Atlântica,66,0.0,1.0,1.8,-20.47453,-48.81002
2024/08/01 04:12:00,NOAA-21,Brasil,SÃO PAULO,BARRETOS,Mata Atlântica,57,0.0,1.0,1.7,-20.46914,-48.81875
2024/08/01 04:12:00,NOAA-21,Brasil,SÃO PAULO,BARRETOS,Mata Atlântica,53,0.0,1.0,2.1,-20.4683,-48.82347
2024/08/01 04:12:00,NOAA-21,Brasil,SÃO PAULO,BARRETOS,Mata Atlântica,55,0.0,1.0,1.7,-20.46544,-48.81797
2024/08/01 04:12:00,NOAA-21,Brasil,SÃO PAULO,BARRETOS,Mata Atlântica,51,0.0,1.0,6.0,-20.46459,-48.82271
2024/08/01 04:12:00,NOAA-21,Brasil,SÃO PAULO,BARRETOS,Mata Atlântica,73,0.0,1.0,4.2,-20.46227,-48.79274
2024/08/01 04:12:00,NOAA-21,Brasil,SÃO PAULO,BARRETOS,Mata Atlântica,62,0.0,1.0,2.4,-20.46343,-48.80775
2024/08/01 04:12:00,NOAA-21,Brasil,SÃO PAULO,BARRETOS,Mata Atlântica,54,0.0,1.0,1.7,-20.46173,-48.81721
2024/08/01 04:36:00,NPP-375D,Brasil,SÃO PAULO,BARRETOS,Mata Atlântica,47,0.0,1.0,5.8,-20.45944,-48.82384
2024/08/01 04:36:00,NPP-375D,Brasil,SÃO PAULO,BARRETOS,Mata Atlântica,70,0.0,1.0,1.5,-20.45651,-48.79417
2024/08/01 04:36:00,NPP-375D,Brasil,SÃO PAULO,BARRETOS,Mata Atlântica,66,0.0,1.0,1.2,-20.47227,-48.80921
2024/08/01 04:36:00,NPP-375D,Brasil,SÃO PAULO,BARRETOS,Mata Atlântica,45,0.0,1.0,6.8,-20.45594,-48.82328
2024/08/01 04:36:00,NPP-375D,Brasil,SÃO PAULO,BARRETOS,Mata Atlântica,56,0.0,1.0,2.6,-20.4641,-48.81627
2024/08/01 04:36:00,NPP-375D,Brasil,SÃO PAULO,BARRETOS,Mata Atlântica,43,0.0,-999.0,5.8,-20.45886,-48.82791
2024/08/01 04:36:00,NPP-375D,Brasil,SÃO PAULO,BARRETOS,Mata Atlântica,49,0.0,1.0,9.2,-20.45652,-48.8192
2024/08/01 04:36:00,NPP-375D,Brasil,SÃO PAULO,BARRETOS,Mata Atlântica,61,0.0,1.0,1.5,-20.46177,-48.80753
2024/08/01 04:36:00,NPP-375D,Brasil,SÃO PAULO,BARRETOS,Mata Atlântica,52,0.0,1.0,9.2,-20.45711,-48.81512
2024/08/01 04:36:00,NPP-375D,Brasil,SÃO PAULO,BARRETOS,Mata Atlântica,77,0.0,1.0,1.0,-20.45417,-48.78545
2024/08/01 04:36:00,NPP-375D,Brasil,SÃO PAULO,BARRETOS,Mata Atlântica,54,0.0,1.0,1.0,-20.46702,-48.82088
2024/08/01 04:36:00,NPP-375D,Brasil,SÃO PAULO,BARRETOS,Mata Atlântica,50,0.0,-999.0,1.2,-20.46643,-48.82497
2024/08/01 04:36:00,NPP-375D,Brasil,SÃO PAULO,BARRETOS,Mata Atlântica,74,0.0,1.0,1.5,-20.45709,-48.7901
2024/08/01 04:36:00,NPP-375D,Brasil,SÃO PAULO,BARRETOS,Mata Atlântica,49,0.0,1.0,5.8,-20.46294,-48.82441
2024/08/01 04:36:00,NPP-375D,Brasil,SÃO PAULO,BARRETOS,Mata Atlântica,50,0.0,1.0,2.6,-20.46002,-48.81977
2024/08/01 04:36:00,NPP-375D,Brasil,SÃO PAULO,BARRETOS,Mata Atlântica,57,0.0,1.0,1.0,-20.4676,-48.81681
2024/08/01 04:36:00,NPP-375D,Brasil,SÃO PAULO,BARRETOS,Mata Atlântica,74,0.0,1.0,6.2,-20.44659,-48.78838
2024/08/01 04:36:00,NPP-375D,Brasil,SÃO PAULO,BARRETOS,Mata Atlântica,60,0.0,1.0,5.0,-20.45827,-48.80695
2024/08/01 04:36:00,NPP-375D,Brasil,SÃO PAULO,BARRETOS,Mata Atlântica,78,0.0,1.0,4.8,-20.44717,-48.78429
2024/08/01 04:36:00,NPP-375D,Brasil,SÃO PAULO,BARRETOS,Mata Atlântica,54,0.0,1.0,2.6,-20.4606,-48.8157
2024/08/01 04:36:00,NPP-375D,Brasil,SÃO PAULO,BARRETOS,Mata Atlântica,52,0.0,1.0,2.6,-20.46352,-48.82034
2024/08/01 04:56:59,GOES-16,Brasil,SÃO PAULO,BARRETOS,Mata Atlântica,48,0.0,1.0,55.0,-20.4542,-48.8191
2024/08/01 04:59:00,NOAA-20,Brasil,SÃO PAULO,BARRETOS,Mata Atlântica,50,0.0,1.0,0.8,-20.46403,-48.82408
2024/08/01 04:59:00,NOAA-20,Brasil,SÃO PAULO,BARRETOS,Mata Atlântica,59,0.0,1.0,0.6,-20.46103,-48.81031
2024/08/01 04:59:00,NOAA-20,Brasil,SÃO PAULO,BARRETOS,Mata Atlântica,53,0.0,1.0,1.0,-20.46036,-48.81636
2024/08/01 04:59:00,NOAA-20,Brasil,SÃO PAULO,BARRETOS,Mata Atlântica,51,0.0,1.0,2.2,-20.46003,-48.81939
2024/08/01 04:59:00,NOAA-20,Brasil,SÃO PAULO,BARRETOS,Mata Atlântica,48,0.0,1.0,2.2,-20.4597,-48.82239
2024/08/01 04:59:00,NOAA-20,Brasil,SÃO PAULO,BARRETOS,Mata Atlântica,45,0.0,-999.0,9.5,-20.45938,-48.82539
2024/08/01 04:59:00,NOAA-20,Brasil,SÃO PAULO,BARRETOS,Mata Atlântica,43,0.0,-999.0,9.5,-20.45905,-48.82839
2024/08/01 04:59:00,NOAA-20,Brasil,SÃO PAULO,BARRETOS,Mata Atlântica,57,0.0,1.0,2.4,-20.456,-48.80959
2024/08/01 04:59:00,NOAA-20,Brasil,SÃO PAULO,BARRETOS,Mata Atlântica,48,0.0,1.0,7.6,-20.455,-48.81872
2024/08/01 04:59:00,NOAA-20,Brasil,SÃO PAULO,BARRETOS,Mata Atlântica,45,0.0,1.0,7.6,-20.45467,-48.82176
2024/08/01 04:59:00,NOAA-20,Brasil,SÃO PAULO,BARRETOS,Mata Atlântica,43,0.0,1.0,13.7,-20.45434,-48.82477
2024/08/01 04:59:00,NOAA-20,Brasil,SÃO PAULO,BARRETOS,Mata Atlântica,40,0.0,-999.0,13.7,-20.45401,-48.82779
2024/08/01 04:59:00,NOAA-20,Brasil,SÃO PAULO,BARRETOS,Mata Atlântica,77,0.0,1.0,0.5,-20.45357,-48.78492
2024/08/01 04:59:00,NOAA-20,Brasil,SÃO PAULO,BARRETOS,Mata Atlântica,75,0.0,1.0,2.3,-20.4482,-48.78726
2024/08/01 04:59:00,NOAA-20,Brasil,SÃO PAULO,BARRETOS,Mata Atlântica,73,0.0,1.0,2.3,-20.44787,-48.7903
2024/08/01 04:59:00,NOAA-20,Brasil,SÃO PAULO,BARRETOS,Mata Atlântica,52,0.0,1.0,0.8,-20.46434,-48.82105
2024/08/01 04:59:00,NOAA-20,Brasil,SÃO PAULO,BARRETOS,Mata Atlântica,61,0.0,1.0,0.6,-20.46136,-48.80727
2024/08/01 04:59:00,NOAA-20,Brasil,SÃO PAULO,BARRETOS,Mata Atlântica,66,0.0,1.0,0.5,-20.47145,-48.80848
2024/08/01 04:59:00,NOAA-20,Brasil,SÃO PAULO,BARRETOS,Mata Atlântica,63,0.0,1.0,0.5,-20.47111,-48.81149
2024/08/01 04:59:00,NOAA-20,Brasil,SÃO PAULO,BARRETOS,Mata Atlântica,57,0.0,1.0,0.6,-20.4697,-48.81856
2024/08/01 04:59:00,NOAA-20,Brasil,SÃO PAULO,BARRETOS,Mata Atlântica,56,0.0,1.0,1.0,-20.4654,-48.81696
2024/08/01 04:59:00,NOAA-20,Brasil,SÃO PAULO,BARRETOS,Mata Atlântica,53,0.0,1.0,2.2,-20.46507,-48.81997
2024/08/01 04:59:00,NOAA-20,Brasil,SÃO PAULO,BARRETOS,Mata Atlântica,57,0.0,1.0,0.6,-20.46496,-48.81503
2024/08/01 04:59:00,NOAA-20,Brasil,SÃO PAULO,BARRETOS,Mata Atlântica,51,0.0,1.0,2.2,-20.46474,-48.823
2024/08/01 04:59:00,NOAA-20,Brasil,SÃO PAULO,BARRETOS,Mata Atlântica,55,0.0,1.0,0.6,-20.46465,-48.81804
2024/08/01 05:42:00,AQUA_M-M,Brasil,SÃO PAULO,BARRETOS,Mata Atlântica,56,0.0,1.0,23.7,-20.45735,-48.81137
2024/08/01 16:39:00,NOAA-21,Brasil,SÃO PAULO,BARRETOS,Mata Atlântica,46,0.0,-999.0,5.5,-20.45974,-48.82494
2024/08/02 16:48:00,NPP-375,Brasil,SÃO PAULO,BARRETOS,Mata Atlântica,44,0.0,1.0,74.0,-20.47823,-48.84814
2024/08/02 16:48:00,NPP-375,Brasil,SÃO PAULO,BARRETOS,Mata Atlântica,66,0.0,1.0,6.0,-20.4974,-48.86075
2024/08/02 16:48:00,NPP-375,Brasil,SÃO PAULO,BARRETOS,Mata Atlântica,64,0.0,1.0,2.7,-20.49685,-48.8569
2024/08/02 16:48:00,NPP-375,Brasil,SÃO PAULO,BARRETOS,Mata Atlântica,68,0.0,1.0,5.9,-20.49511,-48.869
2024/08/02 16:48:00,NPP-375,Brasil,SÃO PAULO,BARRETOS,Mata Atlântica,66,0.0,1.0,13.7,-20.49456,-48.86514
2024/08/02 16:48:00,NPP-375,Brasil,SÃO PAULO,BARRETOS,Mata Atlântica,63,0.0,1.0,13.7,-20.49401,-48.86129
2024/08/02 16:48:00,NPP-375,Brasil,SÃO PAULO,BARRETOS,Mata Atlântica,61,0.0,1.0,166.3,-20.49346,-48.85744
2024/08/02 16:48:00,NPP-375,Brasil,SÃO PAULO,BARRETOS,Mata Atlântica,71,0.0,1.0,7.8,-20.49281,-48.87727
2024/08/02 16:48:00,NPP-375,Brasil,SÃO PAULO,BARRETOS,Mata Atlântica,68,0.0,1.0,5.9,-20.49226,-48.8734
2024/08/02 16:48:00,NPP-375,Brasil,SÃO PAULO,BARRETOS,Mata Atlântica,66,0.0,1.0,5.9,-20.49171,-48.86954
2024/08/02 16:48:00,NPP-375,Brasil,SÃO PAULO,BARRETOS,Mata Atlântica,63,0.0,1.0,13.7,-20.49116,-48.86569
2024/08/02 16:48:00,NPP-375,Brasil,SÃO PAULO,BARRETOS,Mata Atlântica,61,0.0,1.0,13.7,-20.49061,-48.86184
2024/08/02 16:48:00,NPP-375,Brasil,SÃO PAULO,BARRETOS,Mata Atlântica,58,0.0,1.0,166.3,-20.49006,-48.85799
2024/08/02 16:48:00,NPP-375,Brasil,SÃO PAULO,BARRETOS,Mata Atlântica,56,0.0,1.0,166.3,-20.48951,-48.85415
2024/08/02 16:48:00,NPP-375,Brasil,SÃO PAULO,BARRETOS,Mata Atlântica,69,0.0,1.0,4.8,-20.48941,-48.87782
2024/08/02 16:48:00,NPP-375,Brasil,SÃO PAULO,BARRETOS,Mata Atlântica,53,0.0,1.0,7.2,-20.48896,-48.85031
2024/08/02 16:48:00,NPP-375,Brasil,SÃO PAULO,BARRETOS,Mata Atlântica,61,0.0,1.0,15.3,-20.48776,-48.86623
2024/08/02 16:48:00,NPP-375,Brasil,SÃO PAULO,BARRETOS,Mata Atlântica,58,0.0,1.0,15.3,-20.48721,-48.86237
2024/08/02 16:48:00,NPP-375,Brasil,SÃO PAULO,BARRETOS,Mata Atlântica,56,0.0,1.0,191.6,-20.48666,-48.85854
2024/08/02 16:48:00,NPP-375,Brasil,SÃO PAULO,BARRETOS,Mata Atlântica,53,0.0,1.0,191.6,-20.48611,-48.8547
2024/08/02 16:48:00,NPP-375,Brasil,SÃO PAULO,BARRETOS,Mata Atlântica,67,0.0,1.0,4.8,-20.48601,-48.87836
2024/08/02 16:48:00,NPP-375,Brasil,SÃO PAULO,BARRETOS,Mata Atlântica,51,0.0,1.0,112.6,-20.48557,-48.85086
2024/08/02 16:48:00,NPP-375,Brasil,SÃO PAULO,BARRETOS,Mata Atlântica,64,0.0,1.0,9.4,-20.48546,-48.8745
2024/08/02 16:48:00,NPP-375,Brasil,SÃO PAULO,BARRETOS,Mata Atlântica,61,0.0,1.0,9.4,-20.48491,-48.87064
2024/08/02 16:48:00,NPP-375,Brasil,SÃO PAULO,BARRETOS,Mata Atlântica,59,0.0,1.0,15.3,-20.48436,-48.86678
2024/08/02 16:48:00,NPP-375,Brasil,SÃO PAULO,BARRETOS,Mata Atlântica,56,0.0,1.0,15.3,-20.48381,-48.86293
2024/08/02 16:48:00,NPP-375,Brasil,SÃO PAULO,BARRETOS,Mata Atlântica,53,0.0,1.0,191.6,-20.48327,-48.85909
2024/08/02 16:48:00,NPP-375,Brasil,SÃO PAULO,BARRETOS,Mata Atlântica,51,0.0,1.0,191.6,-20.48272,-48.85525
2024/08/02 16:48:00,NPP-375,Brasil,SÃO PAULO,BARRETOS,Mata Atlântica,48,0.0,1.0,112.6,-20.48217,-48.85142
2024/08/02 16:48:00,NPP-375,Brasil,SÃO PAULO,BARRETOS,Mata Atlântica,62,0.0,1.0,5.0,-20.48206,-48.87505
2024/08/02 16:48:00,NPP-375,Brasil,SÃO PAULO,BARRETOS,Mata Atlântica,59,0.0,1.0,5.0,-20.48151,-48.87119
2024/08/02 16:48:00,NPP-375,Brasil,SÃO PAULO,BARRETOS,Mata Atlântica,57,0.0,1.0,8.6,-20.48097,-48.86733
2024/08/02 16:48:00,NPP-375,Brasil,SÃO PAULO,BARRETOS,Mata Atlântica,51,0.0,1.0,41.1,-20.47987,-48.85964
2024/08/02 16:48:00,NPP-375,Brasil,SÃO PAULO,BARRETOS,Mata Atlântica,45,0.0,1.0,74.0,-20.47878,-48.85197
2024/08/02 16:48:00,NPP-375,Brasil,SÃO PAULO,BARRETOS,Mata Atlântica,60,0.0,1.0,5.0,-20.47866,-48.87559
2024/08/02 16:48:00,NPP-375,Brasil,SÃO PAULO,BARRETOS,Mata Atlântica,57,0.0,1.0,5.0,-20.47812,-48.87173
2024/08/02 16:48:00,NPP-375,Brasil,SÃO PAULO,BARRETOS,Mata Atlântica,54,0.0,1.0,8.6,-20.47757,-48.86788
2024/08/02 16:48:00,NPP-375,Brasil,SÃO PAULO,BARRETOS,Mata Atlântica,51,0.0,1.0,8.6,-20.47702,-48.86403
2024/08/02 16:48:00,NPP-375,Brasil,SÃO PAULO,BARRETOS,Mata Atlântica,48,0.0,1.0,41.1,-20.47647,-48.86019
2024/08/02 16:48:00,NPP-375,Brasil,SÃO PAULO,BARRETOS,Mata Atlântica,45,0.0,1.0,41.1,-20.47593,-48.85636
2024/08/02 16:48:00,NPP-375,Brasil,SÃO PAULO,BARRETOS,Mata Atlântica,43,0.0,1.0,74.0,-20.47538,-48.85252
2024/08/02 16:48:00,NPP-375,Brasil,SÃO PAULO,BARRETOS,Mata Atlântica,52,0.0,1.0,3.7,-20.47417,-48.86843
2024/08/02 16:48:00,NPP-375,Brasil,SÃO PAULO,BARRETOS,Mata Atlântica,49,0.0,1.0,3.7,-20.47363,-48.86459
2024/08/02 16:48:00,NPP-375,Brasil,SÃO PAULO,BARRETOS,Mata Atlântica,43,0.0,1.0,6.1,-20.47253,-48.85691
2024/08/02 16:48:00,NPP-375,Brasil,SÃO PAULO,BARRETOS,Mata Atlântica,40,0.0,1.0,3.9,-20.47198,-48.85307
2024/08/02 16:48:00,NPP-375,Brasil,SÃO PAULO,BARRETOS,Mata Atlântica,38,0.0,1.0,3.9,-20.47144,-48.84925
2024/08/02 16:48:00,NPP-375,Brasil,SÃO PAULO,BARRETOS,Mata Atlântica,40,0.0,1.0,5.8,-20.47089,-48.84541
2024/08/02 17:11:00,NOAA-20,Brasil,SÃO PAULO,BARRETOS,Mata Atlântica,68,0.0,1.0,5.8,-20.45382,-48.79652
2024/08/02 17:11:00,NOAA-20,Brasil,SÃO PAULO,BARRETOS,Mata Atlântica,61,0.0,1.0,260.9,-20.49636,-48.8529
2024/08/02 17:11:00,NOAA-20,Brasil,SÃO PAULO,BARRETOS,Mata Atlântica,68,0.0,1.0,9.6,-20.49528,-48.86917
2024/08/02 17:11:00,NOAA-20,Brasil,SÃO PAULO,BARRETOS,Mata Atlântica,65,0.0,1.0,9.6,-20.49435,-48.86402
2024/08/02 17:11:00,NOAA-20,Brasil,SÃO PAULO,BARRETOS,Mata Atlântica,62,0.0,1.0,260.9,-20.49341,-48.85886
2024/08/02 17:11:00,NOAA-20,Brasil,SÃO PAULO,BARRETOS,Mata Atlântica,58,0.0,1.0,260.9,-20.49248,-48.85367
2024/08/02 17:11:00,NOAA-20,Brasil,SÃO PAULO,BARRETOS,Mata Atlântica,62,0.0,1.0,9.3,-20.49047,-48.86481
2024/08/02 17:11:00,NOAA-20,Brasil,SÃO PAULO,BARRETOS,Mata Atlântica,55,0.0,1.0,63.0,-20.48859,-48.85445
2024/08/02 17:11:00,NOAA-20,Brasil,SÃO PAULO,BARRETOS,Mata Atlântica,56,0.0,1.0,63.0,-20.48565,-48.86044
2024/08/02 17:11:00,NOAA-20,Brasil,SÃO PAULO,BARRETOS,Mata Atlântica,53,0.0,1.0,66.3,-20.48177,-48.86119
2024/08/02 17:11:00,NOAA-20,Brasil,SÃO PAULO,BARRETOS,Mata Atlântica,49,0.0,1.0,66.3,-20.48082,-48.85598
2024/08/02 17:11:00,NOAA-20,Brasil,SÃO PAULO,BARRETOS,Mata Atlântica,42,0.0,1.0,68.3,-20.47597,-48.8515
2024/08/02 17:11:00,NOAA-20,Brasil,SÃO PAULO,BARRETOS,Mata Atlântica,67,0.0,1.0,314.1,-20.50117,-48.85727
2024/08/02 17:11:00,NOAA-20,Brasil,SÃO PAULO,BARRETOS,Mata Atlântica,64,0.0,1.0,314.1,-20.50024,-48.85211
2024/08/02 17:11:00,NOAA-20,Brasil,SÃO PAULO,BARRETOS,Mata Atlântica,70,0.0,1.0,45.9,-20.50211,-48.86242
2024/08/02 17:11:00,NOAA-20,Brasil,SÃO PAULO,BARRETOS,Mata Atlântica,71,0.0,1.0,9.6,-20.49916,-48.86835
2024/08/02 17:11:00,NOAA-20,Brasil,SÃO PAULO,BARRETOS,Mata Atlântica,68,0.0,1.0,9.6,-20.49823,-48.86322
2024/08/02 19:03:27,MSG-03,Brasil,SÃO PAULO,BARRETOS,Mata Atlântica,72,0.0,1.0,,-20.5,-48.87
2024/08/02 22:27:00,GOES-16,Brasil,SÃO PAULO,BARRETOS,Mata Atlântica,61,0.0,1.0,109.3,-20.4939,-48.8563
2024/08/02 22:27:00,GOES-16,Brasil,SÃO PAULO,BARRETOS,Mata Atlântica,72,0.0,1.0,233.2,-20.4933,-48.8794
2024/08/03 16:03:00,NOAA-21,Brasil,SÃO PAULO,BARRETOS,Mata Atlântica,59,1.16,1.0,5.2,-20.49404,-48.8491
2024/08/03 16:28:00,NPP-375,Brasil,SÃO PAULO,BARRETOS,Mata Atlântica,58,1.13,1.0,8.7,-20.49294,-48.84827
2024/08/03 16:28:00,NPP-375,Brasil,SÃO PAULO,BARRETOS,Mata Atlântica,59,1.13,1.0,8.7,-20.49345,-48.85254
2024/08/03 16:28:00,NPP-375,Brasil,SÃO PAULO,BARRETOS,Mata Atlântica,54,1.01,1.0,8.7,-20.48864,-48.84887
2024/08/03 16:52:00,NOAA-20,Brasil,SÃO PAULO,BARRETOS,Mata Atlântica,57,1.07,1.0,13.6,-20.49112,-48.8518
2024/08/03 16:52:00,NOAA-20,Brasil,SÃO PAULO,BARRETOS,Mata Atlântica,59,1.15,1.0,17.6,-20.49388,-48.84755
2024/08/03 16:52:00,NOAA-20,Brasil,SÃO PAULO,BARRETOS,Mata Atlântica,59,1.17,1.0,13.6,-20.49443,-48.85123
2024/08/03 16:52:00,NOAA-20,Brasil,SÃO PAULO,BARRETOS,Mata Atlântica,56,1.06,1.0,17.6,-20.49056,-48.84812
2024/08/03 17:34:00,AQUA_M-T,Brasil,SÃO PAULO,BARRETOS,Cerrado,110,0.54,1.0,21.6,-20.59037,-48.60382
2024/08/03 17:34:00,AQUA_M-T,Brasil,SÃO PAULO,BARRETOS,Cerrado,110,0.45,1.0,63.1,-20.5798,-48.59513
2024/08/03 17:34:00,AQUA_M-T,Brasil,SÃO PAULO,BARRETOS,Cerrado,110,0.44,1.0,98.6,-20.58899,-48.5937
2024/08/03 17:34:00,AQUA_M-T,Brasil,SÃO PAULO,BARRETOS,Cerrado,110,0.55,1.0,11.8,-20.58117,-48.60526
2024/08/04 01:13:00,TERRA_M-M,Brasil,SÃO PAULO,BARRETOS,Mata Atlântica,27,0.0,1.0,5.5,-20.47677,-48.86928
2024/08/04 04:55:00,NOAA-21,Brasil,SÃO PAULO,BARRETOS,Mata Atlântica,11,0.0,1.0,1.2,-20.49463,-48.84867
2024/08/04 16:09:00,NPP-375,Brasil,SÃO PAULO,BARRETOS,Mata Atlântica,11,0.0,1.0,11.2,-20.49766,-48.84857
2024/08/04 16:09:00,NPP-375,Brasil,SÃO PAULO,BARRETOS,Mata Atlântica,10,0.0,1.0,4.1,-20.50352,-48.84802
2024/08/04 16:35:00,NOAA-20,Brasil,SÃO PAULO,BARRETOS,Mata Atlântica,9,0.0,1.0,46.2,-20.51487,-48.85755
2024/08/04 16:35:00,NOAA-20,Brasil,SÃO PAULO,BARRETOS,Mata Atlântica,10,0.0,1.0,94.8,-20.50941,-48.84446
2024/08/04 16:35:00,NOAA-20,Brasil,SÃO PAULO,BARRETOS,Mata Atlântica,9,0.0,1.0,8.6,-20.51068,-48.85495
2024/08/04 16:35:00,NOAA-20,Brasil,SÃO PAULO,BARRETOS,Mata Atlântica,10,0.0,1.0,46.2,-20.51096,-48.85809
2024/08/04 16:35:00,NOAA-20,Brasil,SÃO PAULO,BARRETOS,Mata Atlântica,11,0.0,1.0,8.6,-20.51132,-48.86023
2024/08/04 16:35:00,NOAA-20,Brasil,SÃO PAULO,BARRETOS,Mata Atlântica,13,0.0,1.0,6.3,-20.50772,-48.86385
2024/08/04 16:35:00,NOAA-20,Brasil,SÃO PAULO,BARRETOS,Mata Atlântica,8,0.0,1.0,105.8,-20.50962,-48.84758
2024/08/04 16:35:00,NOAA-20,Brasil,SÃO PAULO,BARRETOS,Mata Atlântica,26,0.0,1.0,14.8,-20.48493,-48.87228
2024/08/04 16:35:00,NOAA-20,Brasil,SÃO PAULO,BARRETOS,Mata Atlântica,12,0.0,1.0,5.6,-20.49856,-48.85434
2024/08/04 16:35:00,NOAA-20,Brasil,SÃO PAULO,BARRETOS,Mata Atlântica,14,0.0,1.0,5.6,-20.49923,-48.85959
2024/08/04 16:35:00,NOAA-20,Brasil,SÃO PAULO,BARRETOS,Mata Atlântica,10,0.0,1.0,30.2,-20.5018,-48.84858
2024/08/04 16:35:00,NOAA-20,Brasil,SÃO PAULO,BARRETOS,Mata Atlântica,11,0.0,1.0,10.2,-20.50247,-48.85381
2024/08/04 16:35:00,NOAA-20,Brasil,SÃO PAULO,BARRETOS,Mata Atlântica,13,0.0,1.0,10.2,-20.50314,-48.85907
2024/08/04 16:35:00,NOAA-20,Brasil,SÃO PAULO,BARRETOS,Mata Atlântica,11,0.0,1.0,30.2,-20.50504,-48.84285
2024/08/04 16:35:00,NOAA-20,Brasil,SÃO PAULO,BARRETOS,Mata Atlântica,10,0.0,1.0,94.8,-20.5055,-48.84494
2024/08/04 16:35:00,NOAA-20,Brasil,SÃO PAULO,BARRETOS,Mata Atlântica,9,0.0,1.0,30.2,-20.50571,-48.84806
2024/08/04 16:35:00,NOAA-20,Brasil,SÃO PAULO,BARRETOS,Mata Atlântica,8,0.0,1.0,94.8,-20.50613,-48.85018
2024/08/04 16:35:00,NOAA-20,Brasil,SÃO PAULO,BARRETOS,Mata Atlântica,10,0.0,1.0,10.2,-20.50638,-48.8533
2024/08/04 16:35:00,NOAA-20,Brasil,SÃO PAULO,BARRETOS,Mata Atlântica,10,0.0,1.0,8.6,-20.50677,-48.85545
2024/08/04 16:35:00,NOAA-20,Brasil,SÃO PAULO,BARRETOS,Mata Atlântica,11,0.0,1.0,10.2,-20.50705,-48.85857
2024/08/04 16:35:00,NOAA-20,Brasil,SÃO PAULO,BARRETOS,Mata Atlântica,12,0.0,1.0,8.6,-20.50741,-48.86072
2024/08/04 17:26:00,NOAA-21,Brasil,SÃO PAULO,BARRETOS,Mata Atlântica,9,0.0,1.0,18.0,-20.50644,-48.84813
2024/08/04 17:26:00,NOAA-21,Brasil,SÃO PAULO,BARRETOS,Mata Atlântica,26,0.0,1.0,7.4,-20.48729,-48.87464
2024/08/04 17:49:00,NPP-375,Brasil,SÃO PAULO,BARRETOS,Mata Atlântica,9,0.0,1.0,69.4,-20.51185,-48.8434
2024/08/04 17:49:00,NPP-375,Brasil,SÃO PAULO,BARRETOS,Mata Atlântica,10,0.0,1.0,45.0,-20.50725,-48.84478
2024/08/04 17:49:00,NPP-375,Brasil,SÃO PAULO,BARRETOS,Mata Atlântica,10,0.0,1.0,69.4,-20.50508,-48.84564
2024/08/04 17:49:00,NPP-375,Brasil,SÃO PAULO,BARRETOS,Mata Atlântica,26,0.0,1.0,84.5,-20.48468,-48.87243
2024/08/04 17:49:00,NPP-375,Brasil,SÃO PAULO,BARRETOS,Mata Atlântica,27,0.0,1.0,64.4,-20.48259,-48.87301
2024/08/04 17:49:00,NPP-375,Brasil,SÃO PAULO,BARRETOS,Mata Atlântica,6,0.0,1.0,10.4,-20.52037,-48.84829
2024/08/04 17:49:00,NPP-375,Brasil,SÃO PAULO,BARRETOS,Mata Atlântica,8,0.0,1.0,45.0,-20.50885,-48.85143
2024/08/04 17:49:00,NPP-375,Brasil,SÃO PAULO,BARRETOS,Mata Atlântica,9,0.0,1.0,46.4,-20.51516,-48.85683
2024/08/04 17:49:00,NPP-375,Brasil,SÃO PAULO,BARRETOS,Mata Atlântica,7,0.0,1.0,46.4,-20.51352,-48.85014
2024/08/04 18:13:00,AQUA_M-T,Brasil,SÃO PAULO,BARRETOS,Mata Atlântica,27,0.0,1.0,246.6,-20.4772,-48.87009
2024/08/04 18:17:00,GOES-16,Brasil,SÃO PAULO,BARRETOS,Mata Atlântica,14,0.0,1.0,377.6,-20.4939,-48.8563
2024/08/04 18:27:00,GOES-16,Brasil,SÃO PAULO,BARRETOS,Mata Atlântica,39,0.0,1.0,118.2,-20.4728,-48.8839
2024/08/04 18:37:00,GOES-16,Brasil,SÃO PAULO,BARRETOS,Mata Atlântica,26,0.0,1.0,125.2,-20.4933,-48.8794
2024/08/04 18:37:00,GOES-16,Brasil,SÃO PAULO,BARRETOS,Mata Atlântica,14,0.0,1.0,100.9,-20.4939,-48.8563
2024/08/04 18:47:00,GOES-16,Brasil,SÃO PAULO,BARRETOS,Mata Atlântica,26,0.0,1.0,153.1,-20.4933,-48.8794
2024/08/04 18:47:00,GOES-16,Brasil,SÃO PAULO,BARRETOS,Mata Atlântica,14,0.0,1.0,112.4,-20.4939,-48.8563
2024/08/04 18:57:00,GOES-16,Brasil,SÃO PAULO,BARRETOS,Mata Atlântica,22,0.0,1.0,141.1,-20.4734,-48.8608
2024/08/04 18:57:00,GOES-16,Brasil,SÃO PAULO,BARRETOS,Mata Atlântica,14,0.0,1.0,318.8,-20.4939,-48.8563
2024/08/04 18:57:00,GOES-16,Brasil,SÃO PAULO,BARRETOS,Mata Atlântica,26,0.0,1.0,770.0,-20.4933,-48.8794
2024/08/04 18:57:00,GOES-16,Brasil,SÃO PAULO,BARRETOS,Mata Atlântica,39,0.0,1.0,312.6,-20.4728,-48.8839
2024/08/04 19:17:00,GOES-16,Brasil,SÃO PAULO,BARRETOS,Mata Atlântica,26,0.0,1.0,91.1,-20.4933,-48.8794
2024/08/05 00:26:59,GOES-16,Brasil,SÃO PAULO,BARRETOS,Cerrado,112,0.0,1.0,61.1,-20.3774,-48.6523
2024/08/05 00:28:44,METOP-B,Brasil,SÃO PAULO,BARRETOS,Cerrado,112,0.0,1.0,,-20.387800216674805,-48.63479995727539
2024/08/05 00:28:44,METOP-B,Brasil,SÃO PAULO,BARRETOS,Cerrado,112,0.0,1.0,,-20.385799407958984,-48.6244010925293
2024/08/05 16:13:00,NOAA-20,Brasil,SÃO PAULO,BARRETOS,Mata Atlântica,62,0.0,1.0,6.6,-20.4535,-48.80156
2024/08/05 17:05:00,NOAA-21,Brasil,SÃO PAULO,BARRETOS,Mata Atlântica,57,0.0,1.0,9.6,-20.45666,-48.80512
2024/08/05 17:05:00,NOAA-21,Brasil,SÃO PAULO,BARRETOS,Mata Atlântica,59,0.0,1.0,48.4,-20.45308,-48.80581
2024/08/05 17:05:00,NOAA-21,Brasil,SÃO PAULO,BARRETOS,Mata Atlântica,63,0.0,1.0,24.3,-20.45233,-48.80149
2024/08/05 17:17:00,AQUA_M-T,Brasil,SÃO PAULO,BARRETOS,Mata Atlântica,58,0.0,1.0,73.9,-20.45638,-48.80402
2024/08/05 17:17:00,AQUA_M-T,Brasil,SÃO PAULO,BARRETOS,Mata Atlântica,41,0.0,1.0,19.8,-20.45857,-48.82337
2024/08/05 17:32:00,NPP-375,Brasil,SÃO PAULO,BARRETOS,Mata Atlântica,55,0.0,1.0,49.0,-20.45847,-48.80661
2024/08/05 17:32:00,NPP-375,Brasil,SÃO PAULO,BARRETOS,Mata Atlântica,63,0.0,1.0,46.5,-20.44921,-48.80357
2024/08/05 17:32:00,NPP-375,Brasil,SÃO PAULO,BARRETOS,Mata Atlântica,64,0.0,1.0,51.1,-20.4517,-48.80097
2024/08/05 17:32:00,NPP-375,Brasil,SÃO PAULO,BARRETOS,Mata Atlântica,57,0.0,1.0,49.0,-20.45317,-48.80774
2024/08/05 17:32:00,NPP-375,Brasil,SÃO PAULO,BARRETOS,Cerrado,111,0.0,-999.0,17.5,-20.54906,-48.54066
2024/08/05 17:32:00,NPP-375,Brasil,SÃO PAULO,BARRETOS,Cerrado,111,0.0,-999.0,5.4,-20.54982,-48.54417
2024/08/05 17:32:00,NPP-375,Brasil,SÃO PAULO,BARRETOS,Mata Atlântica,61,0.0,1.0,44.5,-20.45448,-48.80229
2024/08/05 17:32:00,NPP-375,Brasil,SÃO PAULO,BARRETOS,Mata Atlântica,54,0.0,1.0,55.4,-20.45591,-48.80914
2024/08/05 17:32:00,NPP-375,Brasil,SÃO PAULO,BARRETOS,Mata Atlântica,58,0.0,1.0,55.4,-20.45519,-48.80567
2024/08/05 17:32:00,NPP-375,Brasil,SÃO PAULO,BARRETOS,Mata Atlântica,58,0.0,1.0,49.0,-20.45773,-48.80319
2024/08/05 17:36:59,GOES-16,Brasil,SÃO PAULO,BARRETOS,Mata Atlântica,66,0.0,1.0,172.2,-20.4549,-48.796
2024/08/05 17:46:59,GOES-16,Brasil,SÃO PAULO,BARRETOS,Mata Atlântica,66,0.0,1.0,233.2,-20.4549,-48.796
2024/08/05 18:06:59,GOES-16,Brasil,SÃO PAULO,BARRETOS,Mata Atlântica,66,0.0,1.0,99.5,-20.4549,-48.796
2024/08/05 18:26:59,GOES-16,Brasil,SÃO PAULO,BARRETOS,Mata Atlântica,66,0.0,1.0,85.8,-20.4549,-48.796
2024/08/07 16:54:00,NPP-375,Brasil,SÃO PAULO,BARRETOS,Cerrado,80,0.0,1.0,21.7,-20.67605,-48.66635
2024/08/07 16:54:00,NPP-375,Brasil,SÃO PAULO,BARRETOS,Cerrado,84,0.0,1.0,21.7,-20.67548,-48.66265
2024/08/07 16:54:00,NPP-375,Brasil,SÃO PAULO,BARRETOS,Cerrado,82,0.0,1.0,21.7,-20.67881,-48.66207
2024/08/07 16:58:00,AQUA_M-T,Brasil,SÃO PAULO,BARRETOS,Cerrado,76,0.0,1.0,34.9,-20.67812,-48.67017
2024/08/07 17:17:00,NOAA-20,Brasil,SÃO PAULO,BARRETOS,Cerrado,83,0.0,1.0,4.9,-20.68166,-48.65834
2024/08/07 17:17:00,NOAA-20,Brasil,SÃO PAULO,BARRETOS,Cerrado,85,0.0,1.0,10.9,-20.67737,-48.65938
2024/08/07 17:17:00,NOAA-20,Brasil,SÃO PAULO,BARRETOS,Cerrado,81,0.0,1.0,10.2,-20.67818,-48.66367
2024/08/07 17:17:00,NOAA-20,Brasil,SÃO PAULO,BARRETOS,Cerrado,77,0.0,1.0,10.2,-20.67898,-48.66791
2024/08/07 17:17:00,NOAA-20,Brasil,SÃO PAULO,BARRETOS,Cerrado,84,0.0,1.0,20.5,-20.67875,-48.65965
2024/08/07 17:17:00,NOAA-20,Brasil,SÃO PAULO,BARRETOS,Cerrado,82,0.0,1.0,17.5,-20.67529,-48.66489
2024/08/08 04:06:00,NPP-375D,Brasil,SÃO PAULO,BARRETOS,Cerrado,85,0.0,1.0,1.7,-20.67718,-48.66036
2024/08/08 04:06:00,NPP-375D,Brasil,SÃO PAULO,BARRETOS,Cerrado,83,0.0,1.0,1.7,-20.67649,-48.66409
2024/08/08 04:06:00,NPP-375D,Brasil,SÃO PAULO,BARRETOS,Cerrado,80,0.0,1.0,1.7,-20.67579,-48.66787
2024/08/08 04:06:00,NPP-375D,Brasil,SÃO PAULO,BARRETOS,Cerrado,77,0.0,1.0,1.7,-20.67509,-48.67162
2024/08/08 17:39:00,AQUA_M-T,Brasil,SÃO PAULO,BARRETOS,Cerrado,82,0.0,1.0,161.9,-20.67607,-48.66522
2024/08/08 17:39:00,AQUA_M-T,Brasil,SÃO PAULO,BARRETOS,Cerrado,91,0.0,1.0,126.3,-20.67472,-48.65574
2024/08/08 17:49:00,NOAA-21,Brasil,SÃO PAULO,BARRETOS,Cerrado,90,0.0,1.0,35.6,-20.67867,-48.65335
2024/08/08 17:49:00,NOAA-21,Brasil,SÃO PAULO,BARRETOS,Cerrado,87,0.0,1.0,58.7,-20.6795,-48.65571
2024/08/08 17:49:00,NOAA-21,Brasil,SÃO PAULO,BARRETOS,Cerrado,84,0.0,1.0,35.6,-20.68031,-48.65994
2024/08/09 00:45:16,METOP-B,Brasil,SÃO PAULO,BARRETOS,Cerrado,90,0.29,0.91,,-20.683500289916992,-48.64910125732422
2024/08/09 01:07:00,GOES-16,Brasil,SÃO PAULO,BARRETOS,Cerrado,88,0.29,0.9,150.2,-20.6829,-48.653
2024/08/09 01:07:00,GOES-16,Brasil,SÃO PAULO,BARRETOS,Cerrado,107,0.2,0.95,89.8,-20.663,-48.6344
2024/08/09 01:07:00,GOES-16,Brasil,SÃO PAULO,BARRETOS,Cerrado,99,0.2,0.91,79.0,-20.6624,-48.6576
2024/08/09 01:07:00,GOES-16,Brasil,SÃO PAULO,BARRETOS,Cerrado,95,0.28,0.97,145.9,-20.6835,-48.6298
2024/08/09 01:17:00,GOES-16,Brasil,SÃO PAULO,BARRETOS,Cerrado,99,0.2,0.91,226.4,-20.6624,-48.6576
2024/08/09 01:17:00,GOES-16,Brasil,SÃO PAULO,BARRETOS,Cerrado,107,0.2,0.95,253.6,-20.663,-48.6344
2024/08/09 01:17:00,GOES-16,Brasil,SÃO PAULO,BARRETOS,Cerrado,88,0.29,0.9,204.5,-20.6829,-48.653
2024/08/09 01:17:00,GOES-16,Brasil,SÃO PAULO,BARRETOS,Cerrado,95,0.28,0.97,169.5,-20.6835,-48.6298
2024/08/09 01:20:00,TERRA_M-M,Brasil,SÃO PAULO,BARRETOS,Cerrado,101,0.2,0.91,305.2,-20.6703,-48.64569
2024/08/09 01:20:00,TERRA_M-M,Brasil,SÃO PAULO,BARRETOS,Cerrado,93,0.24,0.91,462.4,-20.67187,-48.65597
2024/08/09 01:20:00,TERRA_M-M,Brasil,SÃO PAULO,BARRETOS,Cerrado,84,0.29,0.95,32.2,-20.67342,-48.66619
2024/08/09 01:20:00,TERRA_M-M,Brasil,SÃO PAULO,BARRETOS,Cerrado,94,0.25,0.92,21.5,-20.67955,-48.64398
2024/08/09 01:20:00,TERRA_M-M,Brasil,SÃO PAULO,BARRETOS,Cerrado,88,0.28,0.9,86.8,-20.68111,-48.65425
2024/08/09 01:20:00,TERRA_M-M,Brasil,SÃO PAULO,BARRETOS,Cerrado,80,0.3,0.94,17.5,-20.68267,-48.66454
2024/08/09 01:20:00,TERRA_M-M,Brasil,SÃO PAULO,BARRETOS,Cerrado,109,0.2,0.96,14.5,-20.65946,-48.63696
2024/08/09 01:20:00,TERRA_M-M,Brasil,SÃO PAULO,BARRETOS,Cerrado,107,0.2,0.94,373.3,-20.66103,-48.64726
2024/08/09 01:20:00,TERRA_M-M,Brasil,SÃO PAULO,BARRETOS,Cerrado,114,0.2,0.98,10.8,-20.65018,-48.63851
2024/08/09 01:20:00,TERRA_M-M,Brasil,SÃO PAULO,BARRETOS,Cerrado,113,0.2,0.98,16.8,-20.65176,-48.64883
2024/08/09 01:20:00,TERRA_M-M,Brasil,SÃO PAULO,BARRETOS,Cerrado,103,0.2,0.93,12.0,-20.65334,-48.65919
2024/08/09 01:20:00,TERRA_M-M,Brasil,SÃO PAULO,BARRETOS,Cerrado,91,0.2,0.98,6.0,-20.65492,-48.66951
2024/08/09 01:20:00,TERRA_M-M,Brasil,SÃO PAULO,BARRETOS,Cerrado,98,0.2,0.91,159.5,-20.66261,-48.65759
2024/08/09 01:20:00,TERRA_M-M,Brasil,SÃO PAULO,BARRETOS,Cerrado,88,0.27,0.97,20.1,-20.66416,-48.66783
2024/08/09 01:20:00,TERRA_M-M,Brasil,SÃO PAULO,BARRETOS,Cerrado,77,0.3,0.98,10.7,-20.66572,-48.67809
2024/08/09 01:27:00,GOES-16,Brasil,SÃO PAULO,BARRETOS,Cerrado,107,0.2,0.95,172.0,-20.663,-48.6344
2024/08/09 01:27:00,GOES-16,Brasil,SÃO PAULO,BARRETOS,Cerrado,95,0.28,0.97,194.8,-20.6835,-48.6298
2024/08/09 01:27:00,GOES-16,Brasil,SÃO PAULO,BARRETOS,Cerrado,88,0.29,0.9,205.7,-20.6829,-48.653
2024/08/09 01:27:00,GOES-16,Brasil,SÃO PAULO,BARRETOS,Cerrado,99,0.2,0.91,171.4,-20.6624,-48.6576
2024/08/09 01:37:00,GOES-16,Brasil,SÃO PAULO,BARRETOS,Cerrado,107,0.2,0.95,130.4,-20.663,-48.6344
2024/08/09 01:37:00,GOES-16,Brasil,SÃO PAULO,BARRETOS,Cerrado,99,0.2,0.91,98.5,-20.6624,-48.6576
2024/08/09 01:37:00,GOES-16,Brasil,SÃO PAULO,BARRETOS,Cerrado,95,0.28,0.97,101.0,-20.6835,-48.6298
2024/08/09 01:37:00,GOES-16,Brasil,SÃO PAULO,BARRETOS,Cerrado,88,0.29,0.9,92.7,-20.6829,-48.653
2024/08/09 01:39:17,METOP-C,Brasil,SÃO PAULO,BARRETOS,Cerrado,101,0.21,0.97,,-20.67569923400879,-48.624698638916016
2024/08/09 01:39:17,METOP-C,Brasil,SÃO PAULO,BARRETOS,Cerrado,72,0.3,0.97,,-20.688899993896484,-48.67060089111328
2024/08/09 01:39:17,METOP-C,Brasil,SÃO PAULO,BARRETOS,Cerrado,91,0.27,0.91,,-20.682300567626953,-48.647701263427734
2024/08/09 01:39:18,METOP-C,Brasil,SÃO PAULO,BARRETOS,Cerrado,111,0.2,0.98,,-20.656600952148438,-48.63090133666992
2024/08/09 01:39:18,METOP-C,Brasil,SÃO PAULO,BARRETOS,Cerrado,106,0.2,0.98,,-20.666099548339844,-48.62779998779297
2024/08/09 01:39:18,METOP-C,Brasil,SÃO PAULO,BARRETOS,Cerrado,97,0.21,0.91,,-20.672800064086914,-48.65079879760742
2024/08/09 01:39:18,METOP-C,Brasil,SÃO PAULO,BARRETOS,Cerrado,75,0.3,0.98,,-20.67930030822754,-48.67369842529297
2024/08/09 01:39:18,METOP-C,Brasil,SÃO PAULO,BARRETOS,Cerrado,102,0.2,0.92,,-20.66320037841797,-48.653900146484375
2024/08/09 01:47:00,GOES-16,Brasil,SÃO PAULO,BARRETOS,Cerrado,99,0.2,0.91,198.9,-20.6624,-48.6576
2024/08/09 01:47:00,GOES-16,Brasil,SÃO PAULO,BARRETOS,Cerrado,107,0.2,0.95,188.7,-20.663,-48.6344
2024/08/09 01:47:00,GOES-16,Brasil,SÃO PAULO,BARRETOS,Cerrado,88,0.29,0.9,227.8,-20.6829,-48.653
2024/08/09 01:47:00,GOES-16,Brasil,SÃO PAULO,BARRETOS,Cerrado,95,0.28,0.97,172.4,-20.6835,-48.6298
2024/08/09 01:57:00,GOES-16,Brasil,SÃO PAULO,BARRETOS,Cerrado,95,0.28,0.97,290.6,-20.6835,-48.6298
2024/08/09 01:57:00,GOES-16,Brasil,SÃO PAULO,BARRETOS,Cerrado,88,0.29,0.9,348.1,-20.6829,-48.653
2024/08/09 01:57:00,GOES-16,Brasil,SÃO PAULO,BARRETOS,Cerrado,107,0.2,0.95,399.1,-20.663,-48.6344
2024/08/09 01:57:00,GOES-16,Brasil,SÃO PAULO,BARRETOS,Cerrado,99,0.2,0.91,406.9,-20.6624,-48.6576
2024/08/09 01:57:00,GOES-16,Brasil,SÃO PAULO,BARRETOS,Cerrado,116,0.2,0.98,104.6,-20.6425,-48.6391
2024/08/09 01:57:00,GOES-16,Brasil,SÃO PAULO,BARRETOS,Cerrado,102,0.2,0.98,88.0,-20.6419,-48.6622
2024/08/09 02:03:26,MSG-03,Brasil,SÃO PAULO,BARRETOS,Cerrado,95,0.25,0.94,,-20.68,-48.64
2024/08/09 02:03:26,MSG-03,Brasil,SÃO PAULO,BARRETOS,Cerrado,114,0.2,0.98,,-20.65,-48.62
2024/08/09 02:03:26,MSG-03,Brasil,SÃO PAULO,BARRETOS,Cerrado,54,0.3,0.97,,-20.68,-48.7
2024/08/09 02:03:26,MSG-03,Brasil,SÃO PAULO,BARRETOS,Cerrado,81,0.25,0.98,,-20.65,-48.68
2024/08/09 02:07:00,GOES-16,Brasil,SÃO PAULO,BARRETOS,Cerrado,95,0.28,0.97,193.1,-20.6835,-48.6298
2024/08/09 02:07:00,GOES-16,Brasil,SÃO PAULO,BARRETOS,Cerrado,116,0.2,0.98,97.0,-20.6425,-48.6391
2024/08/09 02:07:00,GOES-16,Brasil,SÃO PAULO,BARRETOS,Cerrado,99,0.2,0.91,416.0,-20.6624,-48.6576
2024/08/09 02:07:00,GOES-16,Brasil,SÃO PAULO,BARRETOS,Cerrado,107,0.2,0.95,395.9,-20.663,-48.6344
2024/08/09 02:07:00,GOES-16,Brasil,SÃO PAULO,BARRETOS,Cerrado,88,0.29,0.9,359.8,-20.6829,-48.653
2024/08/09 02:17:00,GOES-16,Brasil,SÃO PAULO,BARRETOS,Cerrado,88,0.29,0.9,228.6,-20.6829,-48.653
2024/08/09 02:17:00,GOES-16,Brasil,SÃO PAULO,BARRETOS,Cerrado,99,0.2,0.91,218.9,-20.6624,-48.6576
2024/08/09 02:17:00,GOES-16,Brasil,SÃO PAULO,BARRETOS,Cerrado,107,0.2,0.95,208.2,-20.663,-48.6344
2024/08/09 02:17:00,GOES-16,Brasil,SÃO PAULO,BARRETOS,Cerrado,95,0.28,0.97,170.6,-20.6835,-48.6298
2024/08/09 02:27:00,GOES-16,Brasil,SÃO PAULO,BARRETOS,Cerrado,95,0.28,0.97,130.7,-20.6835,-48.6298
2024/08/09 02:27:00,GOES-16,Brasil,SÃO PAULO,BARRETOS,Cerrado,107,0.2,0.95,185.1,-20.663,-48.6344
2024/08/09 02:27:00,GOES-16,Brasil,SÃO PAULO,BARRETOS,Cerrado,88,0.29,0.9,230.2,-20.6829,-48.653
2024/08/09 02:27:00,GOES-16,Brasil,SÃO PAULO,BARRETOS,Cerrado,99,0.2,0.91,197.1,-20.6624,-48.6576
2024/08/09 02:37:00,GOES-16,Brasil,SÃO PAULO,BARRETOS,Cerrado,107,0.2,0.95,196.9,-20.663,-48.6344
2024/08/09 02:37:00,GOES-16,Brasil,SÃO PAULO,BARRETOS,Cerrado,95,0.28,0.97,130.9,-20.6835,-48.6298
2024/08/09 02:37:00,GOES-16,Brasil,SÃO PAULO,BARRETOS,Cerrado,88,0.29,0.9,180.9,-20.6829,-48.653
2024/08/09 02:37:00,GOES-16,Brasil,SÃO PAULO,BARRETOS,Cerrado,99,0.2,0.91,185.9,-20.6624,-48.6576
2024/08/09 02:47:00,GOES-16,Brasil,SÃO PAULO,BARRETOS,Cerrado,99,0.2,0.91,166.2,-20.6624,-48.6576
2024/08/09 02:47:00,GOES-16,Brasil,SÃO PAULO,BARRETOS,Cerrado,107,0.2,0.95,175.3,-20.663,-48.6344
2024/08/09 02:47:00,GOES-16,Brasil,SÃO PAULO,BARRETOS,Cerrado,88,0.29,0.9,148.3,-20.6829,-48.653
2024/08/09 02:47:00,GOES-16,Brasil,SÃO PAULO,BARRETOS,Cerrado,95,0.28,0.97,108.9,-20.6835,-48.6298
2024/08/09 02:57:00,GOES-16,Brasil,SÃO PAULO,BARRETOS,Cerrado,95,0.28,0.97,107.3,-20.6835,-48.6298
2024/08/09 02:57:00,GOES-16,Brasil,SÃO PAULO,BARRETOS,Cerrado,88,0.29,0.9,154.7,-20.6829,-48.653
2024/08/09 02:57:00,GOES-16,Brasil,SÃO PAULO,BARRETOS,Cerrado,107,0.2,0.95,144.3,-20.663,-48.6344
2024/08/09 02:57:00,GOES-16,Brasil,SÃO PAULO,BARRETOS,Cerrado,99,0.2,0.91,154.8,-20.6624,-48.6576
2024/08/09 03:07:00,GOES-16,Brasil,SÃO PAULO,BARRETOS,Cerrado,88,0.29,0.9,147.1,-20.6829,-48.653
2024/08/09 03:07:00,GOES-16,Brasil,SÃO PAULO,BARRETOS,Cerrado,99,0.2,0.91,135.4,-20.6624,-48.6576
2024/08/09 03:07:00,GOES-16,Brasil,SÃO PAULO,BARRETOS,Cerrado,107,0.2,0.95,147.9,-20.663,-48.6344
2024/08/09 03:07:00,GOES-16,Brasil,SÃO PAULO,BARRETOS,Cerrado,95,0.28,0.97,100.3,-20.6835,-48.6298
2024/08/09 03:17:00,GOES-16,Brasil,SÃO PAULO,BARRETOS,Cerrado,88,0.29,0.9,142.9,-20.6829,-48.653
2024/08/09 03:17:00,GOES-16,Brasil,SÃO PAULO,BARRETOS,Cerrado,95,0.28,0.97,102.9,-20.6835,-48.6298
2024/08/09 03:17:00,GOES-16,Brasil,SÃO PAULO,BARRETOS,Cerrado,99,0.2,0.91,135.7,-20.6624,-48.6576
2024/08/09 03:17:00,GOES-16,Brasil,SÃO PAULO,BARRETOS,Cerrado,107,0.2,0.95,157.7,-20.663,-48.6344
2024/08/09 03:27:00,GOES-16,Brasil,SÃO PAULO,BARRETOS,Cerrado,88,0.29,0.9,130.7,-20.6829,-48.653
2024/08/09 03:27:00,GOES-16,Brasil,SÃO PAULO,BARRETOS,Cerrado,95,0.28,0.97,92.8,-20.6835,-48.6298
2024/08/09 03:27:00,GOES-16,Brasil,SÃO PAULO,BARRETOS,Cerrado,99,0.2,0.91,125.8,-20.6624,-48.6576
2024/08/09 03:27:00,GOES-16,Brasil,SÃO PAULO,BARRETOS,Cerrado,107,0.2,0.95,141.9,-20.663,-48.6344
2024/08/09 03:37:00,GOES-16,Brasil,SÃO PAULO,BARRETOS,Cerrado,99,0.2,0.91,121.3,-20.6624,-48.6576
2024/08/09 03:37:00,GOES-16,Brasil,SÃO PAULO,BARRETOS,Cerrado,116,0.2,0.98,77.6,-20.6425,-48.6391
2024/08/09 03:37:00,GOES-16,Brasil,SÃO PAULO,BARRETOS,Cerrado,109,0.2,0.98,65.3,-20.6637,-48.6112
2024/08/09 03:37:00,GOES-16,Brasil,SÃO PAULO,BARRETOS,Cerrado,107,0.2,0.95,211.9,-20.663,-48.6344
2024/08/09 03:37:00,GOES-16,Brasil,SÃO PAULO,BARRETOS,Cerrado,88,0.29,0.9,118.7,-20.6829,-48.653
2024/08/09 03:37:00,GOES-16,Brasil,SÃO PAULO,BARRETOS,Cerrado,95,0.28,0.97,84.2,-20.6835,-48.6298
2024/08/09 03:47:00,NPP-375D,Brasil,SÃO PAULO,BARRETOS,Cerrado,97,0.22,0.91,12.4,-20.66954,-48.65353
2024/08/09 03:47:00,NPP-375D,Brasil,SÃO PAULO,BARRETOS,Cerrado,95,0.23,0.91,12.4,-20.66873,-48.65724
2024/08/09 03:47:00,NPP-375D,Brasil,SÃO PAULO,BARRETOS,Cerrado,92,0.24,0.92,6.6,-20.66792,-48.66098
2024/08/09 03:47:00,NPP-375D,Brasil,SÃO PAULO,BARRETOS,Cerrado,104,0.2,0.91,3.9,-20.66578,-48.64492
2024/08/09 03:47:00,NPP-375D,Brasil,SÃO PAULO,BARRETOS,Cerrado,104,0.2,0.91,3.9,-20.66498,-48.64859
2024/08/09 03:47:00,NPP-375D,Brasil,SÃO PAULO,BARRETOS,Cerrado,99,0.2,0.91,6.9,-20.66338,-48.65591
2024/08/09 03:47:00,NPP-375D,Brasil,SÃO PAULO,BARRETOS,Cerrado,97,0.2,0.91,1.8,-20.66258,-48.65958
2024/08/09 03:47:00,NPP-375D,Brasil,SÃO PAULO,BARRETOS,Cerrado,108,0.2,0.94,5.4,-20.66122,-48.63999
2024/08/09 03:47:00,NPP-375D,Brasil,SÃO PAULO,BARRETOS,Cerrado,108,0.2,0.94,3.9,-20.66041,-48.64371
2024/08/09 03:47:00,NPP-375D,Brasil,SÃO PAULO,BARRETOS,Cerrado,108,0.2,0.95,3.9,-20.6596,-48.6474
2024/08/09 03:47:00,NPP-375D,Brasil,SÃO PAULO,BARRETOS,Cerrado,108,0.2,0.95,6.9,-20.65881,-48.65102
2024/08/09 03:47:00,NPP-375D,Brasil,SÃO PAULO,BARRETOS,Cerrado,105,0.2,0.94,6.9,-20.65802,-48.65463
2024/08/09 03:47:00,NPP-375D,Brasil,SÃO PAULO,BARRETOS,Cerrado,111,0.2,0.97,2.0,-20.65665,-48.63515
2024/08/09 03:47:00,NPP-375D,Brasil,SÃO PAULO,BARRETOS,Cerrado,112,0.2,0.97,2.0,-20.65584,-48.63881
2024/08/09 03:47:00,NPP-375D,Brasil,SÃO PAULO,BARRETOS,Cerrado,112,0.2,0.98,1.9,-20.65421,-48.64624
2024/08/09 03:47:00,NPP-375D,Brasil,SÃO PAULO,BARRETOS,Cerrado,112,0.2,0.98,1.9,-20.65502,-48.64255
2024/08/09 03:47:00,NPP-375D,Brasil,SÃO PAULO,BARRETOS,Cerrado,89,0.27,0.9,1.7,-20.68091,-48.65311
2024/08/09 03:47:00,NPP-375D,Brasil,SÃO PAULO,BARRETOS,Cerrado,102,0.2,0.91,6.9,-20.66418,-48.65224
2024/08/09 03:47:00,NPP-375D,Brasil,SÃO PAULO,BARRETOS,Cerrado,82,0.3,0.9,1.6,-20.68542,-48.65833
2024/08/09 03:47:00,NPP-375D,Brasil,SÃO PAULO,BARRETOS,Cerrado,91,0.27,0.9,1.7,-20.6817,-48.64946
2024/08/09 03:47:00,NPP-375D,Brasil,SÃO PAULO,BARRETOS,Cerrado,87,0.28,0.9,1.6,-20.68013,-48.65672
2024/08/09 03:47:00,NPP-375D,Brasil,SÃO PAULO,BARRETOS,Cerrado,85,0.3,0.91,1.6,-20.67935,-48.66032
2024/08/09 03:47:00,NPP-375D,Brasil,SÃO PAULO,BARRETOS,Cerrado,96,0.21,0.91,5.3,-20.67643,-48.64781
2024/08/09 03:47:00,NPP-375D,Brasil,SÃO PAULO,BARRETOS,Cerrado,94,0.22,0.91,5.3,-20.67563,-48.65145
2024/08/09 03:47:00,NPP-375D,Brasil,SÃO PAULO,BARRETOS,Cerrado,92,0.25,0.91,12.4,-20.67484,-48.65509
2024/08/09 03:47:00,NPP-375D,Brasil,SÃO PAULO,BARRETOS,Cerrado,90,0.28,0.91,12.4,-20.67405,-48.65874
2024/08/09 03:47:00,NPP-375D,Brasil,SÃO PAULO,BARRETOS,Cerrado,87,0.29,0.93,6.6,-20.67324,-48.66245
2024/08/09 03:47:00,NPP-375D,Brasil,SÃO PAULO,BARRETOS,Cerrado,100,0.2,0.91,5.3,-20.67114,-48.64619
2024/08/09 03:47:00,NPP-375D,Brasil,SÃO PAULO,BARRETOS,Cerrado,100,0.2,0.91,5.3,-20.67034,-48.64985
2024/08/09 04:10:00,NOAA-20,Brasil,SÃO PAULO,BARRETOS,Cerrado,92,0.26,0.91,11.0,-20.67145,-48.65846
2024/08/09 04:10:00,NOAA-20,Brasil,SÃO PAULO,BARRETOS,Cerrado,113,0.2,0.98,3.8,-20.65104,-48.64485
2024/08/09 04:10:00,NOAA-20,Brasil,SÃO PAULO,BARRETOS,Cerrado,112,0.2,0.98,3.8,-20.65471,-48.64556
2024/08/09 04:10:00,NOAA-20,Brasil,SÃO PAULO,BARRETOS,Cerrado,109,0.2,0.96,9.7,-20.65758,-48.65086
2024/08/09 04:10:00,NOAA-20,Brasil,SÃO PAULO,BARRETOS,Cerrado,109,0.2,0.96,2.8,-20.65839,-48.64626
2024/08/09 04:10:00,NOAA-20,Brasil,SÃO PAULO,BARRETOS,Cerrado,105,0.2,0.93,9.7,-20.66125,-48.65158
2024/08/09 04:10:00,NOAA-20,Brasil,SÃO PAULO,BARRETOS,Cerrado,106,0.2,0.93,2.8,-20.66207,-48.64696
2024/08/09 04:10:00,NOAA-20,Brasil,SÃO PAULO,BARRETOS,Cerrado,98,0.2,0.91,9.6,-20.66411,-48.65694
2024/08/09 04:10:00,NOAA-20,Brasil,SÃO PAULO,BARRETOS,Cerrado,102,0.2,0.91,9.6,-20.66493,-48.65231
2024/08/09 04:10:00,NOAA-20,Brasil,SÃO PAULO,BARRETOS,Cerrado,104,0.2,0.91,6.1,-20.66574,-48.64768
2024/08/09 04:10:00,NOAA-20,Brasil,SÃO PAULO,BARRETOS,Cerrado,95,0.22,0.91,9.6,-20.66778,-48.6577
2024/08/09 04:10:00,NOAA-20,Brasil,SÃO PAULO,BARRETOS,Cerrado,98,0.21,0.91,9.6,-20.6686,-48.65304
2024/08/09 04:10:00,NOAA-20,Brasil,SÃO PAULO,BARRETOS,Cerrado,90,0.28,0.9,1.2,-20.68327,-48.64955
2024/08/09 04:10:00,NOAA-20,Brasil,SÃO PAULO,BARRETOS,Cerrado,85,0.29,0.9,1.9,-20.68324,-48.65627
2024/08/09 04:10:00,NOAA-20,Brasil,SÃO PAULO,BARRETOS,Cerrado,87,0.29,0.9,3.9,-20.68243,-48.65417
2024/08/09 04:10:00,NOAA-20,Brasil,SÃO PAULO,BARRETOS,Cerrado,91,0.26,0.9,6.2,-20.6804,-48.65084
2024/08/09 04:10:00,NOAA-20,Brasil,SÃO PAULO,BARRETOS,Cerrado,93,0.25,0.91,5.7,-20.67961,-48.64874
2024/08/09 04:10:00,NOAA-20,Brasil,SÃO PAULO,BARRETOS,Cerrado,88,0.28,0.91,1.9,-20.67958,-48.65546
2024/08/09 04:10:00,NOAA-20,Brasil,SÃO PAULO,BARRETOS,Cerrado,85,0.3,0.91,1.9,-20.67877,-48.66006
2024/08/09 04:10:00,NOAA-20,Brasil,SÃO PAULO,BARRETOS,Cerrado,91,0.26,0.91,9.7,-20.67877,-48.65335
2024/08/09 04:10:00,NOAA-20,Brasil,SÃO PAULO,BARRETOS,Cerrado,88,0.29,0.91,9.7,-20.67794,-48.65796
2024/08/09 04:10:00,NOAA-20,Brasil,SÃO PAULO,BARRETOS,Cerrado,85,0.3,0.93,2.4,-20.6771,-48.66257
2024/08/09 04:10:00,NOAA-20,Brasil,SÃO PAULO,BARRETOS,Cerrado,95,0.22,0.91,13.8,-20.67674,-48.65001
2024/08/09 04:10:00,NOAA-20,Brasil,SÃO PAULO,BARRETOS,Cerrado,96,0.21,0.91,5.7,-20.67596,-48.64791
2024/08/09 04:10:00,NOAA-20,Brasil,SÃO PAULO,BARRETOS,Cerrado,92,0.25,0.91,11.0,-20.67592,-48.65464
2024/08/09 04:10:00,NOAA-20,Brasil,SÃO PAULO,BARRETOS,Cerrado,94,0.23,0.91,9.7,-20.67512,-48.65253
2024/08/09 04:10:00,NOAA-20,Brasil,SÃO PAULO,BARRETOS,Cerrado,89,0.29,0.91,11.0,-20.67511,-48.65926
2024/08/09 04:10:00,NOAA-20,Brasil,SÃO PAULO,BARRETOS,Cerrado,91,0.27,0.91,9.7,-20.67428,-48.65715
2024/08/09 04:10:00,NOAA-20,Brasil,SÃO PAULO,BARRETOS,Cerrado,88,0.29,0.92,2.4,-20.67344,-48.66178
2024/08/09 04:10:00,NOAA-20,Brasil,SÃO PAULO,BARRETOS,Cerrado,98,0.2,0.91,13.8,-20.67308,-48.64919
2024/08/09 04:10:00,NOAA-20,Brasil,SÃO PAULO,BARRETOS,Cerrado,95,0.23,0.91,11.0,-20.67227,-48.65381
2024/08/09 04:10:00,NOAA-20,Brasil,SÃO PAULO,BARRETOS,Cerrado,101,0.2,0.91,6.1,-20.66942,-48.6484
2024/08/09 04:27:00,GOES-16,Brasil,SÃO PAULO,BARRETOS,Cerrado,88,0.29,0.9,113.6,-20.6829,-48.653
2024/08/09 04:27:00,GOES-16,Brasil,SÃO PAULO,BARRETOS,Cerrado,107,0.2,0.95,83.1,-20.663,-48.6344
2024/08/09 04:27:00,GOES-16,Brasil,SÃO PAULO,BARRETOS,Cerrado,99,0.2,0.91,84.1,-20.6624,-48.6576
2024/08/09 04:34:00,AQUA_M-M,Brasil,SÃO PAULO,BARRETOS,Cerrado,95,0.24,0.93,48.8,-20.67904,-48.6423
2024/08/09 04:37:00,GOES-16,Brasil,SÃO PAULO,BARRETOS,Cerrado,88,0.29,0.9,101.0,-20.6829,-48.653
2024/08/09 04:37:00,GOES-16,Brasil,SÃO PAULO,BARRETOS,Cerrado,99,0.2,0.91,86.4,-20.6624,-48.6576
2024/08/09 04:47:00,GOES-16,Brasil,SÃO PAULO,BARRETOS,Cerrado,99,0.2,0.91,67.1,-20.6624,-48.6576
2024/08/09 04:47:00,GOES-16,Brasil,SÃO PAULO,BARRETOS,Cerrado,107,0.2,0.95,85.1,-20.663,-48.6344
2024/08/09 04:57:00,GOES-16,Brasil,SÃO PAULO,BARRETOS,Cerrado,88,0.29,0.9,65.6,-20.6829,-48.653
2024/08/09 04:57:00,GOES-16,Brasil,SÃO PAULO,BARRETOS,Cerrado,107,0.2,0.95,90.3,-20.663,-48.6344
2024/08/09 05:01:00,NOAA-21,Brasil,SÃO PAULO,BARRETOS,Cerrado,105,0.2,0.92,7.2,-20.66357,-48.64995
2024/08/09 05:01:00,NOAA-21,Brasil,SÃO PAULO,BARRETOS,Cerrado,105,0.2,0.92,7.1,-20.66391,-48.6468
2024/08/09 05:01:00,NOAA-21,Brasil,SÃO PAULO,BARRETOS,Cerrado,105,0.2,0.92,7.1,-20.66424,-48.64366
2024/08/09 05:01:00,NOAA-21,Brasil,SÃO PAULO,BARRETOS,Cerrado,105,0.2,0.91,9.6,-20.66458,-48.64052
2024/08/09 05:01:00,NOAA-21,Brasil,SÃO PAULO,BARRETOS,Cerrado,98,0.21,0.91,7.1,-20.66624,-48.65582
2024/08/09 05:01:00,NOAA-21,Brasil,SÃO PAULO,BARRETOS,Cerrado,100,0.2,0.91,8.7,-20.66656,-48.65269
2024/08/09 05:01:00,NOAA-21,Brasil,SÃO PAULO,BARRETOS,Cerrado,103,0.2,0.91,8.7,-20.66687,-48.64954
2024/08/09 05:01:00,NOAA-21,Brasil,SÃO PAULO,BARRETOS,Cerrado,103,0.2,0.91,3.8,-20.66718,-48.6464
2024/08/09 05:01:00,NOAA-21,Brasil,SÃO PAULO,BARRETOS,Cerrado,91,0.28,0.91,3.2,-20.68255,-48.64785
2024/08/09 05:01:00,NOAA-21,Brasil,SÃO PAULO,BARRETOS,Cerrado,95,0.22,0.91,9.0,-20.66799,-48.6569
2024/08/09 05:01:00,NOAA-21,Brasil,SÃO PAULO,BARRETOS,Cerrado,98,0.21,0.91,7.2,-20.66833,-48.65379
2024/08/09 05:01:00,NOAA-21,Brasil,SÃO PAULO,BARRETOS,Cerrado,100,0.2,0.91,7.2,-20.66866,-48.65067
2024/08/09 05:01:00,NOAA-21,Brasil,SÃO PAULO,BARRETOS,Cerrado,101,0.2,0.91,7.1,-20.669,-48.64753
2024/08/09 05:01:00,NOAA-21,Brasil,SÃO PAULO,BARRETOS,Cerrado,103,0.2,0.91,3.8,-20.6675,-48.64322
2024/08/09 05:01:00,NOAA-21,Brasil,SÃO PAULO,BARRETOS,Cerrado,112,0.2,0.98,9.4,-20.65373,-48.64522
2024/08/09 05:01:00,NOAA-21,Brasil,SÃO PAULO,BARRETOS,Cerrado,112,0.2,0.98,9.4,-20.65406,-48.64211
2024/08/09 05:01:00,NOAA-21,Brasil,SÃO PAULO,BARRETOS,Cerrado,107,0.2,0.95,3.3,-20.65814,-48.65238
2024/08/09 05:01:00,NOAA-21,Brasil,SÃO PAULO,BARRETOS,Cerrado,109,0.2,0.96,3.3,-20.65848,-48.64919
2024/08/09 05:01:00,NOAA-21,Brasil,SÃO PAULO,BARRETOS,Cerrado,109,0.2,0.95,9.4,-20.65882,-48.64602
2024/08/09 05:01:00,NOAA-21,Brasil,SÃO PAULO,BARRETOS,Cerrado,109,0.2,0.95,9.4,-20.65915,-48.64289
2024/08/09 05:01:00,NOAA-21,Brasil,SÃO PAULO,BARRETOS,Cerrado,109,0.2,0.95,17.3,-20.65948,-48.63979
2024/08/09 05:01:00,NOAA-21,Brasil,SÃO PAULO,BARRETOS,Cerrado,109,0.2,0.96,17.3,-20.65982,-48.63664
2024/08/09 05:01:00,NOAA-21,Brasil,SÃO PAULO,BARRETOS,Cerrado,102,0.2,0.92,7.2,-20.66323,-48.6531
2024/08/09 05:01:00,NOAA-21,Brasil,SÃO PAULO,BARRETOS,Cerrado,96,0.21,0.91,10.2,-20.67378,-48.65118
2024/08/09 05:01:00,NOAA-21,Brasil,SÃO PAULO,BARRETOS,Cerrado,97,0.2,0.91,5.9,-20.67412,-48.64804
2024/08/09 05:01:00,NOAA-21,Brasil,SÃO PAULO,BARRETOS,Cerrado,87,0.3,0.91,5.5,-20.67615,-48.66002
2024/08/09 05:01:00,NOAA-21,Brasil,SÃO PAULO,BARRETOS,Cerrado,90,0.27,0.91,5.5,-20.67647,-48.65687
2024/08/09 05:01:00,NOAA-21,Brasil,SÃO PAULO,BARRETOS,Cerrado,92,0.25,0.91,7.5,-20.67679,-48.65372
2024/08/09 05:01:00,NOAA-21,Brasil,SÃO PAULO,BARRETOS,Cerrado,94,0.23,0.91,7.5,-20.6771,-48.65057
2024/08/09 05:01:00,NOAA-21,Brasil,SÃO PAULO,BARRETOS,Cerrado,95,0.22,0.91,3.2,-20.67742,-48.64744
2024/08/09 05:01:00,NOAA-21,Brasil,SÃO PAULO,BARRETOS,Cerrado,85,0.3,0.92,6.9,-20.67788,-48.66102
2024/08/09 05:01:00,NOAA-21,Brasil,SÃO PAULO,BARRETOS,Cerrado,88,0.29,0.91,6.9,-20.67822,-48.65786
2024/08/09 05:01:00,NOAA-21,Brasil,SÃO PAULO,BARRETOS,Cerrado,90,0.27,0.91,10.2,-20.67857,-48.65469
2024/08/09 05:01:00,NOAA-21,Brasil,SÃO PAULO,BARRETOS,Cerrado,92,0.25,0.91,10.2,-20.67891,-48.65155
2024/08/09 05:01:00,NOAA-21,Brasil,SÃO PAULO,BARRETOS,Cerrado,93,0.24,0.91,5.9,-20.67924,-48.64842
2024/08/09 05:01:00,NOAA-21,Brasil,SÃO PAULO,BARRETOS,Cerrado,83,0.3,0.91,5.5,-20.68127,-48.66049
2024/08/09 05:01:00,NOAA-21,Brasil,SÃO PAULO,BARRETOS,Cerrado,86,0.29,0.9,5.5,-20.68159,-48.6573
2024/08/09 05:01:00,NOAA-21,Brasil,SÃO PAULO,BARRETOS,Cerrado,88,0.28,0.9,7.5,-20.68191,-48.65411
2024/08/09 05:01:00,NOAA-21,Brasil,SÃO PAULO,BARRETOS,Cerrado,90,0.28,0.9,7.5,-20.68223,-48.65097
2024/08/09 05:01:00,NOAA-21,Brasil,SÃO PAULO,BARRETOS,Cerrado,91,0.26,0.91,7.1,-20.67104,-48.65954
2024/08/09 05:01:00,NOAA-21,Brasil,SÃO PAULO,BARRETOS,Cerrado,93,0.24,0.91,7.1,-20.67135,-48.65644
2024/08/09 05:01:00,NOAA-21,Brasil,SÃO PAULO,BARRETOS,Cerrado,96,0.22,0.91,8.7,-20.67166,-48.65334
2024/08/09 05:01:00,NOAA-21,Brasil,SÃO PAULO,BARRETOS,Cerrado,98,0.2,0.91,8.7,-20.67198,-48.65019
2024/08/09 05:01:00,NOAA-21,Brasil,SÃO PAULO,BARRETOS,Cerrado,99,0.2,0.91,3.8,-20.67229,-48.64704
2024/08/09 05:01:00,NOAA-21,Brasil,SÃO PAULO,BARRETOS,Cerrado,89,0.28,0.92,6.9,-20.67277,-48.66055
2024/08/09 05:01:00,NOAA-21,Brasil,SÃO PAULO,BARRETOS,Cerrado,91,0.26,0.91,6.9,-20.6731,-48.65744
2024/08/09 05:01:00,NOAA-21,Brasil,SÃO PAULO,BARRETOS,Cerrado,94,0.24,0.91,10.2,-20.67344,-48.65432
2024/08/09 05:07:00,GOES-16,Brasil,SÃO PAULO,BARRETOS,Cerrado,88,0.29,0.9,104.3,-20.6829,-48.653
2024/08/09 05:07:00,GOES-16,Brasil,SÃO PAULO,BARRETOS,Cerrado,107,0.2,0.95,98.9,-20.663,-48.6344
2024/08/09 05:07:00,GOES-16,Brasil,SÃO PAULO,BARRETOS,Cerrado,99,0.2,0.91,88.2,-20.6624,-48.6576
2024/08/09 05:17:00,GOES-16,Brasil,SÃO PAULO,BARRETOS,Cerrado,88,0.29,0.9,92.4,-20.6829,-48.653
2024/08/09 05:17:00,GOES-16,Brasil,SÃO PAULO,BARRETOS,Cerrado,99,0.2,0.91,84.8,-20.6624,-48.6576
2024/08/09 05:17:00,GOES-16,Brasil,SÃO PAULO,BARRETOS,Cerrado,95,0.28,0.97,78.9,-20.6835,-48.6298
2024/08/09 05:17:00,GOES-16,Brasil,SÃO PAULO,BARRETOS,Cerrado,107,0.2,0.95,93.8,-20.663,-48.6344
2024/08/09 05:27:00,GOES-16,Brasil,SÃO PAULO,BARRETOS,Cerrado,99,0.2,0.91,101.9,-20.6624,-48.6576
2024/08/09 05:27:00,GOES-16,Brasil,SÃO PAULO,BARRETOS,Cerrado,88,0.29,0.9,98.6,-20.6829,-48.653
2024/08/09 05:27:00,GOES-16,Brasil,SÃO PAULO,BARRETOS,Cerrado,107,0.2,0.95,179.7,-20.663,-48.6344
2024/08/09 05:27:00,GOES-16,Brasil,SÃO PAULO,BARRETOS,Cerrado,95,0.28,0.97,83.6,-20.6835,-48.6298
2024/08/09 05:37:00,GOES-16,Brasil,SÃO PAULO,BARRETOS,Cerrado,88,0.29,0.9,99.9,-20.6829,-48.653
2024/08/09 05:47:00,GOES-16,Brasil,SÃO PAULO,BARRETOS,Cerrado,88,0.29,0.9,85.7,-20.6829,-48.653
2024/08/09 05:57:00,GOES-16,Brasil,SÃO PAULO,BARRETOS,Cerrado,88,0.29,0.9,93.1,-20.6829,-48.653
2024/08/09 06:07:00,GOES-16,Brasil,SÃO PAULO,BARRETOS,Cerrado,88,0.29,0.9,81.9,-20.6829,-48.653
2024/08/09 06:17:00,GOES-16,Brasil,SÃO PAULO,BARRETOS,Cerrado,88,0.29,0.9,88.1,-20.6829,-48.653
2024/08/09 06:27:00,GOES-16,Brasil,SÃO PAULO,BARRETOS,Cerrado,88,0.29,0.9,86.0,-20.6829,-48.653
2024/08/09 06:47:00,GOES-16,Brasil,SÃO PAULO,BARRETOS,Cerrado,88,0.29,0.9,80.2,-20.6829,-48.653
2024/08/09 06:47:00,GOES-16,Brasil,SÃO PAULO,BARRETOS,Cerrado,99,0.2,0.91,77.0,-20.6624,-48.6576
2024/08/10 17:24:00,AQUA_M-T,Brasil,SÃO PAULO,BARRETOS,Cerrado,100,0.6,0.86,8.5,-20.65327,-48.66225
2024/08/11 04:23:00,NOAA-21,Brasil,SÃO PAULO,BARRETOS,Cerrado,82,0.0,0.93,1.6,-20.67505,-48.6574
2024/08/11 04:23:00,NOAA-21,Brasil,SÃO PAULO,BARRETOS,Cerrado,84,0.0,0.93,1.0,-20.67564,-48.6537
2024/08/11 04:23:00,NOAA-21,Brasil,SÃO PAULO,BARRETOS,Cerrado,82,0.0,0.93,1.0,-20.67955,-48.65062
2024/08/11 04:23:00,NOAA-21,Brasil,SÃO PAULO,BARRETOS,Cerrado,86,0.0,0.93,1.0,-20.67624,-48.65001
2024/08/11 04:51:00,NPP-375D,Brasil,SÃO PAULO,BARRETOS,Cerrado,84,0.0,0.93,1.0,-20.67697,-48.64755
2024/08/11 04:51:00,NPP-375D,Brasil,SÃO PAULO,BARRETOS,Cerrado,85,0.0,0.93,1.0,-20.67647,-48.65159
2024/08/11 04:51:00,NPP-375D,Brasil,SÃO PAULO,BARRETOS,Cerrado,80,0.0,0.93,2.4,-20.67546,-48.65968
2024/08/12 04:29:00,NPP-375D,Brasil,SÃO PAULO,BARRETOS,Cerrado,88,0.0,0.94,1.0,-20.67513,-48.65075
2024/08/12 04:29:00,NPP-375D,Brasil,SÃO PAULO,BARRETOS,Cerrado,84,0.0,0.94,1.0,-20.6785,-48.65131
2024/08/12 04:29:00,NPP-375D,Brasil,SÃO PAULO,BARRETOS,Cerrado,86,0.0,0.94,0.9,-20.67456,-48.65453
2024/08/12 04:29:00,NPP-375D,Brasil,SÃO PAULO,BARRETOS,Cerrado,83,0.0,0.94,0.9,-20.674,-48.6583
2024/08/12 04:53:00,NOAA-20,Brasil,SÃO PAULO,BARRETOS,Cerrado,83,0.0,0.94,1.1,-20.67395,-48.65842
2024/08/12 04:53:00,NOAA-20,Brasil,SÃO PAULO,BARRETOS,Cerrado,87,0.0,0.94,1.9,-20.67451,-48.65346
2024/08/13 04:12:00,NPP-375D,Brasil,SÃO PAULO,BARRETOS,Cerrado,85,0.0,0.96,1.0,-20.67817,-48.64629
2024/08/13 04:12:00,NPP-375D,Brasil,SÃO PAULO,BARRETOS,Cerrado,87,0.0,0.96,1.4,-20.67735,-48.65088
2024/08/13 04:12:00,NPP-375D,Brasil,SÃO PAULO,BARRETOS,Cerrado,91,0.0,0.96,1.3,-20.67369,-48.65006
2024/08/13 17:07:00,NOAA-20,Brasil,SÃO PAULO,BARRETOS,Cerrado,83,0.0,0.96,3.0,-20.67958,-48.64591
2024/08/13 17:47:00,AQUA_M-T,Brasil,SÃO PAULO,BARRETOS,Cerrado,82,0.0,0.95,7.9,-20.68004,-48.65263
2024/08/14 00:42:38,METOP-B,Brasil,SÃO PAULO,BARRETOS,Cerrado,76,0.0,1.0,,-20.68239974975586,-48.6348991394043
2024/08/14 04:17:00,NOAA-20,Brasil,SÃO PAULO,BARRETOS,Cerrado,87,0.0,1.0,0.4,-20.67519,-48.64373
2024/08/14 04:17:00,NOAA-20,Brasil,SÃO PAULO,BARRETOS,Cerrado,84,0.0,1.0,0.4,-20.67862,-48.64442
2024/08/14 05:08:00,NOAA-21,Brasil,SÃO PAULO,BARRETOS,Cerrado,84,0.0,1.0,1.3,-20.67943,-48.64661
2024/08/14 05:08:00,NOAA-21,Brasil,SÃO PAULO,BARRETOS,Cerrado,84,0.0,1.0,1.6,-20.67712,-48.64193
2024/08/14 05:08:00,NOAA-21,Brasil,SÃO PAULO,BARRETOS,Cerrado,86,0.0,1.0,1.6,-20.67676,-48.64593
2024/08/14 05:08:00,NOAA-21,Brasil,SÃO PAULO,BARRETOS,Cerrado,81,0.0,1.0,1.3,-20.67982,-48.64264
2024/08/14 16:45:00,NOAA-20,Brasil,SÃO PAULO,BARRETOS,Cerrado,80,0.0,1.0,40.5,-20.68096,-48.64277
2024/08/14 16:45:00,NOAA-20,Brasil,SÃO PAULO,BARRETOS,Cerrado,85,0.0,1.0,40.5,-20.67814,-48.64712
2024/08/14 16:45:00,NOAA-20,Brasil,SÃO PAULO,BARRETOS,Cerrado,84,0.0,1.0,40.5,-20.67759,-48.6433
2024/08/14 16:45:00,NOAA-20,Brasil,SÃO PAULO,BARRETOS,Cerrado,92,0.0,1.0,8.9,-20.66912,-48.65636
2024/08/14 17:37:00,NOAA-21,Brasil,SÃO PAULO,BARRETOS,Cerrado,85,0.0,1.0,4.9,-20.67496,-48.64084
2024/08/14 17:37:00,NOAA-21,Brasil,SÃO PAULO,BARRETOS,Cerrado,73,0.0,1.0,52.2,-20.68544,-48.6335
2024/08/14 17:37:00,NOAA-21,Brasil,SÃO PAULO,BARRETOS,Cerrado,80,0.0,1.0,58.7,-20.68159,-48.64338
2024/08/14 17:37:00,NOAA-21,Brasil,SÃO PAULO,BARRETOS,Cerrado,79,0.0,1.0,58.7,-20.68066,-48.63921
2024/08/14 17:37:00,NOAA-21,Brasil,SÃO PAULO,BARRETOS,Cerrado,87,0.0,1.0,4.9,-20.67592,-48.6451
2024/08/14 17:37:00,NOAA-21,Brasil,SÃO PAULO,BARRETOS,Cerrado,74,0.0,1.0,58.7,-20.68728,-48.64172
2024/08/14 17:37:00,NOAA-21,Brasil,SÃO PAULO,BARRETOS,Cerrado,73,0.0,1.0,58.7,-20.68636,-48.6376
2024/08/14 22:27:00,GOES-16,Brasil,SÃO PAULO,BARRETOS,Cerrado,79,0.0,1.0,50.9,-20.6829,-48.653
2024/08/14 22:27:00,GOES-16,Brasil,SÃO PAULO,BARRETOS,Cerrado,73,0.0,1.0,73.0,-20.6835,-48.6298
2024/08/14 22:47:00,GOES-16,Brasil,SÃO PAULO,BARRETOS,Cerrado,79,0.0,1.0,42.4,-20.6829,-48.653
2024/08/14 22:47:00,GOES-16,Brasil,SÃO PAULO,BARRETOS,Cerrado,91,0.0,1.0,45.4,-20.663,-48.6344
2024/08/14 22:47:00,GOES-16,Brasil,SÃO PAULO,BARRETOS,Cerrado,73,0.0,1.0,64.8,-20.6835,-48.6298
2024/08/14 22:57:00,GOES-16,Brasil,SÃO PAULO,BARRETOS,Cerrado,91,0.0,1.0,50.9,-20.663,-48.6344
2024/08/14 22:57:00,GOES-16,Brasil,SÃO PAULO,BARRETOS,Cerrado,79,0.0,1.0,72.7,-20.6829,-48.653
2024/08/14 22:57:00,GOES-16,Brasil,SÃO PAULO,BARRETOS,Cerrado,73,0.0,1.0,86.0,-20.6835,-48.6298
2024/08/14 23:07:00,GOES-16,Brasil,SÃO PAULO,BARRETOS,Cerrado,91,0.0,1.0,48.9,-20.663,-48.6344
2024/08/15 00:22:01,METOP-B,Brasil,SÃO PAULO,BARRETOS,Cerrado,80,0.0,1.0,,-20.679899215698242,-48.63880157470703
2024/08/15 00:22:01,METOP-B,Brasil,SÃO PAULO,BARRETOS,Cerrado,75,0.0,1.0,,-20.677499771118164,-48.625701904296875
2024/08/15 00:22:01,METOP-B,Brasil,SÃO PAULO,BARRETOS,Cerrado,69,0.0,1.0,,-20.68720054626465,-48.62369918823242
2024/08/15 01:15:24,METOP-C,Brasil,SÃO PAULO,BARRETOS,Cerrado,75,0.0,1.0,,-20.686899185180664,-48.6432991027832
2024/08/15 01:15:24,METOP-C,Brasil,SÃO PAULO,BARRETOS,Cerrado,86,0.0,1.0,,-20.677200317382812,-48.645999908447266
2024/08/15 01:15:24,METOP-C,Brasil,SÃO PAULO,BARRETOS,Cerrado,83,0.0,1.0,,-20.674800872802734,-48.63629913330078
2024/08/15 01:15:24,METOP-C,Brasil,SÃO PAULO,BARRETOS,Cerrado,74,0.0,1.0,,-20.684499740600586,-48.63359832763672
2024/08/15 03:34:00,NPP-375D,Brasil,SÃO PAULO,BARRETOS,Cerrado,87,0.0,1.0,4.1,-20.6777,-48.64877
2024/08/15 03:34:00,NPP-375D,Brasil,SÃO PAULO,BARRETOS,Cerrado,83,0.0,1.0,4.1,-20.67908,-48.64299
2024/08/15 03:34:00,NPP-375D,Brasil,SÃO PAULO,BARRETOS,Cerrado,94,0.0,1.0,6.5,-20.67004,-48.65228
2024/08/15 03:34:00,NPP-375D,Brasil,SÃO PAULO,BARRETOS,Cerrado,93,0.0,1.0,2.6,-20.67142,-48.64647
2024/08/15 03:34:00,NPP-375D,Brasil,SÃO PAULO,BARRETOS,Cerrado,98,0.0,1.0,2.6,-20.665,-48.64481
2024/08/15 03:34:00,NPP-375D,Brasil,SÃO PAULO,BARRETOS,Cerrado,88,0.0,1.0,2.6,-20.67276,-48.6409
2024/08/15 03:57:00,NOAA-20,Brasil,SÃO PAULO,BARRETOS,Cerrado,93,0.0,1.0,4.6,-20.67088,-48.64579
2024/08/15 03:57:00,NOAA-20,Brasil,SÃO PAULO,BARRETOS,Cerrado,96,0.0,1.0,2.6,-20.66996,-48.65046
2024/08/15 03:57:00,NOAA-20,Brasil,SÃO PAULO,BARRETOS,Cerrado,97,0.0,1.0,1.8,-20.66647,-48.64483
2024/08/15 03:57:00,NOAA-20,Brasil,SÃO PAULO,BARRETOS,Cerrado,85,0.0,1.0,3.0,-20.67963,-48.64811
2024/08/15 03:57:00,NOAA-20,Brasil,SÃO PAULO,BARRETOS,Cerrado,81,0.0,1.0,3.0,-20.68055,-48.64344
2024/08/15 03:57:00,NOAA-20,Brasil,SÃO PAULO,BARRETOS,Cerrado,99,0.0,1.0,2.2,-20.66463,-48.65416
2024/08/15 03:57:00,NOAA-20,Brasil,SÃO PAULO,BARRETOS,Cerrado,77,0.0,1.0,3.0,-20.68493,-48.64459
2024/08/15 03:57:00,NOAA-20,Brasil,SÃO PAULO,BARRETOS,Cerrado,82,0.0,1.0,2.7,-20.67708,-48.6377
2024/08/15 03:57:00,NOAA-20,Brasil,SÃO PAULO,BARRETOS,Cerrado,85,0.0,1.0,4.6,-20.67617,-48.64231
2024/08/15 03:57:00,NOAA-20,Brasil,SÃO PAULO,BARRETOS,Cerrado,89,0.0,1.0,4.6,-20.67526,-48.64694
2024/08/15 03:57:00,NOAA-20,Brasil,SÃO PAULO,BARRETOS,Cerrado,90,0.0,1.0,2.6,-20.67435,-48.65158
2024/08/15 03:57:00,NOAA-20,Brasil,SÃO PAULO,BARRETOS,Cerrado,89,0.0,1.0,4.6,-20.67178,-48.64122
2024/08/15 04:51:00,NOAA-21,Brasil,SÃO PAULO,BARRETOS,Cerrado,78,0.0,1.0,5.3,-20.68547,-48.64655
2024/08/15 04:51:00,NOAA-21,Brasil,SÃO PAULO,BARRETOS,Cerrado,99,0.0,1.0,2.5,-20.66329,-48.65577
2024/08/15 04:51:00,NOAA-21,Brasil,SÃO PAULO,BARRETOS,Cerrado,98,0.0,1.0,2.4,-20.66572,-48.6537
2024/08/15 04:51:00,NOAA-21,Brasil,SÃO PAULO,BARRETOS,Cerrado,97,0.0,1.0,4.7,-20.66672,-48.64581
2024/08/15 04:51:00,NOAA-21,Brasil,SÃO PAULO,BARRETOS,Cerrado,94,0.0,1.0,2.5,-20.66885,-48.64455
2024/08/15 04:51:00,NOAA-21,Brasil,SÃO PAULO,BARRETOS,Cerrado,93,0.0,1.0,4.7,-20.67086,-48.64645
2024/08/15 04:51:00,NOAA-21,Brasil,SÃO PAULO,BARRETOS,Cerrado,90,0.0,1.0,2.4,-20.67136,-48.64243
2024/08/15 04:51:00,NOAA-21,Brasil,SÃO PAULO,BARRETOS,Cerrado,93,0.0,1.0,3.1,-20.67252,-48.64908
2024/08/15 04:51:00,NOAA-21,Brasil,SÃO PAULO,BARRETOS,Cerrado,90,0.0,1.0,3.1,-20.67299,-48.64511
2024/08/15 04:51:00,NOAA-21,Brasil,SÃO PAULO,BARRETOS,Cerrado,87,0.0,1.0,3.7,-20.67347,-48.6411
2024/08/15 04:51:00,NOAA-21,Brasil,SÃO PAULO,BARRETOS,Cerrado,86,0.0,1.0,2.2,-20.67621,-48.65349
2024/08/15 04:51:00,NOAA-21,Brasil,SÃO PAULO,BARRETOS,Cerrado,89,0.0,1.0,3.1,-20.67668,-48.64954
2024/08/15 04:51:00,NOAA-21,Brasil,SÃO PAULO,BARRETOS,Cerrado,86,0.0,1.0,3.1,-20.67715,-48.64559
2024/08/15 04:51:00,NOAA-21,Brasil,SÃO PAULO,BARRETOS,Cerrado,83,0.0,1.0,3.7,-20.67763,-48.64162
2024/08/15 04:51:00,NOAA-21,Brasil,SÃO PAULO,BARRETOS,Cerrado,81,0.0,1.0,3.7,-20.6781,-48.63766
2024/08/15 04:51:00,NOAA-21,Brasil,SÃO PAULO,BARRETOS,Cerrado,82,0.0,1.0,5.3,-20.68131,-48.64606
2024/08/15 04:51:00,NOAA-21,Brasil,SÃO PAULO,BARRETOS,Cerrado,80,0.0,1.0,4.7,-20.68179,-48.64213
2024/08/15 05:14:00,NPP-375D,Brasil,SÃO PAULO,BARRETOS,Cerrado,93,0.0,1.0,2.8,-20.67229,-48.6485
2024/08/15 05:14:00,NPP-375D,Brasil,SÃO PAULO,BARRETOS,Cerrado,89,0.0,1.0,2.8,-20.67274,-48.64323
2024/08/15 05:14:00,NPP-375D,Brasil,SÃO PAULO,BARRETOS,Cerrado,86,0.0,1.0,2.8,-20.67864,-48.64867
2024/08/15 05:14:00,NPP-375D,Brasil,SÃO PAULO,BARRETOS,Cerrado,79,0.0,1.0,1.2,-20.68499,-48.64889
2024/08/15 05:14:00,NPP-375D,Brasil,SÃO PAULO,BARRETOS,Cerrado,80,0.0,1.0,3.4,-20.67953,-48.63836
2024/08/15 05:14:00,NPP-375D,Brasil,SÃO PAULO,BARRETOS,Cerrado,83,0.0,1.0,2.8,-20.67909,-48.64352
2024/08/15 05:14:00,NPP-375D,Brasil,SÃO PAULO,BARRETOS,Cerrado,77,0.0,1.0,1.2,-20.68543,-48.64379
2024/08/15 05:18:00,AQUA_M-M,Brasil,SÃO PAULO,BARRETOS,Cerrado,88,0.0,1.0,6.4,-20.67163,-48.64018
2024/08/15 05:18:00,AQUA_M-M,Brasil,SÃO PAULO,BARRETOS,Cerrado,81,0.0,1.0,15.4,-20.6806,-48.64159
2024/08/15 12:57:00,TERRA_M-T,Brasil,SÃO PAULO,BARRETOS,Cerrado,84,0.0,1.0,13.5,-20.67708,-48.64083
2024/08/15 16:03:00,NPP-375,Brasil,SÃO PAULO,BARRETOS,Cerrado,93,0.0,1.0,15.0,-20.67151,-48.64795
2024/08/15 16:03:00,NPP-375,Brasil,SÃO PAULO,BARRETOS,Cerrado,90,0.0,1.0,16.6,-20.67344,-48.64545
2024/08/15 16:03:00,NPP-375,Brasil,SÃO PAULO,BARRETOS,Cerrado,76,0.0,1.0,1.7,-20.68626,-48.64508
2024/08/15 16:03:00,NPP-375,Brasil,SÃO PAULO,BARRETOS,Cerrado,79,0.0,1.0,3.3,-20.68434,-48.64774
2024/08/15 16:03:00,NPP-375,Brasil,SÃO PAULO,BARRETOS,Cerrado,87,0.0,1.0,16.6,-20.67301,-48.64008
2024/08/15 16:03:00,NPP-375,Brasil,SÃO PAULO,BARRETOS,Cerrado,90,0.0,1.0,36.6,-20.67105,-48.64258
2024/08/15 16:28:00,NOAA-20,Brasil,SÃO PAULO,BARRETOS,Cerrado,78,0.0,1.0,6.2,-20.68406,-48.64249
2024/08/15 16:28:00,NOAA-20,Brasil,SÃO PAULO,BARRETOS,Cerrado,92,0.0,1.0,46.4,-20.67268,-48.64701
2024/08/15 16:28:00,NOAA-20,Brasil,SÃO PAULO,BARRETOS,Cerrado,85,0.0,1.0,46.4,-20.67645,-48.64233
2024/08/15 16:28:00,NOAA-20,Brasil,SÃO PAULO,BARRETOS,Cerrado,79,0.0,1.0,6.2,-20.68455,-48.6468
2024/08/15 16:28:00,NOAA-20,Brasil,SÃO PAULO,BARRETOS,Cerrado,77,0.0,1.0,7.5,-20.6855,-48.64568
2024/08/15 16:28:00,NOAA-20,Brasil,SÃO PAULO,BARRETOS,Cerrado,87,0.0,1.0,91.4,-20.67167,-48.63861
2024/08/15 16:28:00,NOAA-20,Brasil,SÃO PAULO,BARRETOS,Cerrado,89,0.0,1.0,46.4,-20.67217,-48.64279
2024/08/15 16:28:00,NOAA-20,Brasil,SÃO PAULO,BARRETOS,Cerrado,81,0.0,1.0,7.5,-20.68071,-48.64186
2024/08/15 17:17:00,NOAA-21,Brasil,SÃO PAULO,BARRETOS,Cerrado,82,0.0,1.0,5.6,-20.68272,-48.64908
2024/08/15 17:17:00,NOAA-21,Brasil,SÃO PAULO,BARRETOS,Cerrado,83,0.0,1.0,10.2,-20.67593,-48.63728
2024/08/15 17:17:00,NOAA-21,Brasil,SÃO PAULO,BARRETOS,Cerrado,84,0.0,1.0,10.2,-20.67678,-48.6416
2024/08/15 17:17:00,NOAA-21,Brasil,SÃO PAULO,BARRETOS,Cerrado,82,0.0,1.0,9.5,-20.67962,-48.64352
2024/08/15 17:17:00,NOAA-21,Brasil,SÃO PAULO,BARRETOS,Cerrado,92,0.0,1.0,13.0,-20.67109,-48.64564
2024/08/15 17:17:00,NOAA-21,Brasil,SÃO PAULO,BARRETOS,Cerrado,81,0.0,1.0,5.6,-20.68188,-48.64484
2024/08/15 17:17:00,NOAA-21,Brasil,SÃO PAULO,BARRETOS,Cerrado,76,0.0,1.0,16.2,-20.68615,-48.6438
2024/08/15 17:17:00,NOAA-21,Brasil,SÃO PAULO,BARRETOS,Cerrado,90,0.0,1.0,74.5,-20.67026,-48.64126
2024/08/15 17:17:00,NOAA-21,Brasil,SÃO PAULO,BARRETOS,Cerrado,89,0.0,1.0,102.8,-20.67252,-48.64263
2024/08/15 17:17:00,NOAA-21,Brasil,SÃO PAULO,BARRETOS,Cerrado,81,0.0,1.0,139.1,-20.6788,-48.63924
2024/08/15 17:17:00,NOAA-21,Brasil,SÃO PAULO,BARRETOS,Cerrado,76,0.0,1.0,16.2,-20.68698,-48.64804
2024/08/15 17:17:00,NOAA-21,Brasil,SÃO PAULO,BARRETOS,Cerrado,94,0.0,1.0,102.8,-20.66824,-48.6436
2024/08/15 17:17:00,NOAA-21,Brasil,SÃO PAULO,BARRETOS,Cerrado,96,0.0,1.0,7.0,-20.66909,-48.64793
2024/08/15 17:17:00,NOAA-21,Brasil,SÃO PAULO,BARRETOS,Cerrado,80,0.0,1.0,10.2,-20.68105,-48.64058
2024/08/15 17:43:00,NPP-375,Brasil,SÃO PAULO,BARRETOS,Cerrado,91,0.0,1.0,43.2,-20.66881,-48.6405
2024/08/15 17:43:00,NPP-375,Brasil,SÃO PAULO,BARRETOS,Cerrado,82,0.0,1.0,43.2,-20.67382,-48.63302
2024/08/15 17:43:00,NPP-375,Brasil,SÃO PAULO,BARRETOS,Cerrado,91,0.0,1.0,67.9,-20.6689,-48.64002
2024/08/15 17:43:00,NPP-375,Brasil,SÃO PAULO,BARRETOS,Cerrado,79,0.0,1.0,2.7,-20.68412,-48.64707
2024/08/15 17:43:00,NPP-375,Brasil,SÃO PAULO,BARRETOS,Cerrado,88,0.0,1.0,43.2,-20.66747,-48.63478
2024/08/15 17:43:00,NPP-375,Brasil,SÃO PAULO,BARRETOS,Cerrado,88,0.0,1.0,41.2,-20.66753,-48.63429
2024/08/15 17:43:00,NPP-375,Brasil,SÃO PAULO,BARRETOS,Cerrado,80,0.0,1.0,6.2,-20.68395,-48.64751
2024/08/15 17:43:00,NPP-375,Brasil,SÃO PAULO,BARRETOS,Cerrado,84,0.0,1.0,67.9,-20.67524,-48.63823
2024/08/15 17:43:00,NPP-375,Brasil,SÃO PAULO,BARRETOS,Cerrado,84,0.0,1.0,43.2,-20.67514,-48.63869
2024/08/15 17:43:00,NPP-375,Brasil,SÃO PAULO,BARRETOS,Cerrado,82,0.0,1.0,41.2,-20.67389,-48.63258
2024/08/16 00:54:11,METOP-C,Brasil,SÃO PAULO,BARRETOS,Cerrado,88,0.0,1.0,,-20.674100875854492,-48.6432991027832
2024/08/16 00:54:11,METOP-C,Brasil,SÃO PAULO,BARRETOS,Cerrado,78,0.0,1.0,,-20.683900833129883,-48.640899658203125
2024/08/16 00:54:11,METOP-C,Brasil,SÃO PAULO,BARRETOS,Cerrado,76,0.0,1.0,,-20.682300567626953,-48.633399963378906
2024/08/16 01:05:00,TERRA_M-M,Brasil,SÃO PAULO,BARRETOS,Cerrado,84,0.0,1.0,13.8,-20.67737,-48.64201
2024/08/16 01:05:00,TERRA_M-M,Brasil,SÃO PAULO,BARRETOS,Cerrado,94,0.0,1.0,6.1,-20.6683,-48.64336
2024/08/16 03:40:00,NOAA-20,Brasil,SÃO PAULO,BARRETOS,Cerrado,92,0.0,1.0,2.5,-20.66995,-48.64254
2024/08/16 03:40:00,NOAA-20,Brasil,SÃO PAULO,BARRETOS,Cerrado,88,0.0,1.0,6.0,-20.67097,-48.63803
2024/08/16 03:40:00,NOAA-20,Brasil,SÃO PAULO,BARRETOS,Cerrado,87,0.0,1.0,3.1,-20.67577,-48.64432
2024/08/16 03:40:00,NOAA-20,Brasil,SÃO PAULO,BARRETOS,Cerrado,83,0.0,1.0,2.1,-20.67682,-48.63971
2024/08/16 03:40:00,NOAA-20,Brasil,SÃO PAULO,BARRETOS,Cerrado,96,0.0,1.0,2.5,-20.6689,-48.64714
2024/08/16 04:29:00,NOAA-21,Brasil,SÃO PAULO,BARRETOS,Cerrado,83,0.0,1.0,1.5,-20.67809,-48.6402
2024/08/16 04:29:00,NOAA-21,Brasil,SÃO PAULO,BARRETOS,Cerrado,82,0.0,1.0,1.5,-20.68086,-48.64449
2024/08/16 04:29:00,NOAA-21,Brasil,SÃO PAULO,BARRETOS,Cerrado,79,0.0,1.0,1.1,-20.6842,-48.64505
2024/08/16 04:29:00,NOAA-21,Brasil,SÃO PAULO,BARRETOS,Cerrado,85,0.0,1.0,1.5,-20.67753,-48.64394
2024/08/16 04:29:00,NOAA-21,Brasil,SÃO PAULO,BARRETOS,Cerrado,91,0.0,1.0,2.1,-20.67085,-48.64282
2024/08/16 04:29:00,NOAA-21,Brasil,SÃO PAULO,BARRETOS,Cerrado,94,0.0,1.0,2.5,-20.67028,-48.64657
2024/08/16 04:29:00,NOAA-21,Brasil,SÃO PAULO,BARRETOS,Cerrado,88,0.0,1.0,2.1,-20.67141,-48.63908
2024/08/16 04:29:00,NOAA-21,Brasil,SÃO PAULO,BARRETOS,Cerrado,88,0.0,1.0,2.1,-20.67419,-48.64338
2024/08/16 04:29:00,NOAA-21,Brasil,SÃO PAULO,BARRETOS,Cerrado,85,0.0,1.0,2.1,-20.67475,-48.63964
2024/08/16 04:29:00,NOAA-21,Brasil,SÃO PAULO,BARRETOS,Cerrado,83,0.0,1.0,9.4,-20.67532,-48.63589
2024/08/16 04:55:00,NPP-375D,Brasil,SÃO PAULO,BARRETOS,Cerrado,87,0.0,1.0,1.9,-20.67533,-48.64351
2024/08/16 04:55:00,NPP-375D,Brasil,SÃO PAULO,BARRETOS,Cerrado,87,0.0,1.0,3.1,-20.67123,-48.63782
2024/08/16 04:55:00,NPP-375D,Brasil,SÃO PAULO,BARRETOS,Cerrado,91,0.0,1.0,1.9,-20.67064,-48.64301
2024/08/16 04:55:00,NPP-375D,Brasil,SÃO PAULO,BARRETOS,Cerrado,84,0.0,1.0,3.1,-20.6759,-48.63837
2024/08/16 04:55:00,NPP-375D,Brasil,SÃO PAULO,BARRETOS,Cerrado,83,0.0,1.0,2.7,-20.68001,-48.64397
2024/08/16 04:55:00,NPP-375D,Brasil,SÃO PAULO,BARRETOS,Cerrado,95,0.0,1.0,1.9,-20.67007,-48.64814
2024/08/16 05:21:00,NOAA-20,Brasil,SÃO PAULO,BARRETOS,Cerrado,84,0.0,1.0,2.0,-20.67826,-48.6426
2024/08/16 05:21:00,NOAA-20,Brasil,SÃO PAULO,BARRETOS,Cerrado,91,0.0,1.0,2.4,-20.67061,-48.64249
2024/08/16 05:21:00,NOAA-20,Brasil,SÃO PAULO,BARRETOS,Cerrado,90,0.0,1.0,3.2,-20.67138,-48.64235
2024/08/16 05:21:00,NOAA-20,Brasil,SÃO PAULO,BARRETOS,Cerrado,84,0.0,1.0,2.4,-20.67748,-48.64273
2024/08/16 16:07:00,NOAA-20,Brasil,SÃO PAULO,BARRETOS,Cerrado,58,0.0,1.0,27.9,-20.59564,-48.70543
2024/08/16 16:07:00,NOAA-20,Brasil,SÃO PAULO,BARRETOS,Cerrado,57,0.0,1.0,15.3,-20.58983,-48.70617
2024/08/16 16:07:00,NOAA-20,Brasil,SÃO PAULO,BARRETOS,Cerrado,87,0.0,1.0,6.9,-20.67133,-48.6368
2024/08/16 16:07:00,NOAA-20,Brasil,SÃO PAULO,BARRETOS,Cerrado,83,0.0,1.0,6.7,-20.67752,-48.64061
2024/08/16 17:00:00,NOAA-21,Brasil,SÃO PAULO,BARRETOS,Cerrado,81,0.0,1.0,3.2,-20.68199,-48.64477
2024/08/16 17:00:00,NOAA-21,Brasil,SÃO PAULO,BARRETOS,Cerrado,58,0.0,1.0,186.8,-20.59085,-48.70527
2024/08/16 17:00:00,NOAA-21,Brasil,SÃO PAULO,BARRETOS,Cerrado,32,0.0,1.0,10.8,-20.56753,-48.52186
2024/08/16 17:00:00,NOAA-21,Brasil,SÃO PAULO,BARRETOS,Cerrado,59,0.0,1.0,38.9,-20.59423,-48.70466
2024/08/16 17:00:00,NOAA-21,Brasil,SÃO PAULO,BARRETOS,Cerrado,54,0.0,1.0,12.7,-20.59148,-48.70913
2024/08/16 17:00:00,NOAA-21,Brasil,SÃO PAULO,BARRETOS,Cerrado,55,0.0,1.0,11.1,-20.59486,-48.70851
2024/08/16 17:00:00,NOAA-21,Brasil,SÃO PAULO,BARRETOS,Cerrado,92,0.0,1.0,47.8,-20.66721,-48.63962
2024/08/16 17:00:00,NOAA-21,Brasil,SÃO PAULO,BARRETOS,Cerrado,89,0.0,1.0,47.8,-20.67059,-48.63898
2024/08/16 17:26:00,NPP-375,Brasil,SÃO PAULO,BARRETOS,Cerrado,64,0.0,1.0,63.0,-20.58899,-48.70009
2024/08/16 17:26:00,NPP-375,Brasil,SÃO PAULO,BARRETOS,Cerrado,85,0.0,1.0,8.1,-20.67442,-48.63786
2024/08/16 17:26:00,NPP-375,Brasil,SÃO PAULO,BARRETOS,Cerrado,91,0.0,1.0,151.3,-20.66672,-48.63701
2024/08/16 17:26:00,NPP-375,Brasil,SÃO PAULO,BARRETOS,Cerrado,58,0.0,1.0,70.1,-20.59684,-48.70524
2024/08/16 17:26:00,NPP-375,Brasil,SÃO PAULO,BARRETOS,Cerrado,53,0.0,1.0,9.6,-20.59609,-48.71009
2024/08/16 17:26:00,NPP-375,Brasil,SÃO PAULO,BARRETOS,Cerrado,63,0.0,1.0,64.9,-20.59092,-48.70072
2024/08/16 17:26:00,NPP-375,Brasil,SÃO PAULO,BARRETOS,Cerrado,31,0.0,1.0,14.0,-20.5704,-48.52201
2024/08/16 17:26:00,NPP-375,Brasil,SÃO PAULO,BARRETOS,Cerrado,32,0.0,1.0,12.0,-20.56724,-48.52198
2024/08/16 17:26:00,NPP-375,Brasil,SÃO PAULO,BARRETOS,Cerrado,59,0.0,1.0,63.0,-20.59496,-48.70462
2024/08/16 17:49:00,NOAA-20,Brasil,SÃO PAULO,BARRETOS,Cerrado,63,0.0,1.0,13.8,-20.5927,-48.70063
2024/08/16 17:49:00,NOAA-20,Brasil,SÃO PAULO,BARRETOS,Cerrado,83,0.0,1.0,58.1,-20.66881,-48.6287
2024/08/16 17:49:00,NOAA-20,Brasil,SÃO PAULO,BARRETOS,Cerrado,31,0.0,1.0,4.3,-20.57081,-48.52207
2024/08/16 17:49:00,NOAA-20,Brasil,SÃO PAULO,BARRETOS,Cerrado,56,0.0,1.0,9.1,-20.59436,-48.70735
2024/08/16 17:49:00,NOAA-20,Brasil,SÃO PAULO,BARRETOS,Cerrado,87,0.0,1.0,56.0,-20.67058,-48.63587
2024/08/16 18:09:00,AQUA_M-T,Brasil,SÃO PAULO,BARRETOS,Cerrado,88,0.0,1.0,24.7,-20.65671,-48.62595
2024/08/16 18:09:00,AQUA_M-T,Brasil,SÃO PAULO,BARRETOS,Cerrado,94,0.0,1.0,85.3,-20.65802,-48.63312
2024/08/16 18:09:00,AQUA_M-T,Brasil,SÃO PAULO,BARRETOS,Cerrado,105,0.0,1.0,129.6,-20.66079,-48.64721
2024/08/16 18:09:00,AQUA_M-T,Brasil,SÃO PAULO,BARRETOS,Cerrado,102,0.0,1.0,76.3,-20.66192,-48.65428
2024/08/16 18:27:00,GOES-16,Brasil,SÃO PAULO,BARRETOS,Cerrado,74,0.0,1.0,205.3,-20.6835,-48.6298
2024/08/16 18:37:00,GOES-16,Brasil,SÃO PAULO,BARRETOS,Cerrado,74,0.0,1.0,151.4,-20.6835,-48.6298
2024/08/16 18:47:00,GOES-16,Brasil,SÃO PAULO,BARRETOS,Cerrado,92,0.0,1.0,410.3,-20.663,-48.6344
2024/08/16 18:47:00,GOES-16,Brasil,SÃO PAULO,BARRETOS,Cerrado,98,0.0,1.0,108.7,-20.6624,-48.6576
2024/08/16 18:47:00,GOES-16,Brasil,SÃO PAULO,BARRETOS,Cerrado,74,0.0,1.0,215.5,-20.6835,-48.6298
2024/08/16 18:57:00,GOES-16,Brasil,SÃO PAULO,BARRETOS,Cerrado,98,0.0,1.0,128.7,-20.6624,-48.6576
2024/08/16 18:57:00,GOES-16,Brasil,SÃO PAULO,BARRETOS,Cerrado,74,0.0,1.0,163.1,-20.6835,-48.6298
2024/08/16 19:03:26,MSG-03,Brasil,SÃO PAULO,BARRETOS,Cerrado,84,0.0,1.0,,-20.65,-48.62
2024/08/16 19:07:00,GOES-16,Brasil,SÃO PAULO,BARRETOS,Cerrado,74,0.0,1.0,236.1,-20.6835,-48.6298
2024/08/16 19:07:00,GOES-16,Brasil,SÃO PAULO,BARRETOS,Cerrado,80,0.0,1.0,94.7,-20.6829,-48.653
2024/08/16 19:07:00,GOES-16,Brasil,SÃO PAULO,BARRETOS,Cerrado,98,0.0,1.0,171.6,-20.6624,-48.6576
2024/08/16 19:17:00,GOES-16,Brasil,SÃO PAULO,BARRETOS,Cerrado,74,0.0,1.0,230.0,-20.6835,-48.6298
2024/08/16 19:17:00,GOES-16,Brasil,SÃO PAULO,BARRETOS,Cerrado,98,0.0,1.0,115.6,-20.6624,-48.6576
2024/08/16 19:27:00,GOES-16,Brasil,SÃO PAULO,BARRETOS,Cerrado,98,0.0,1.0,90.8,-20.6624,-48.6576
2024/08/16 19:27:00,GOES-16,Brasil,SÃO PAULO,BARRETOS,Cerrado,92,0.0,1.0,254.8,-20.663,-48.6344
2024/08/16 19:27:00,GOES-16,Brasil,SÃO PAULO,BARRETOS,Cerrado,74,0.0,1.0,109.7,-20.6835,-48.6298
2024/08/16 19:37:00,GOES-16,Brasil,SÃO PAULO,BARRETOS,Cerrado,74,0.0,1.0,131.6,-20.6835,-48.6298
2024/08/16 19:37:00,GOES-16,Brasil,SÃO PAULO,BARRETOS,Cerrado,92,0.0,1.0,176.8,-20.663,-48.6344
2024/08/16 19:47:00,GOES-16,Brasil,SÃO PAULO,BARRETOS,Cerrado,74,0.0,1.0,141.0,-20.6835,-48.6298
2024/08/16 19:47:00,GOES-16,Brasil,SÃO PAULO,BARRETOS,Cerrado,92,0.0,1.0,301.2,-20.663,-48.6344
2024/08/16 19:47:00,GOES-16,Brasil,SÃO PAULO,BARRETOS,Cerrado,98,0.0,1.0,91.5,-20.6624,-48.6576
2024/08/16 19:57:00,GOES-16,Brasil,SÃO PAULO,BARRETOS,Cerrado,92,0.0,1.0,254.6,-20.663,-48.6344
2024/08/16 19:57:00,GOES-16,Brasil,SÃO PAULO,BARRETOS,Cerrado,74,0.0,1.0,121.5,-20.6835,-48.6298
2024/08/16 20:07:00,GOES-16,Brasil,SÃO PAULO,BARRETOS,Cerrado,92,0.0,1.0,168.6,-20.663,-48.6344
2024/08/16 20:07:00,GOES-16,Brasil,SÃO PAULO,BARRETOS,Cerrado,74,0.0,1.0,77.4,-20.6835,-48.6298
2024/08/16 20:17:00,GOES-16,Brasil,SÃO PAULO,BARRETOS,Cerrado,74,0.0,1.0,105.2,-20.6835,-48.6298
2024/08/16 20:17:00,GOES-16,Brasil,SÃO PAULO,BARRETOS,Cerrado,92,0.0,1.0,122.5,-20.663,-48.6344
2024/08/16 20:27:00,GOES-16,Brasil,SÃO PAULO,BARRETOS,Cerrado,92,0.0,1.0,127.1,-20.663,-48.6344
2024/08/17 00:33:28,METOP-C,Brasil,SÃO PAULO,BARRETOS,Cerrado,96,0.0,1.0,,-20.660999298095703,-48.637001037597656
2024/08/17 00:33:28,METOP-C,Brasil,SÃO PAULO,BARRETOS,Cerrado,86,0.0,1.0,,-20.670799255371094,-48.6349983215332
2024/08/17 00:33:28,METOP-C,Brasil,SÃO PAULO,BARRETOS,Cerrado,86,0.0,1.0,,-20.658700942993164,-48.6244010925293
2024/08/17 01:20:19,METOP-B,Brasil,SÃO PAULO,BARRETOS,Cerrado,95,0.0,1.0,,-20.65999984741211,-48.63560104370117
2024/08/17 04:12:00,NOAA-21,Brasil,SÃO PAULO,BARRETOS,Cerrado,82,0.0,1.0,1.4,-20.68048,-48.64391
2024/08/17 04:12:00,NOAA-21,Brasil,SÃO PAULO,BARRETOS,Cerrado,83,0.0,1.0,3.0,-20.67824,-48.64068
2024/08/17 04:12:00,NOAA-21,Brasil,SÃO PAULO,BARRETOS,Cerrado,82,0.0,1.0,1.0,-20.67767,-48.63851
2024/08/17 04:12:00,NOAA-21,Brasil,SÃO PAULO,BARRETOS,Cerrado,91,0.0,1.0,4.0,-20.66726,-48.6384
2024/08/17 04:12:00,NOAA-21,Brasil,SÃO PAULO,BARRETOS,Cerrado,96,0.0,1.0,4.0,-20.66644,-48.643
2024/08/17 04:12:00,NOAA-21,Brasil,SÃO PAULO,BARRETOS,Cerrado,86,0.0,1.0,1.0,-20.67683,-48.64312
2024/08/17 04:12:00,NOAA-21,Brasil,SÃO PAULO,BARRETOS,Cerrado,90,0.0,1.0,2.9,-20.6644,-48.6331
2024/08/17 04:12:00,NOAA-21,Brasil,SÃO PAULO,BARRETOS,Cerrado,94,0.0,1.0,4.0,-20.66359,-48.63766
2024/08/17 04:12:00,NOAA-21,Brasil,SÃO PAULO,BARRETOS,Cerrado,99,0.0,1.0,4.0,-20.66277,-48.64228
2024/08/17 04:12:00,NOAA-21,Brasil,SÃO PAULO,BARRETOS,Cerrado,89,0.0,1.0,1.0,-20.67318,-48.64233
2024/08/17 04:12:00,NOAA-21,Brasil,SÃO PAULO,BARRETOS,Cerrado,86,0.0,1.0,2.7,-20.67458,-48.63991
2024/08/17 04:12:00,NOAA-21,Brasil,SÃO PAULO,BARRETOS,Cerrado,92,0.0,1.0,1.0,-20.66073,-48.63237
2024/08/17 04:12:00,NOAA-21,Brasil,SÃO PAULO,BARRETOS,Cerrado,96,0.0,1.0,2.8,-20.65992,-48.63694
2024/08/17 04:12:00,NOAA-21,Brasil,SÃO PAULO,BARRETOS,Cerrado,92,0.0,1.0,2.0,-20.67234,-48.64691
2024/08/17 04:12:00,NOAA-21,Brasil,SÃO PAULO,BARRETOS,Cerrado,87,0.0,1.0,2.9,-20.66806,-48.63384
2024/08/17 04:12:00,NOAA-21,Brasil,SÃO PAULO,BARRETOS,Cerrado,85,0.0,1.0,1.5,-20.67172,-48.63458
2024/08/17 04:36:00,NPP-375D,Brasil,SÃO PAULO,BARRETOS,Cerrado,99,0.0,1.0,2.5,-20.66186,-48.64216
2024/08/17 04:36:00,NPP-375D,Brasil,SÃO PAULO,BARRETOS,Cerrado,93,0.0,1.0,1.8,-20.65951,-48.63319
2024/08/17 04:36:00,NPP-375D,Brasil,SÃO PAULO,BARRETOS,Cerrado,84,0.0,1.0,1.4,-20.67955,-48.64491
2024/08/17 04:36:00,NPP-375D,Brasil,SÃO PAULO,BARRETOS,Cerrado,84,0.0,1.0,1.4,-20.6766,-48.6402
2024/08/17 04:36:00,NPP-375D,Brasil,SÃO PAULO,BARRETOS,Cerrado,87,0.0,1.0,1.4,-20.67306,-48.63966
2024/08/17 04:36:00,NPP-375D,Brasil,SÃO PAULO,BARRETOS,Cerrado,87,0.0,1.0,2.8,-20.67012,-48.63488
2024/08/17 04:36:00,NPP-375D,Brasil,SÃO PAULO,BARRETOS,Cerrado,90,0.0,1.0,2.3,-20.66952,-48.63911
2024/08/17 04:36:00,NPP-375D,Brasil,SÃO PAULO,BARRETOS,Cerrado,89,0.0,1.0,2.8,-20.66658,-48.63432
2024/08/17 04:36:00,NPP-375D,Brasil,SÃO PAULO,BARRETOS,Cerrado,93,0.0,1.0,2.3,-20.66599,-48.63855
2024/08/17 04:36:00,NPP-375D,Brasil,SÃO PAULO,BARRETOS,Cerrado,96,0.0,1.0,2.3,-20.6654,-48.64273
2024/08/17 04:36:00,NPP-375D,Brasil,SÃO PAULO,BARRETOS,Cerrado,91,0.0,1.0,1.8,-20.66304,-48.63377
2024/08/17 04:36:00,NPP-375D,Brasil,SÃO PAULO,BARRETOS,Cerrado,95,0.0,1.0,2.5,-20.66245,-48.63799
2024/08/17 04:36:00,NPP-375D,Brasil,SÃO PAULO,BARRETOS,Cerrado,98,0.0,1.0,2.5,-20.65892,-48.63739
2024/08/17 04:59:00,NOAA-20,Brasil,SÃO PAULO,BARRETOS,Cerrado,97,0.0,1.0,1.7,-20.66504,-48.64258
2024/08/17 04:59:00,NOAA-20,Brasil,SÃO PAULO,BARRETOS,Cerrado,101,0.0,1.0,1.4,-20.65994,-48.64188
2024/08/17 04:59:00,NOAA-20,Brasil,SÃO PAULO,BARRETOS,Cerrado,98,0.0,1.0,1.8,-20.66027,-48.63876
2024/08/17 04:59:00,NOAA-20,Brasil,SÃO PAULO,BARRETOS,Cerrado,95,0.0,1.0,1.8,-20.6606,-48.63557
2024/08/17 04:59:00,NOAA-20,Brasil,SÃO PAULO,BARRETOS,Cerrado,94,0.0,1.0,1.9,-20.66538,-48.63942
2024/08/17 04:59:00,NOAA-20,Brasil,SÃO PAULO,BARRETOS,Cerrado,91,0.0,1.0,1.9,-20.66572,-48.63619
2024/08/17 04:59:00,NOAA-20,Brasil,SÃO PAULO,BARRETOS,Cerrado,88,0.0,1.0,2.3,-20.66607,-48.63291
2024/08/17 04:59:00,NOAA-20,Brasil,SÃO PAULO,BARRETOS,Cerrado,95,0.0,1.0,1.7,-20.66982,-48.64643
2024/08/17 04:59:00,NOAA-20,Brasil,SÃO PAULO,BARRETOS,Cerrado,90,0.0,1.0,1.9,-20.6705,-48.64
2024/08/17 04:59:00,NOAA-20,Brasil,SÃO PAULO,BARRETOS,Cerrado,87,0.0,1.0,1.9,-20.67084,-48.63676
2024/08/17 04:59:00,NOAA-20,Brasil,SÃO PAULO,BARRETOS,Cerrado,85,0.0,1.0,1.0,-20.67563,-48.6405
2024/08/17 05:01:00,AQUA_M-M,Brasil,SÃO PAULO,BARRETOS,Cerrado,87,0.0,1.0,11.2,-20.66966,-48.635
2024/08/17 05:01:00,AQUA_M-M,Brasil,SÃO PAULO,BARRETOS,Cerrado,93,0.0,1.0,9.2,-20.65963,-48.6331
2024/08/17 12:38:00,TERRA_M-T,Brasil,SÃO PAULO,BARRETOS,Cerrado,87,0.0,1.0,10.1,-20.6697,-48.6351
2024/08/17 16:39:00,NOAA-21,Brasil,SÃO PAULO,BARRETOS,Cerrado,94,0.0,1.0,7.2,-20.66923,-48.64404
2024/08/17 16:39:00,NOAA-21,Brasil,SÃO PAULO,BARRETOS,Cerrado,91,0.0,1.0,6.0,-20.66866,-48.63976
2024/08/17 16:39:00,NOAA-21,Brasil,SÃO PAULO,BARRETOS,Cerrado,88,0.0,1.0,9.5,-20.66863,-48.6347
2024/08/17 16:39:00,NOAA-21,Brasil,SÃO PAULO,BARRETOS,Cerrado,96,0.0,1.0,26.8,-20.66625,-48.64377
2024/08/17 16:39:00,NOAA-21,Brasil,SÃO PAULO,BARRETOS,Cerrado,85,0.0,1.0,6.0,-20.67165,-48.63497
2024/08/17 16:39:00,NOAA-21,Brasil,SÃO PAULO,BARRETOS,Cerrado,92,0.0,1.0,5.2,-20.66981,-48.64323
2024/08/17 16:39:00,NOAA-21,Brasil,SÃO PAULO,BARRETOS,Cerrado,84,0.0,1.0,9.5,-20.67219,-48.63417
2024/08/17 16:39:00,NOAA-21,Brasil,SÃO PAULO,BARRETOS,Cerrado,94,0.0,1.0,12.1,-20.66566,-48.63949
2024/08/17 16:39:00,NOAA-21,Brasil,SÃO PAULO,BARRETOS,Cerrado,89,0.0,1.0,6.0,-20.66808,-48.63549
2024/08/17 17:05:00,NPP-375,Brasil,SÃO PAULO,BARRETOS,Cerrado,97,0.0,1.0,14.6,-20.6666,-48.64529
2024/08/17 17:05:00,NPP-375,Brasil,SÃO PAULO,BARRETOS,Cerrado,95,0.0,1.0,14.6,-20.66582,-48.6408
2024/08/17 17:05:00,NPP-375,Brasil,SÃO PAULO,BARRETOS,Cerrado,91,0.0,1.0,14.6,-20.66946,-48.64009
2024/08/17 17:05:00,NPP-375,Brasil,SÃO PAULO,BARRETOS,Cerrado,85,0.0,1.0,6.2,-20.67231,-48.63485
2024/08/17 17:05:00,NPP-375,Brasil,SÃO PAULO,BARRETOS,Cerrado,88,0.0,1.0,20.3,-20.66867,-48.63557
2024/08/17 17:30:00,NOAA-20,Brasil,SÃO PAULO,BARRETOS,Cerrado,92,0.0,1.0,6.5,-20.66915,-48.64214
2024/08/17 17:30:00,NOAA-20,Brasil,SÃO PAULO,BARRETOS,Cerrado,82,0.0,1.0,3.5,-20.67214,-48.63026
2024/08/17 17:30:00,NOAA-20,Brasil,SÃO PAULO,BARRETOS,Cerrado,84,0.0,1.0,3.5,-20.67289,-48.63381
2024/08/17 17:30:00,NOAA-20,Brasil,SÃO PAULO,BARRETOS,Cerrado,89,0.0,1.0,3.5,-20.66766,-48.63511
2024/08/17 17:30:00,NOAA-20,Brasil,SÃO PAULO,BARRETOS,Cerrado,91,0.0,1.0,6.5,-20.66841,-48.63864
2024/08/17 21:46:59,GOES-16,Brasil,SÃO PAULO,BARRETOS,Cerrado,120,0.0,1.0,99.8,-20.3186,-48.5733
2024/08/18 00:59:23,METOP-B,Brasil,SÃO PAULO,BARRETOS,Cerrado,114,0.0,1.0,,-20.611400604248047,-48.645198822021484
2024/08/18 00:59:23,METOP-B,Brasil,SÃO PAULO,BARRETOS,Cerrado,104,0.0,1.0,,-20.60930061340332,-48.636600494384766
2024/08/18 03:51:00,NOAA-21,Brasil,SÃO PAULO,BARRETOS,Cerrado,88,0.0,1.0,3.1,-20.66893,-48.63522
2024/08/18 03:51:00,NOAA-21,Brasil,SÃO PAULO,BARRETOS,Cerrado,91,0.0,1.0,3.1,-20.66407,-48.63407
2024/08/18 03:51:00,NOAA-21,Brasil,SÃO PAULO,BARRETOS,Cerrado,97,0.0,1.0,3.1,-20.66288,-48.6398
2024/08/18 03:51:00,NOAA-21,Brasil,SÃO PAULO,BARRETOS,Cerrado,93,0.0,1.0,3.1,-20.66775,-48.64094
2024/08/18 04:17:00,NPP-375D,Brasil,SÃO PAULO,BARRETOS,Cerrado,93,0.0,1.0,2.5,-20.66359,-48.63594
2024/08/18 04:17:00,NPP-375D,Brasil,SÃO PAULO,BARRETOS,Cerrado,85,0.0,1.0,2.5,-20.67112,-48.63332
2024/08/18 04:17:00,NPP-375D,Brasil,SÃO PAULO,BARRETOS,Cerrado,87,0.0,1.0,2.5,-20.66769,-48.63266
2024/08/18 04:17:00,NPP-375D,Brasil,SÃO PAULO,BARRETOS,Cerrado,91,0.0,1.0,2.5,-20.66702,-48.6366
2024/08/18 04:17:00,NPP-375D,Brasil,SÃO PAULO,BARRETOS,Cerrado,95,0.0,1.0,2.5,-20.66015,-48.6353
2024/08/18 04:17:00,NPP-375D,Brasil,SÃO PAULO,BARRETOS,Cerrado,91,0.0,1.0,2.5,-20.66081,-48.63135
2024/08/18 04:17:00,NPP-375D,Brasil,SÃO PAULO,BARRETOS,Cerrado,86,0.0,1.0,1.6,-20.67666,-48.64257
2024/08/18 04:17:00,NPP-375D,Brasil,SÃO PAULO,BARRETOS,Cerrado,97,0.0,1.0,1.5,-20.66292,-48.6399
2024/08/18 04:17:00,NPP-375D,Brasil,SÃO PAULO,BARRETOS,Cerrado,94,0.0,1.0,2.0,-20.66636,-48.64056
2024/08/18 04:17:00,NPP-375D,Brasil,SÃO PAULO,BARRETOS,Cerrado,89,0.0,1.0,2.5,-20.66425,-48.632
2024/08/18 04:42:00,NOAA-20,Brasil,SÃO PAULO,BARRETOS,Cerrado,92,0.0,1.0,2.8,-20.66371,-48.63531
2024/08/18 04:42:00,NOAA-20,Brasil,SÃO PAULO,BARRETOS,Cerrado,88,0.0,1.0,2.8,-20.66436,-48.63037
2024/08/18 04:42:00,NOAA-20,Brasil,SÃO PAULO,BARRETOS,Cerrado,94,0.0,1.0,1.5,-20.66684,-48.64076
2024/08/18 04:42:00,NOAA-20,Brasil,SÃO PAULO,BARRETOS,Cerrado,90,0.0,1.0,2.8,-20.66749,-48.63586
2024/08/18 04:42:00,NOAA-20,Brasil,SÃO PAULO,BARRETOS,Cerrado,86,0.0,1.0,2.8,-20.66815,-48.63093
2024/08/18 04:42:00,NOAA-20,Brasil,SÃO PAULO,BARRETOS,Cerrado,95,0.0,1.0,1.9,-20.65993,-48.63473
2024/08/18 04:42:00,NOAA-20,Brasil,SÃO PAULO,BARRETOS,Cerrado,97,0.0,1.0,1.5,-20.66306,-48.64019
2024/08/18 04:42:00,NOAA-20,Brasil,SÃO PAULO,BARRETOS,Cerrado,83,0.0,1.0,1.8,-20.67193,-48.63149
2024/08/18 16:22:00,NOAA-21,Brasil,SÃO PAULO,BARRETOS,Cerrado,83,0.0,1.0,23.6,-20.66711,-48.62661
2024/08/18 16:22:00,NOAA-21,Brasil,SÃO PAULO,BARRETOS,Cerrado,87,0.0,1.0,64.1,-20.66768,-48.63183
2024/08/18 16:48:00,NPP-375,Brasil,SÃO PAULO,BARRETOS,Cerrado,87,0.0,1.0,33.2,-20.66734,-48.63234
2024/08/18 16:48:00,NPP-375,Brasil,SÃO PAULO,BARRETOS,Cerrado,85,0.0,1.0,33.2,-20.6668,-48.62855
2024/08/18 16:48:00,NPP-375,Brasil,SÃO PAULO,BARRETOS,Cerrado,82,0.0,1.0,64.1,-20.67017,-48.628
2024/08/18 16:48:00,NPP-375,Brasil,SÃO PAULO,BARRETOS,Cerrado,82,0.0,1.0,64.1,-20.6741,-48.63124
2024/08/18 16:48:00,NPP-375,Brasil,SÃO PAULO,BARRETOS,Cerrado,90,0.0,1.0,33.2,-20.66396,-48.63288
2024/08/18 16:48:00,NPP-375,Brasil,SÃO PAULO,BARRETOS,Cerrado,50,0.0,1.0,71.4,-20.53217,-48.58835
2024/08/18 16:48:00,NPP-375,Brasil,SÃO PAULO,BARRETOS,Cerrado,84,0.0,1.0,64.1,-20.67072,-48.6318
2024/08/18 17:11:00,NOAA-20,Brasil,SÃO PAULO,BARRETOS,Cerrado,53,0.0,1.0,33.2,-20.53141,-48.59035
2024/08/18 17:11:00,NOAA-20,Brasil,SÃO PAULO,BARRETOS,Cerrado,50,0.0,-999.0,11.1,-20.5297,-48.58757
2024/08/18 17:11:00,NOAA-20,Brasil,SÃO PAULO,BARRETOS,Cerrado,49,0.0,1.0,11.1,-20.53363,-48.58675
2024/08/18 17:11:00,NOAA-20,Brasil,SÃO PAULO,BARRETOS,Cerrado,55,0.0,1.0,24.1,-20.53463,-48.59214
2024/08/18 17:11:00,NOAA-20,Brasil,SÃO PAULO,BARRETOS,Cerrado,52,0.0,1.0,8.3,-20.53535,-48.58951
2024/08/18 17:11:00,NOAA-20,Brasil,SÃO PAULO,BARRETOS,Cerrado,85,0.0,1.0,21.5,-20.66678,-48.62917
2024/08/18 17:11:00,NOAA-20,Brasil,SÃO PAULO,BARRETOS,Cerrado,82,0.0,1.0,99.5,-20.6707,-48.62837
2024/08/18 17:52:00,AQUA_M-T,Brasil,SÃO PAULO,BARRETOS,Cerrado,50,0.0,1.0,10.5,-20.53192,-48.58834
2024/08/18 17:52:00,AQUA_M-T,Brasil,SÃO PAULO,BARRETOS,Cerrado,95,0.0,1.0,111.4,-20.66239,-48.63708
2024/08/18 17:52:00,AQUA_M-T,Brasil,SÃO PAULO,BARRETOS,Cerrado,86,0.0,1.0,36.5,-20.6719,-48.63528
2024/08/18 17:52:00,AQUA_M-T,Brasil,SÃO PAULO,BARRETOS,Cerrado,52,0.0,-999.0,11.1,-20.52236,-48.59013
2024/08/18 17:52:00,AQUA_M-T,Brasil,SÃO PAULO,BARRETOS,Cerrado,65,0.0,1.0,15.8,-20.52416,-48.60114
2024/08/18 17:52:00,AQUA_M-T,Brasil,SÃO PAULO,BARRETOS,Cerrado,63,0.0,1.0,33.2,-20.53371,-48.59938
2024/08/18 17:52:00,AQUA_M-T,Brasil,SÃO PAULO,BARRETOS,Cerrado,86,0.0,1.0,33.7,-20.6606,-48.62601
2024/08/18 19:27:00,GOES-16,Brasil,SÃO PAULO,BARRETOS,Cerrado,75,0.0,1.0,124.6,-20.6835,-48.6298
2024/08/18 19:37:00,GOES-16,Brasil,SÃO PAULO,BARRETOS,Cerrado,75,0.0,1.0,86.5,-20.6835,-48.6298
2024/08/18 21:47:00,GOES-16,Brasil,SÃO PAULO,BARRETOS,Cerrado,75,0.0,1.0,73.7,-20.6835,-48.6298
2024/08/18 21:57:00,GOES-16,Brasil,SÃO PAULO,BARRETOS,Cerrado,75,0.0,1.0,96.0,-20.6835,-48.6298
2024/08/18 22:07:00,GOES-16,Brasil,SÃO PAULO,BARRETOS,Cerrado,75,0.0,1.0,66.4,-20.6835,-48.6298
2024/08/19 00:39:04,METOP-B,Brasil,SÃO PAULO,BARRETOS,Cerrado,81,0.0,1.0,,-20.675199508666992,-48.63100051879883
2024/08/19 00:39:04,METOP-B,Brasil,SÃO PAULO,BARRETOS,Cerrado,74,0.0,1.0,,-20.672000885009766,-48.615299224853516
2024/08/19 00:39:04,METOP-B,Brasil,SÃO PAULO,BARRETOS,Cerrado,78,0.0,1.0,,-20.673599243164062,-48.62310028076172
2024/08/19 01:26:00,TERRA_M-M,Brasil,SÃO PAULO,BARRETOS,Cerrado,88,0.0,1.0,14.6,-20.66586,-48.63188
2024/08/19 01:26:00,TERRA_M-M,Brasil,SÃO PAULO,BARRETOS,Cerrado,80,0.0,1.0,14.8,-20.67653,-48.62978
2024/08/19 03:34:00,NOAA-21,Brasil,SÃO PAULO,BARRETOS,Cerrado,87,0.0,1.0,3.4,-20.6652,-48.62986
2024/08/19 03:34:00,NOAA-21,Brasil,SÃO PAULO,BARRETOS,Cerrado,84,0.0,1.0,3.4,-20.67162,-48.63155
2024/08/19 03:57:00,NPP-375D,Brasil,SÃO PAULO,BARRETOS,Cerrado,80,0.0,1.0,2.9,-20.67077,-48.62465
2024/08/19 03:57:00,NPP-375D,Brasil,SÃO PAULO,BARRETOS,Cerrado,95,0.0,1.0,1.2,-20.66484,-48.63919
2024/08/19 03:57:00,NPP-375D,Brasil,SÃO PAULO,BARRETOS,Cerrado,90,0.0,1.0,1.2,-20.66571,-48.63469
2024/08/19 03:57:00,NPP-375D,Brasil,SÃO PAULO,BARRETOS,Cerrado,86,0.0,1.0,1.3,-20.66657,-48.63023
2024/08/19 03:57:00,NPP-375D,Brasil,SÃO PAULO,BARRETOS,Cerrado,83,0.0,1.0,1.3,-20.66744,-48.62576
2024/08/19 03:57:00,NPP-375D,Brasil,SÃO PAULO,BARRETOS,Cerrado,87,0.0,1.0,3.8,-20.66898,-48.6336
2024/08/19 03:57:00,NPP-375D,Brasil,SÃO PAULO,BARRETOS,Cerrado,83,0.0,1.0,2.9,-20.66987,-48.62914
2024/08/19 03:57:00,NPP-375D,Brasil,SÃO PAULO,BARRETOS,Cerrado,81,0.0,1.0,2.9,-20.67427,-48.63008
2024/08/19 04:21:00,NOAA-20,Brasil,SÃO PAULO,BARRETOS,Cerrado,80,0.0,1.0,1.3,-20.67193,-48.62586
2024/08/19 04:21:00,NOAA-20,Brasil,SÃO PAULO,BARRETOS,Cerrado,81,0.0,1.0,1.8,-20.67467,-48.63016
2024/08/19 04:21:00,NOAA-20,Brasil,SÃO PAULO,BARRETOS,Cerrado,94,0.0,1.0,0.7,-20.66625,-48.64005
2024/08/19 04:21:00,NOAA-20,Brasil,SÃO PAULO,BARRETOS,Cerrado,82,0.0,1.0,1.3,-20.66861,-48.62526
2024/08/19 04:21:00,NOAA-20,Brasil,SÃO PAULO,BARRETOS,Cerrado,88,0.0,1.0,2.8,-20.66743,-48.63266
2024/08/19 04:21:00,NOAA-20,Brasil,SÃO PAULO,BARRETOS,Cerrado,86,0.0,1.0,2.8,-20.67075,-48.63326
2024/08/19 04:21:00,NOAA-20,Brasil,SÃO PAULO,BARRETOS,Cerrado,83,0.0,1.0,2.8,-20.67134,-48.62956
2024/08/19 04:21:00,NOAA-20,Brasil,SÃO PAULO,BARRETOS,Cerrado,96,0.0,1.0,1.2,-20.66293,-48.63944
2024/08/19 04:21:00,NOAA-20,Brasil,SÃO PAULO,BARRETOS,Cerrado,91,0.0,1.0,0.7,-20.66684,-48.63634
2024/08/19 04:21:00,NOAA-20,Brasil,SÃO PAULO,BARRETOS,Cerrado,85,0.0,1.0,2.8,-20.66802,-48.62896
2024/08/19 05:14:00,NOAA-21,Brasil,SÃO PAULO,BARRETOS,Cerrado,83,0.0,1.0,2.2,-20.67399,-48.63366
2024/08/19 05:14:00,NOAA-21,Brasil,SÃO PAULO,BARRETOS,Cerrado,80,0.0,1.0,1.4,-20.67445,-48.62843
2024/08/19 05:14:00,NOAA-21,Brasil,SÃO PAULO,BARRETOS,Cerrado,88,0.0,1.0,1.8,-20.66777,-48.63298
2024/08/19 05:14:00,NOAA-21,Brasil,SÃO PAULO,BARRETOS,Cerrado,92,0.0,1.0,1.8,-20.66731,-48.63831
2024/08/19 16:52:00,NOAA-20,Brasil,SÃO PAULO,BARRETOS,Cerrado,82,0.0,1.0,14.9,-20.67069,-48.62695
2024/08/19 17:43:00,NOAA-21,Brasil,SÃO PAULO,BARRETOS,Cerrado,83,0.0,1.0,8.5,-20.66761,-48.62586
2024/08/20 04:04:00,NOAA-20,Brasil,SÃO PAULO,BARRETOS,Cerrado,91,0.0,1.0,0.7,-20.66696,-48.63681
2024/08/20 04:04:00,NOAA-20,Brasil,SÃO PAULO,BARRETOS,Cerrado,97,0.0,1.0,0.7,-20.66225,-48.63965
2024/08/20 04:04:00,NOAA-20,Brasil,SÃO PAULO,BARRETOS,Cerrado,83,0.0,1.0,0.5,-20.67236,-48.63034
2024/08/20 04:04:00,NOAA-20,Brasil,SÃO PAULO,BARRETOS,Cerrado,85,0.0,1.0,1.6,-20.66835,-48.6295
2024/08/20 17:49:00,NPP-375,Brasil,SÃO PAULO,BARRETOS,Mata Atlântica,12,0.0,1.0,6.9,-20.60735,-48.78171
2024/08/23 16:28:00,NOAA-21,Brasil,SÃO PAULO,BARRETOS,Cerrado,56,0.0,-999.0,44.1,-20.56433,-48.59063
2024/08/23 16:28:00,NOAA-21,Brasil,SÃO PAULO,BARRETOS,Cerrado,57,0.0,-999.0,9.9,-20.55581,-48.59164
2024/08/23 16:28:00,NOAA-21,Brasil,SÃO PAULO,BARRETOS,Cerrado,57,0.0,-999.0,9.9,-20.56007,-48.59114
2024/08/23 16:28:00,NOAA-21,Brasil,SÃO PAULO,BARRETOS,Cerrado,61,0.0,1.0,34.3,-20.56056,-48.59526
2024/08/23 16:28:00,NOAA-21,Brasil,SÃO PAULO,BARRETOS,Cerrado,62,0.0,1.0,34.3,-20.5563,-48.59579
2024/08/23 16:54:00,NPP-375,Brasil,SÃO PAULO,BARRETOS,Cerrado,58,0.0,-999.0,9.4,-20.55991,-48.59232
2024/08/23 16:54:00,NPP-375,Brasil,SÃO PAULO,BARRETOS,Cerrado,58,0.0,-999.0,6.4,-20.55658,-48.5929
2024/08/23 16:54:00,NPP-375,Brasil,SÃO PAULO,BARRETOS,Cerrado,62,0.0,1.0,6.4,-20.55715,-48.5966
2024/08/23 17:17:00,NOAA-20,Brasil,SÃO PAULO,BARRETOS,Cerrado,62,0.0,1.0,3.3,-20.55976,-48.59599
2024/08/23 17:17:00,NOAA-20,Brasil,SÃO PAULO,BARRETOS,Cerrado,63,0.0,1.0,11.8,-20.55543,-48.59693
2024/08/23 17:17:00,NOAA-20,Brasil,SÃO PAULO,BARRETOS,Cerrado,57,0.0,-999.0,3.3,-20.55888,-48.59149
2024/08/24 16:09:00,NOAA-21,Brasil,SÃO PAULO,BARRETOS,Cerrado,54,0.0,1.0,19.0,-20.67608,-48.70187
2024/08/24 16:09:00,NOAA-21,Brasil,SÃO PAULO,BARRETOS,Cerrado,50,0.0,1.0,29.1,-20.67649,-48.70627
2024/08/24 16:09:00,NOAA-21,Brasil,SÃO PAULO,BARRETOS,Cerrado,53,0.0,1.0,16.3,-20.67064,-48.70675
2024/08/24 16:35:00,NPP-375,Brasil,SÃO PAULO,BARRETOS,Cerrado,52,0.0,1.0,51.1,-20.67316,-48.70625
2024/08/24 16:35:00,NPP-375,Brasil,SÃO PAULO,BARRETOS,Cerrado,51,0.0,1.0,51.1,-20.67704,-48.70572
2024/08/24 16:58:00,NOAA-20,Brasil,SÃO PAULO,BARRETOS,Cerrado,48,0.0,1.0,9.0,-20.68047,-48.707
2024/08/24 16:58:00,NOAA-20,Brasil,SÃO PAULO,BARRETOS,Cerrado,53,0.0,-999.0,1.0,-20.56656,-48.58767
2024/08/24 16:58:00,NOAA-20,Brasil,SÃO PAULO,BARRETOS,Cerrado,57,0.0,1.0,53.4,-20.67245,-48.70052
2024/08/24 16:58:00,NOAA-20,Brasil,SÃO PAULO,BARRETOS,Cerrado,50,0.0,1.0,11.7,-20.67369,-48.70825
2024/08/24 16:58:00,NOAA-20,Brasil,SÃO PAULO,BARRETOS,Cerrado,55,0.0,1.0,53.4,-20.67583,-48.69989
2024/08/24 16:58:00,NOAA-20,Brasil,SÃO PAULO,BARRETOS,Cerrado,52,0.0,1.0,53.4,-20.67646,-48.70377
2024/08/24 16:58:00,NOAA-20,Brasil,SÃO PAULO,BARRETOS,Cerrado,60,0.0,1.0,11.8,-20.67182,-48.69662
2024/08/24 16:58:00,NOAA-20,Brasil,SÃO PAULO,BARRETOS,Cerrado,49,0.0,1.0,11.7,-20.67708,-48.70763
2024/08/24 16:58:00,NOAA-20,Brasil,SÃO PAULO,BARRETOS,Cerrado,59,0.0,1.0,11.8,-20.67521,-48.696
2024/08/24 17:00:00,AQUA_M-T,Brasil,SÃO PAULO,BARRETOS,Mata Atlântica,47,0.0,1.0,94.2,-20.66047,-48.71902
2024/08/24 17:00:00,AQUA_M-T,Brasil,SÃO PAULO,BARRETOS,Mata Atlântica,44,0.0,1.0,62.2,-20.65851,-48.72363
2024/08/24 20:06:59,GOES-16,Brasil,SÃO PAULO,BARRETOS,Cerrado,94,0.0,1.0,116.1,-20.3991,-48.6014
2024/08/24 20:06:59,GOES-16,Brasil,SÃO PAULO,BARRETOS,Cerrado,80,0.0,1.0,132.5,-20.4196,-48.5969
2024/08/24 20:16:59,GOES-16,Brasil,SÃO PAULO,BARRETOS,Cerrado,94,0.0,1.0,167.3,-20.3991,-48.6014
2024/08/24 20:26:59,GOES-16,Brasil,SÃO PAULO,BARRETOS,Cerrado,63,0.0,1.0,145.7,-20.4202,-48.5737
2024/08/24 20:26:59,GOES-16,Brasil,SÃO PAULO,BARRETOS,Cerrado,94,0.0,1.0,340.0,-20.3991,-48.6014
2024/08/24 20:26:59,GOES-16,Brasil,SÃO PAULO,BARRETOS,Cerrado,82,0.0,1.0,338.2,-20.3998,-48.5783
2024/08/24 20:26:59,GOES-16,Brasil,SÃO PAULO,BARRETOS,Cerrado,80,0.0,1.0,177.9,-20.4196,-48.5969
2024/08/24 20:36:59,GOES-16,Brasil,SÃO PAULO,BARRETOS,Cerrado,94,0.0,1.0,276.4,-20.3991,-48.6014
2024/08/24 20:36:59,GOES-16,Brasil,SÃO PAULO,BARRETOS,Cerrado,82,0.0,1.0,281.8,-20.3998,-48.5783
2024/08/24 20:36:59,GOES-16,Brasil,SÃO PAULO,BARRETOS,Cerrado,80,0.0,1.0,137.1,-20.4196,-48.5969
2024/08/24 20:37:00,GOES-16,Brasil,SÃO PAULO,BARRETOS,Mata Atlântica,14,0.0,1.0,241.6,-20.5964,-48.8335
2024/08/24 20:46:58,GOES-16,Brasil,SÃO PAULO,BARRETOS,Cerrado,99,0.0,1.0,273.6,-20.3793,-48.5828
2024/08/24 20:46:58,GOES-16,Brasil,SÃO PAULO,BARRETOS,Cerrado,91,0.0,1.0,143.4,-20.3799,-48.5597
2024/08/24 20:46:59,GOES-16,Brasil,SÃO PAULO,BARRETOS,Cerrado,94,0.0,1.0,206.2,-20.3991,-48.6014
2024/08/24 20:46:59,GOES-16,Brasil,SÃO PAULO,BARRETOS,Cerrado,82,0.0,1.0,472.4,-20.3998,-48.5783
2024/08/24 20:46:59,GOES-16,Brasil,SÃO PAULO,BARRETOS,Cerrado,69,0.0,1.0,137.0,-20.4004,-48.5551
2024/08/24 20:46:59,GOES-16,Brasil,SÃO PAULO,BARRETOS,Cerrado,63,0.0,1.0,116.5,-20.4202,-48.5737
2024/08/24 21:03:28,MSG-03,Brasil,SÃO PAULO,BARRETOS,Cerrado,77,0.0,1.0,,-20.39,-48.54
2024/08/24 21:03:28,MSG-03,Brasil,SÃO PAULO,BARRETOS,Cerrado,94,0.0,1.0,,-20.39,-48.59
2024/08/24 21:03:28,MSG-03,Brasil,SÃO PAULO,BARRETOS,Cerrado,112,0.0,1.0,,-20.36,-48.58
2024/08/24 22:03:27,MSG-03,Brasil,SÃO PAULO,BARRETOS,Mata Atlântica,15,0.0,1.0,,-20.59,-48.81
2024/08/24 22:16:58,GOES-16,Brasil,SÃO PAULO,BARRETOS,Cerrado,114,0.0,1.0,82.1,-20.3588,-48.5874
2024/08/24 22:16:58,GOES-16,Brasil,SÃO PAULO,BARRETOS,Cerrado,111,0.0,1.0,132.9,-20.3595,-48.5642
2024/08/24 22:16:58,GOES-16,Brasil,SÃO PAULO,BARRETOS,Cerrado,99,0.0,1.0,113.4,-20.3793,-48.5828
2024/08/24 22:16:58,GOES-16,Brasil,SÃO PAULO,BARRETOS,Cerrado,91,0.0,1.0,165.6,-20.3799,-48.5597
2024/08/24 22:16:59,GOES-16,Brasil,SÃO PAULO,BARRETOS,Cerrado,82,0.0,1.0,91.2,-20.3998,-48.5783
2024/08/24 22:26:58,GOES-16,Brasil,SÃO PAULO,BARRETOS,Cerrado,111,0.0,1.0,85.4,-20.3595,-48.5642
2024/08/24 22:26:58,GOES-16,Brasil,SÃO PAULO,BARRETOS,Cerrado,99,0.0,1.0,96.5,-20.3793,-48.5828
2024/08/24 22:26:58,GOES-16,Brasil,SÃO PAULO,BARRETOS,Cerrado,91,0.0,1.0,115.5,-20.3799,-48.5597
2024/08/24 22:36:58,GOES-16,Brasil,SÃO PAULO,BARRETOS,Cerrado,111,0.0,1.0,98.5,-20.3595,-48.5642
2024/08/24 22:36:58,GOES-16,Brasil,SÃO PAULO,BARRETOS,Cerrado,99,0.0,1.0,153.4,-20.3793,-48.5828
2024/08/24 22:36:58,GOES-16,Brasil,SÃO PAULO,BARRETOS,Cerrado,91,0.0,1.0,207.5,-20.3799,-48.5597
2024/08/24 22:36:59,GOES-16,Brasil,SÃO PAULO,BARRETOS,Cerrado,82,0.0,1.0,105.6,-20.3998,-48.5783
2024/08/24 22:36:59,GOES-16,Brasil,SÃO PAULO,BARRETOS,Cerrado,69,0.0,1.0,85.8,-20.4004,-48.5551
2024/08/24 23:26:58,GOES-16,Brasil,SÃO PAULO,BARRETOS,Cerrado,99,0.0,1.0,86.7,-20.3793,-48.5828
2024/08/24 23:26:58,GOES-16,Brasil,SÃO PAULO,BARRETOS,Cerrado,91,0.0,1.0,113.5,-20.3799,-48.5597
2024/08/24 23:26:59,GOES-16,Brasil,SÃO PAULO,BARRETOS,Cerrado,82,0.0,1.0,93.3,-20.3998,-48.5783
2024/08/24 23:26:59,GOES-16,Brasil,SÃO PAULO,BARRETOS,Mata Atlântica,17,0.0,1.0,78.6,-20.5349,-48.8472
2024/08/24 23:26:59,GOES-16,Brasil,SÃO PAULO,BARRETOS,Cerrado,69,0.0,1.0,90.7,-20.4004,-48.5551
2024/08/24 23:36:58,GOES-16,Brasil,SÃO PAULO,BARRETOS,Cerrado,91,0.0,1.0,64.1,-20.3799,-48.5597
2024/08/24 23:36:59,GOES-16,Brasil,SÃO PAULO,BARRETOS,Cerrado,82,0.0,1.0,64.3,-20.3998,-48.5783
2024/08/24 23:36:59,GOES-16,Brasil,SÃO PAULO,BARRETOS,Cerrado,69,0.0,1.0,63.0,-20.4004,-48.5551
2024/08/24 23:46:59,GOES-16,Brasil,SÃO PAULO,BARRETOS,Cerrado,69,0.0,1.0,62.4,-20.4004,-48.5551
2024/08/24 23:56:59,GOES-16,Brasil,SÃO PAULO,BARRETOS,Cerrado,82,0.0,1.0,75.1,-20.3998,-48.5783
2024/08/25 00:07:00,GOES-16,Brasil,SÃO PAULO,BARRETOS,Mata Atlântica,14,2.81,0.96,156.2,-20.5964,-48.8335
2024/08/25 00:07:00,GOES-16,Brasil,SÃO PAULO,BARRETOS,Mata Atlântica,15,2.92,0.96,74.2,-20.597,-48.8104
2024/08/25 00:07:00,GOES-16,Brasil,SÃO PAULO,BARRETOS,Mata Atlântica,14,3.0,0.96,100.8,-20.6169,-48.829
2024/08/25 00:15:04,METOP-B,Brasil,SÃO PAULO,BARRETOS,Mata Atlântica,15,3.04,0.96,,-20.619400024414062,-48.82170104980469
2024/08/25 00:15:05,METOP-B,Brasil,SÃO PAULO,BARRETOS,Mata Atlântica,15,3.01,0.96,,-20.606800079345703,-48.806400299072266
2024/08/25 00:15:05,METOP-B,Brasil,SÃO PAULO,BARRETOS,Mata Atlântica,15,2.9,0.96,,-20.587299346923828,-48.810001373291016
2024/08/25 00:15:05,METOP-B,Brasil,SÃO PAULO,BARRETOS,Mata Atlântica,15,2.9,0.96,,-20.584400177001953,-48.79290008544922
2024/08/25 00:15:05,METOP-B,Brasil,SÃO PAULO,BARRETOS,Mata Atlântica,14,2.87,0.96,,-20.600000381469727,-48.825401306152344
2024/08/25 00:15:05,METOP-B,Brasil,SÃO PAULO,BARRETOS,Mata Atlântica,14,2.81,0.96,,-20.590200424194336,-48.82720184326172
2024/08/25 00:15:05,METOP-B,Brasil,SÃO PAULO,BARRETOS,Mata Atlântica,15,2.93,0.96,,-20.59709930419922,-48.80820083618164
2024/08/25 00:15:05,METOP-B,Brasil,SÃO PAULO,BARRETOS,Mata Atlântica,15,2.99,0.96,,-20.594200134277344,-48.791099548339844
2024/08/25 00:15:05,METOP-B,Brasil,SÃO PAULO,BARRETOS,Mata Atlântica,15,2.95,0.96,,-20.609699249267578,-48.82360076904297
2024/08/25 00:15:05,METOP-B,Brasil,SÃO PAULO,BARRETOS,Mata Atlântica,14,2.81,0.96,,-20.577600479125977,-48.8119010925293
2024/08/25 00:15:06,METOP-B,Brasil,SÃO PAULO,BARRETOS,Mata Atlântica,20,2.2,0.97,,-20.5221004486084,-48.84000015258789
2024/08/25 00:15:06,METOP-B,Brasil,SÃO PAULO,BARRETOS,Mata Atlântica,18,2.24,0.97,,-20.534700393676758,-48.85540008544922
2024/08/25 00:15:06,METOP-B,Brasil,SÃO PAULO,BARRETOS,Mata Atlântica,18,2.28,0.97,,-20.53179931640625,-48.838199615478516
2024/08/25 00:17:00,GOES-16,Brasil,SÃO PAULO,BARRETOS,Mata Atlântica,14,2.81,0.96,63.3,-20.5964,-48.8335
2024/08/25 01:08:28,METOP-C,Brasil,SÃO PAULO,BARRETOS,Mata Atlântica,14,2.86,0.96,,-20.595600128173828,-48.824100494384766
2024/08/25 04:10:00,NOAA-20,Brasil,SÃO PAULO,BARRETOS,Cerrado,96,0.51,0.98,1.4,-20.37685,-48.56663
2024/08/26 16:22:00,NOAA-20,Brasil,SÃO PAULO,BARRETOS,Cerrado,60,0.0,1.0,3.7,-20.39974,-48.59826
2024/08/26 17:11:00,NOAA-21,Brasil,SÃO PAULO,BARRETOS,Cerrado,62,0.0,1.0,23.9,-20.39804,-48.60138
2024/08/26 17:37:00,NPP-375,Brasil,SÃO PAULO,BARRETOS,Cerrado,65,0.0,1.0,21.7,-20.39526,-48.60622
2024/08/26 17:37:00,NPP-375,Brasil,SÃO PAULO,BARRETOS,Cerrado,66,0.0,1.0,21.7,-20.39427,-48.60168
2024/08/26 17:37:00,NPP-375,Brasil,SÃO PAULO,BARRETOS,Cerrado,69,0.0,1.0,17.0,-20.39174,-48.6027
2024/08/26 17:37:00,NPP-375,Brasil,SÃO PAULO,BARRETOS,Cerrado,62,0.0,1.0,17.0,-20.39762,-48.60126
2024/08/26 18:21:00,AQUA_M-T,Brasil,SÃO PAULO,BARRETOS,Cerrado,80,0.0,1.0,45.0,-20.383,-48.59807
2024/08/26 18:46:59,GOES-16,Brasil,SÃO PAULO,BARRETOS,Cerrado,61,0.0,1.0,100.1,-20.3991,-48.6014
2024/08/27 04:51:00,NPP-375D,Brasil,SÃO PAULO,BARRETOS,Cerrado,64,0.0,1.0,0.7,-20.39719,-48.60019
2024/08/28 04:29:00,NPP-375D,Brasil,SÃO PAULO,BARRETOS,Cerrado,3,0.0,1.0,1.1,-20.69393,-48.69221
2024/08/28 16:35:00,NOAA-21,Brasil,SÃO PAULO,BARRETOS,Cerrado,3,0.0,1.0,4.5,-20.69315,-48.6916
2024/08/29 00:32:46,METOP-B,Brasil,SÃO PAULO,BARRETOS,Mata Atlântica,4,0.0,1.0,,-20.56800079345703,-48.82609939575195
2024/08/29 01:25:28,METOP-C,Brasil,SÃO PAULO,BARRETOS,Mata Atlântica,4,0.0,1.0,,-20.486400604248047,-48.85210037231445
2024/08/29 04:12:00,NPP-375D,Brasil,SÃO PAULO,BARRETOS,Cerrado,4,0.0,1.0,0.6,-20.69361,-48.69343
2024/08/29 04:36:00,NOAA-20,Brasil,SÃO PAULO,BARRETOS,Cerrado,4,0.0,1.0,0.7,-20.69442,-48.69416
2024/08/29 16:16:00,NOAA-21,Brasil,SÃO PAULO,BARRETOS,Cerrado,4,0.0,1.0,11.8,-20.67823,-48.66181
2024/08/29 16:39:00,NPP-375,Brasil,SÃO PAULO,BARRETOS,Cerrado,4,0.0,1.0,8.2,-20.67498,-48.66174
2024/09/01 04:29:00,NOAA-21,Brasil,SÃO PAULO,BARRETOS,Cerrado,7,0.0,1.0,6.4,-20.46054,-48.55444
2024/09/01 04:55:00,NPP-375D,Brasil,SÃO PAULO,BARRETOS,Cerrado,7,0.0,1.0,2.1,-20.45976,-48.55578
2024/09/01 16:07:00,NOAA-20,Brasil,SÃO PAULO,BARRETOS,Cerrado,7,0.0,1.0,3.6,-20.46767,-48.5523
2024/09/01 17:00:00,NOAA-21,Brasil,SÃO PAULO,BARRETOS,Cerrado,7,0.0,1.0,8.7,-20.46292,-48.55504
2024/09/01 17:26:00,NPP-375,Brasil,SÃO PAULO,BARRETOS,Mata Atlântica,7,0.0,1.0,27.2,-20.6266,-48.78302
2024/09/01 17:26:00,NPP-375,Brasil,SÃO PAULO,BARRETOS,Cerrado,7,0.0,1.0,27.5,-20.47022,-48.55225
2024/09/01 17:28:00,AQUA_M-T,Brasil,SÃO PAULO,BARRETOS,Mata Atlântica,7,0.0,1.0,18.6,-20.6212,-48.79614
2024/09/01 17:28:00,AQUA_M-T,Brasil,SÃO PAULO,BARRETOS,Mata Atlântica,7,0.0,1.0,30.5,-20.61963,-48.78329
2024/09/01 17:28:00,AQUA_M-T,Brasil,SÃO PAULO,BARRETOS,Cerrado,7,0.0,1.0,16.4,-20.46068,-48.56265
2024/09/01 17:47:00,NOAA-20,Brasil,SÃO PAULO,BARRETOS,Mata Atlântica,7,0.0,1.0,107.3,-20.62691,-48.78671
2024/09/01 17:47:00,NOAA-20,Brasil,SÃO PAULO,BARRETOS,Mata Atlântica,7,0.0,1.0,92.5,-20.6305,-48.77178
2024/09/01 17:47:00,NOAA-20,Brasil,SÃO PAULO,BARRETOS,Mata Atlântica,7,0.0,1.0,115.8,-20.63208,-48.77828
2024/09/01 17:47:00,NOAA-20,Brasil,SÃO PAULO,BARRETOS,Mata Atlântica,7,0.0,1.0,88.1,-20.62367,-48.77347
2024/09/01 17:57:00,GOES-16,Brasil,SÃO PAULO,BARRETOS,Mata Atlântica,7,0.0,1.0,295.6,-20.6393,-48.7549
2024/09/01 18:07:00,GOES-16,Brasil,SÃO PAULO,BARRETOS,Mata Atlântica,7,0.0,1.0,307.8,-20.6393,-48.7549
2024/09/01 18:17:00,GOES-16,Brasil,SÃO PAULO,BARRETOS,Mata Atlântica,7,0.0,1.0,233.8,-20.6393,-48.7549
2024/09/01 18:17:00,GOES-16,Brasil,SÃO PAULO,BARRETOS,Mata Atlântica,7,0.0,1.0,512.3,-20.6387,-48.7781
2024/09/01 18:27:00,GOES-16,Brasil,SÃO PAULO,BARRETOS,Mata Atlântica,7,0.0,1.0,274.2,-20.6393,-48.7549
2024/09/01 18:27:00,GOES-16,Brasil,SÃO PAULO,BARRETOS,Mata Atlântica,7,0.0,1.0,438.1,-20.6387,-48.7781
2024/09/01 18:37:00,GOES-16,Brasil,SÃO PAULO,BARRETOS,Mata Atlântica,7,0.0,1.0,543.1,-20.6387,-48.7781
2024/09/01 18:37:00,GOES-16,Brasil,SÃO PAULO,BARRETOS,Mata Atlântica,7,0.0,1.0,196.5,-20.6393,-48.7549
2024/09/01 18:47:00,GOES-16,Brasil,SÃO PAULO,BARRETOS,Mata Atlântica,7,0.0,1.0,326.2,-20.6393,-48.7549
2024/09/01 18:47:00,GOES-16,Brasil,SÃO PAULO,BARRETOS,Mata Atlântica,7,0.0,1.0,213.1,-20.6188,-48.7595
2024/09/01 18:47:00,GOES-16,Brasil,SÃO PAULO,BARRETOS,Mata Atlântica,7,0.0,1.0,138.7,-20.6175,-48.8058
2024/09/01 18:57:00,GOES-16,Brasil,SÃO PAULO,BARRETOS,Mata Atlântica,7,0.0,1.0,435.2,-20.6387,-48.7781
2024/09/01 18:57:00,GOES-16,Brasil,SÃO PAULO,BARRETOS,Mata Atlântica,7,0.0,1.0,253.9,-20.6393,-48.7549
2024/09/01 18:57:00,GOES-16,Brasil,SÃO PAULO,BARRETOS,Mata Atlântica,7,0.0,1.0,143.7,-20.6181,-48.7827
2024/09/01 18:57:00,GOES-16,Brasil,SÃO PAULO,BARRETOS,Mata Atlântica,7,0.0,1.0,135.4,-20.6188,-48.7595
2024/09/01 21:57:00,GOES-16,Brasil,SÃO PAULO,BARRETOS,Mata Atlântica,7,0.0,1.0,90.6,-20.6188,-48.7595
2024/09/02 00:49:45,METOP-B,Brasil,SÃO PAULO,BARRETOS,Mata Atlântica,7,0.0,1.0,,-20.631000518798828,-48.75630187988281
2024/09/02 00:49:45,METOP-B,Brasil,SÃO PAULO,BARRETOS,Mata Atlântica,8,0.0,1.0,,-20.632600784301758,-48.76369857788086
2024/09/02 01:00:00,TERRA_M-M,Brasil,SÃO PAULO,BARRETOS,Mata Atlântica,8,0.0,1.0,11.7,-20.63195,-48.76354
2024/09/02 04:12:00,NOAA-21,Brasil,SÃO PAULO,BARRETOS,Mata Atlântica,8,0.0,1.0,3.8,-20.62943,-48.76085
2024/09/02 04:12:00,NOAA-21,Brasil,SÃO PAULO,BARRETOS,Mata Atlântica,8,0.0,1.0,0.9,-20.62886,-48.78516
2024/09/02 04:12:00,NOAA-21,Brasil,SÃO PAULO,BARRETOS,Mata Atlântica,8,0.0,1.0,0.9,-20.62972,-48.78041
2024/09/02 04:12:00,NOAA-21,Brasil,SÃO PAULO,BARRETOS,Mata Atlântica,8,0.0,1.0,0.8,-20.63539,-48.79154
2024/09/02 04:12:00,NOAA-21,Brasil,SÃO PAULO,BARRETOS,Cerrado,8,0.0,1.0,0.9,-20.4666,-48.55799
2024/09/02 04:12:00,NOAA-21,Brasil,SÃO PAULO,BARRETOS,Mata Atlântica,8,0.0,1.0,3.8,-20.62857,-48.76554
2024/09/02 04:12:00,NOAA-21,Brasil,SÃO PAULO,BARRETOS,Mata Atlântica,8,0.0,1.0,1.1,-20.63427,-48.77649
2024/09/02 04:36:00,NPP-375D,Brasil,SÃO PAULO,BARRETOS,Mata Atlântica,8,0.0,1.0,1.8,-20.62913,-48.76244
2024/09/02 04:36:00,NPP-375D,Brasil,SÃO PAULO,BARRETOS,Mata Atlântica,8,0.0,1.0,0.3,-20.63736,-48.78062
2024/09/02 04:36:00,NPP-375D,Brasil,SÃO PAULO,BARRETOS,Mata Atlântica,8,0.0,1.0,0.6,-20.63442,-48.77597
2024/09/02 04:36:00,NPP-375D,Brasil,SÃO PAULO,BARRETOS,Mata Atlântica,8,0.0,1.0,0.8,-20.63269,-48.78833
2024/09/02 04:36:00,NPP-375D,Brasil,SÃO PAULO,BARRETOS,Mata Atlântica,8,0.0,1.0,0.8,-20.63211,-48.79244
2024/09/02 04:36:00,NPP-375D,Brasil,SÃO PAULO,BARRETOS,Mata Atlântica,8,0.0,1.0,1.8,-20.62562,-48.76184
2024/09/02 04:36:00,NPP-375D,Brasil,SÃO PAULO,BARRETOS,Mata Atlântica,8,0.0,1.0,1.0,-20.62165,-48.76711
2024/09/02 04:36:00,NPP-375D,Brasil,SÃO PAULO,BARRETOS,Mata Atlântica,8,0.0,1.0,2.7,-20.62576,-48.76355
2024/09/02 04:36:00,NPP-375D,Brasil,SÃO PAULO,BARRETOS,Mata Atlântica,8,0.0,1.0,0.5,-20.62623,-48.78314
2024/09/02 04:36:00,NPP-375D,Brasil,SÃO PAULO,BARRETOS,Mata Atlântica,8,0.0,1.0,1.8,-20.62855,-48.7666
2024/09/02 04:36:00,NPP-375D,Brasil,SÃO PAULO,BARRETOS,Mata Atlântica,8,0.0,1.0,2.7,-20.62927,-48.76414
2024/09/02 04:36:00,NPP-375D,Brasil,SÃO PAULO,BARRETOS,Mata Atlântica,8,0.0,1.0,1.0,-20.62975,-48.78369
2024/09/02 04:59:00,NOAA-20,Brasil,SÃO PAULO,BARRETOS,Mata Atlântica,8,0.0,1.0,1.4,-20.6258,-48.76416
2024/09/02 04:59:00,NOAA-20,Brasil,SÃO PAULO,BARRETOS,Mata Atlântica,8,0.0,1.0,2.1,-20.62514,-48.7705
2024/09/02 04:59:00,NOAA-20,Brasil,SÃO PAULO,BARRETOS,Mata Atlântica,8,0.0,1.0,0.5,-20.62043,-48.76656
2024/09/02 04:59:00,NOAA-20,Brasil,SÃO PAULO,BARRETOS,Mata Atlântica,8,0.0,1.0,1.4,-20.63085,-48.76492
2024/09/02 16:39:00,NOAA-21,Brasil,SÃO PAULO,BARRETOS,Mata Atlântica,8,0.0,1.0,180.1,-20.63897,-48.77552
2024/09/02 16:39:00,NOAA-21,Brasil,SÃO PAULO,BARRETOS,Mata Atlântica,8,0.0,1.0,9.4,-20.63002,-48.76343
2024/09/02 16:39:00,NOAA-21,Brasil,SÃO PAULO,BARRETOS,Mata Atlântica,8,0.0,1.0,10.6,-20.63354,-48.78982
2024/09/02 17:05:00,NPP-375,Brasil,SÃO PAULO,BARRETOS,Mata Atlântica,8,0.0,1.0,81.5,-20.64041,-48.77698
2024/09/02 17:05:00,NPP-375,Brasil,SÃO PAULO,BARRETOS,Mata Atlântica,8,0.0,1.0,7.4,-20.63548,-48.79155
2024/09/02 17:05:00,NPP-375,Brasil,SÃO PAULO,BARRETOS,Mata Atlântica,8,0.0,1.0,61.1,-20.63604,-48.77332
2024/09/02 17:05:00,NPP-375,Brasil,SÃO PAULO,BARRETOS,Mata Atlântica,8,0.0,1.0,12.8,-20.6352,-48.79009
2024/09/02 17:30:00,NOAA-20,Brasil,SÃO PAULO,BARRETOS,Mata Atlântica,8,0.0,1.0,15.2,-20.64039,-48.77262
2024/09/02 17:30:00,NOAA-20,Brasil,SÃO PAULO,BARRETOS,Mata Atlântica,8,0.0,1.0,14.5,-20.63969,-48.76936
2024/09/02 17:30:00,NOAA-20,Brasil,SÃO PAULO,BARRETOS,Mata Atlântica,8,0.0,1.0,15.2,-20.64109,-48.77588
2024/09/02 18:09:00,AQUA_M-T,Brasil,SÃO PAULO,BARRETOS,Mata Atlântica,8,0.0,1.0,131.9,-20.62917,-48.7894
2024/09/03 03:51:00,NOAA-21,Brasil,SÃO PAULO,BARRETOS,Cerrado,12,0.0,1.0,5.8,-20.52439,-48.42675
2024/09/03 03:51:00,NOAA-21,Brasil,SÃO PAULO,BARRETOS,Cerrado,11,0.0,1.0,14.0,-20.53383,-48.41939
2024/09/03 03:51:00,NOAA-21,Brasil,SÃO PAULO,BARRETOS,Cerrado,12,0.0,1.0,14.0,-20.52775,-48.42417
2024/09/03 03:51:00,NOAA-21,Brasil,SÃO PAULO,BARRETOS,Cerrado,12,0.0,1.0,5.8,-20.52556,-48.42098
2024/09/03 04:19:00,NPP-375D,Brasil,SÃO PAULO,BARRETOS,Cerrado,12,0.0,1.0,8.9,-20.52787,-48.42359
2024/09/03 04:19:00,NPP-375D,Brasil,SÃO PAULO,BARRETOS,Cerrado,12,0.0,1.0,1.8,-20.52378,-48.42688
2024/09/03 04:19:00,NPP-375D,Brasil,SÃO PAULO,BARRETOS,Cerrado,11,0.0,1.0,8.9,-20.53129,-48.42423
2024/09/03 04:19:00,NPP-375D,Brasil,SÃO PAULO,BARRETOS,Mata Atlântica,9,0.0,1.0,0.8,-20.62867,-48.76515
2024/09/03 04:19:00,NPP-375D,Brasil,SÃO PAULO,BARRETOS,Mata Atlântica,9,0.0,1.0,0.8,-20.62934,-48.76115
2024/09/03 04:19:00,NPP-375D,Brasil,SÃO PAULO,BARRETOS,Mata Atlântica,9,0.0,1.0,1.1,-20.63083,-48.79469
2024/09/03 04:19:00,NPP-375D,Brasil,SÃO PAULO,BARRETOS,Mata Atlântica,9,0.0,1.0,1.3,-20.63206,-48.79354
2024/09/03 04:19:00,NPP-375D,Brasil,SÃO PAULO,BARRETOS,Mata Atlântica,9,0.0,1.0,0.5,-20.63497,-48.79134
2024/09/03 04:19:00,NPP-375D,Brasil,SÃO PAULO,BARRETOS,Cerrado,12,0.0,1.0,1.8,-20.52445,-48.42295
2024/09/03 04:42:00,NOAA-20,Brasil,SÃO PAULO,BARRETOS,Cerrado,12,0.0,1.0,12.5,-20.52411,-48.42759
2024/09/03 04:42:00,NOAA-20,Brasil,SÃO PAULO,BARRETOS,Cerrado,12,0.0,1.0,12.5,-20.52477,-48.42265
2024/09/03 04:42:00,NOAA-20,Brasil,SÃO PAULO,BARRETOS,Cerrado,12,0.0,1.0,12.5,-20.52857,-48.42325
2024/09/03 04:42:00,NOAA-20,Brasil,SÃO PAULO,BARRETOS,Mata Atlântica,9,0.0,1.0,0.9,-20.62596,-48.76365
2024/09/03 04:42:00,NOAA-20,Brasil,SÃO PAULO,BARRETOS,Mata Atlântica,9,0.0,1.0,0.9,-20.6297,-48.76427
2024/09/03 05:01:00,AQUA_M-M,Brasil,SÃO PAULO,BARRETOS,Cerrado,12,0.0,1.0,16.5,-20.52851,-48.42544
2024/09/03 05:01:00,AQUA_M-M,Brasil,SÃO PAULO,BARRETOS,Cerrado,13,0.0,1.0,24.9,-20.52238,-48.41745
2024/09/03 05:01:00,AQUA_M-M,Brasil,SÃO PAULO,BARRETOS,Cerrado,13,0.0,1.0,10.2,-20.52024,-48.4301
2024/09/03 16:48:00,NPP-375,Brasil,SÃO PAULO,BARRETOS,Mata Atlântica,9,0.0,1.0,11.7,-20.6355,-48.79376
2024/09/03 18:07:00,GOES-16,Brasil,SÃO PAULO,BARRETOS,Mata Atlântica,9,0.0,1.0,237.0,-20.6387,-48.7781
2024/09/03 18:27:00,GOES-16,Brasil,SÃO PAULO,BARRETOS,Mata Atlântica,9,0.0,1.0,193.9,-20.6387,-48.7781
2024/09/03 18:37:00,GOES-16,Brasil,SÃO PAULO,BARRETOS,Mata Atlântica,9,0.0,1.0,186.8,-20.6387,-48.7781
2024/09/03 19:07:00,GOES-16,Brasil,SÃO PAULO,BARRETOS,Mata Atlântica,9,0.0,1.0,113.0,-20.6387,-48.7781
2024/09/04 03:34:00,NOAA-21,Brasil,SÃO PAULO,BARRETOS,Mata Atlântica,10,0.0,1.0,22.8,-20.64061,-48.8014
2024/09/04 03:34:00,NOAA-21,Brasil,SÃO PAULO,BARRETOS,Mata Atlântica,10,0.0,1.0,22.8,-20.64202,-48.79557
2024/09/04 03:57:00,NPP-375D,Brasil,SÃO PAULO,BARRETOS,Mata Atlântica,10,0.0,1.0,36.7,-20.64091,-48.80267
2024/09/04 03:57:00,NPP-375D,Brasil,SÃO PAULO,BARRETOS,Mata Atlântica,10,0.0,1.0,21.9,-20.64183,-48.79807
2024/09/04 03:57:00,NPP-375D,Brasil,SÃO PAULO,BARRETOS,Mata Atlântica,10,0.0,1.0,21.9,-20.64277,-48.79343
2024/09/04 03:57:00,NPP-375D,Brasil,SÃO PAULO,BARRETOS,Mata Atlântica,10,0.0,1.0,36.7,-20.64538,-48.80357
2024/09/04 04:07:00,GOES-16,Brasil,SÃO PAULO,BARRETOS,Mata Atlântica,10,0.0,1.0,89.7,-20.638,-48.8012
2024/09/04 04:21:00,NOAA-20,Brasil,SÃO PAULO,BARRETOS,Mata Atlântica,10,0.0,1.0,6.8,-20.64082,-48.79866
2024/09/04 04:21:00,NOAA-20,Brasil,SÃO PAULO,BARRETOS,Mata Atlântica,10,0.0,1.0,7.4,-20.64415,-48.79926
2024/09/04 04:21:00,NOAA-20,Brasil,SÃO PAULO,BARRETOS,Mata Atlântica,10,0.0,1.0,1.7,-20.64355,-48.80297
2024/09/04 04:21:00,NOAA-20,Brasil,SÃO PAULO,BARRETOS,Mata Atlântica,10,0.0,1.0,6.8,-20.64142,-48.79494
2024/09/04 04:21:00,NOAA-20,Brasil,SÃO PAULO,BARRETOS,Mata Atlântica,10,0.0,1.0,0.8,-20.6393,-48.78691
2024/09/04 04:21:00,NOAA-20,Brasil,SÃO PAULO,BARRETOS,Mata Atlântica,10,0.0,1.0,0.3,-20.63597,-48.7863
2024/09/04 04:21:00,NOAA-20,Brasil,SÃO PAULO,BARRETOS,Mata Atlântica,10,0.0,1.0,0.8,-20.62705,-48.76289
2024/09/04 04:21:00,NOAA-20,Brasil,SÃO PAULO,BARRETOS,Cerrado,116,0.0,1.0,0.7,-20.35128,-48.57231
2024/09/04 05:14:00,NOAA-21,Brasil,SÃO PAULO,BARRETOS,Mata Atlântica,10,0.0,1.0,2.6,-20.64318,-48.79688
2024/09/04 11:27:00,GOES-16,Brasil,SÃO PAULO,BARRETOS,Mata Atlântica,10,0.0,1.0,119.3,-20.638,-48.8012
2024/09/04 11:37:00,GOES-16,Brasil,SÃO PAULO,BARRETOS,Mata Atlântica,10,0.0,1.0,111.0,-20.638,-48.8012
2024/09/04 12:17:00,GOES-16,Brasil,SÃO PAULO,BARRETOS,Mata Atlântica,10,0.0,1.0,140.8,-20.638,-48.8012
2024/09/04 12:27:00,GOES-16,Brasil,SÃO PAULO,BARRETOS,Mata Atlântica,10,0.0,1.0,230.7,-20.638,-48.8012
2024/09/04 12:37:00,GOES-16,Brasil,SÃO PAULO,BARRETOS,Mata Atlântica,10,0.0,1.0,234.6,-20.638,-48.8012
2024/09/04 12:47:00,GOES-16,Brasil,SÃO PAULO,BARRETOS,Mata Atlântica,10,0.0,1.0,189.5,-20.638,-48.8012
2024/09/04 12:57:00,GOES-16,Brasil,SÃO PAULO,BARRETOS,Mata Atlântica,10,0.0,1.0,275.0,-20.638,-48.8012
2024/09/04 13:07:00,GOES-16,Brasil,SÃO PAULO,BARRETOS,Mata Atlântica,10,0.0,1.0,277.8,-20.638,-48.8012
2024/09/04 13:14:00,TERRA_M-T,Brasil,SÃO PAULO,BARRETOS,Mata Atlântica,10,0.0,1.0,24.0,-20.66032,-48.79066
2024/09/04 13:14:00,TERRA_M-T,Brasil,SÃO PAULO,BARRETOS,Mata Atlântica,10,0.0,1.0,161.5,-20.64709,-48.78895
2024/09/04 13:14:00,TERRA_M-T,Brasil,SÃO PAULO,BARRETOS,Mata Atlântica,10,0.0,1.0,599.1,-20.64478,-48.81131
2024/09/04 13:17:00,GOES-16,Brasil,SÃO PAULO,BARRETOS,Mata Atlântica,10,0.0,1.0,204.0,-20.638,-48.8012
2024/09/04 13:27:00,GOES-16,Brasil,SÃO PAULO,BARRETOS,Mata Atlântica,10,0.0,1.0,204.3,-20.638,-48.8012
2024/09/04 13:37:00,GOES-16,Brasil,SÃO PAULO,BARRETOS,Mata Atlântica,10,0.0,1.0,173.5,-20.638,-48.8012
2024/09/04 16:03:00,NOAA-21,Brasil,SÃO PAULO,BARRETOS,Mata Atlântica,10,0.0,1.0,92.0,-20.65052,-48.81899
2024/09/04 16:03:00,NOAA-21,Brasil,SÃO PAULO,BARRETOS,Mata Atlântica,9,0.0,1.0,85.9,-20.65067,-48.81947
2024/09/04 16:03:00,NOAA-21,Brasil,SÃO PAULO,BARRETOS,Mata Atlântica,10,0.0,1.0,52.9,-20.64374,-48.8147
2024/09/04 16:03:00,NOAA-21,Brasil,SÃO PAULO,BARRETOS,Mata Atlântica,10,0.0,1.0,92.0,-20.64357,-48.81421
2024/09/04 16:03:00,NOAA-21,Brasil,SÃO PAULO,BARRETOS,Mata Atlântica,10,0.0,1.0,52.9,-20.64328,-48.80888
2024/09/04 16:03:00,NOAA-21,Brasil,SÃO PAULO,BARRETOS,Mata Atlântica,10,0.0,1.0,22.8,-20.64307,-48.80836
2024/09/04 16:03:00,NOAA-21,Brasil,SÃO PAULO,BARRETOS,Mata Atlântica,10,0.0,1.0,17.2,-20.64281,-48.80301
2024/09/04 16:03:00,NOAA-21,Brasil,SÃO PAULO,BARRETOS,Mata Atlântica,10,0.0,1.0,22.8,-20.64256,-48.80254
2024/09/04 16:03:00,NOAA-21,Brasil,SÃO PAULO,BARRETOS,Mata Atlântica,10,0.0,1.0,17.2,-20.64238,-48.79755
2024/09/04 16:03:00,NOAA-21,Brasil,SÃO PAULO,BARRETOS,Mata Atlântica,10,0.0,1.0,14.1,-20.6421,-48.7971
2024/09/04 16:03:00,NOAA-21,Brasil,SÃO PAULO,BARRETOS,Mata Atlântica,10,0.0,1.0,15.9,-20.63708,-48.81487
2024/09/04 16:03:00,NOAA-21,Brasil,SÃO PAULO,BARRETOS,Mata Atlântica,10,0.0,1.0,35.1,-20.63681,-48.80972
2024/09/04 16:03:00,NOAA-21,Brasil,SÃO PAULO,BARRETOS,Mata Atlântica,10,0.0,1.0,32.7,-20.6366,-48.80919
2024/09/04 16:03:00,NOAA-21,Brasil,SÃO PAULO,BARRETOS,Mata Atlântica,10,0.0,1.0,14.1,-20.64856,-48.79625
2024/09/04 16:03:00,NOAA-21,Brasil,SÃO PAULO,BARRETOS,Mata Atlântica,10,0.0,1.0,15.5,-20.63635,-48.8039
2024/09/04 16:03:00,NOAA-21,Brasil,SÃO PAULO,BARRETOS,Mata Atlântica,10,0.0,1.0,17.2,-20.64885,-48.79668
2024/09/04 16:03:00,NOAA-21,Brasil,SÃO PAULO,BARRETOS,Mata Atlântica,10,0.0,1.0,22.8,-20.64904,-48.80179
2024/09/04 16:03:00,NOAA-21,Brasil,SÃO PAULO,BARRETOS,Mata Atlântica,10,0.0,1.0,17.2,-20.64929,-48.80225
2024/09/04 16:03:00,NOAA-21,Brasil,SÃO PAULO,BARRETOS,Mata Atlântica,10,0.0,1.0,22.8,-20.64954,-48.80758
2024/09/04 16:03:00,NOAA-21,Brasil,SÃO PAULO,BARRETOS,Mata Atlântica,10,0.0,1.0,52.9,-20.64976,-48.80807
2024/09/04 16:52:00,NOAA-20,Brasil,SÃO PAULO,BARRETOS,Mata Atlântica,10,0.0,1.0,100.6,-20.64474,-48.82243
2024/09/04 16:52:00,NOAA-20,Brasil,SÃO PAULO,BARRETOS,Mata Atlântica,10,0.0,1.0,43.3,-20.63312,-48.81308
2024/09/04 16:52:00,NOAA-20,Brasil,SÃO PAULO,BARRETOS,Mata Atlântica,10,0.0,1.0,43.3,-20.63644,-48.81252
2024/09/04 16:52:00,NOAA-20,Brasil,SÃO PAULO,BARRETOS,Mata Atlântica,10,0.0,1.0,251.0,-20.637,-48.8162
2024/09/04 16:52:00,NOAA-20,Brasil,SÃO PAULO,BARRETOS,Mata Atlântica,10,0.0,1.0,251.0,-20.63755,-48.81988
2024/09/04 16:52:00,NOAA-20,Brasil,SÃO PAULO,BARRETOS,Mata Atlântica,10,0.0,1.0,44.8,-20.63919,-48.80827
2024/09/04 16:52:00,NOAA-20,Brasil,SÃO PAULO,BARRETOS,Mata Atlântica,10,0.0,1.0,44.8,-20.63975,-48.81195
2024/09/04 16:52:00,NOAA-20,Brasil,SÃO PAULO,BARRETOS,Mata Atlântica,10,0.0,1.0,64.1,-20.64031,-48.81563
2024/09/04 16:52:00,NOAA-20,Brasil,SÃO PAULO,BARRETOS,Mata Atlântica,10,0.0,1.0,64.1,-20.64086,-48.81931
2024/09/04 16:52:00,NOAA-20,Brasil,SÃO PAULO,BARRETOS,Mata Atlântica,10,0.0,1.0,100.6,-20.64142,-48.82299
2024/09/04 16:52:00,NOAA-20,Brasil,SÃO PAULO,BARRETOS,Mata Atlântica,10,0.0,1.0,44.8,-20.64306,-48.81138
2024/09/04 16:52:00,NOAA-20,Brasil,SÃO PAULO,BARRETOS,Mata Atlântica,10,0.0,1.0,64.1,-20.64362,-48.81506
2024/09/04 16:52:00,NOAA-20,Brasil,SÃO PAULO,BARRETOS,Mata Atlântica,10,0.0,1.0,27.8,-20.64415,-48.7961
2024/09/04 16:52:00,NOAA-20,Brasil,SÃO PAULO,BARRETOS,Mata Atlântica,10,0.0,1.0,64.1,-20.64418,-48.81874
2024/09/04 16:52:00,NOAA-20,Brasil,SÃO PAULO,BARRETOS,Mata Atlântica,10,0.0,1.0,13.1,-20.64526,-48.80346
2024/09/04 16:52:00,NOAA-20,Brasil,SÃO PAULO,BARRETOS,Mata Atlântica,10,0.0,1.0,100.6,-20.64529,-48.82611
2024/09/04 16:52:00,NOAA-20,Brasil,SÃO PAULO,BARRETOS,Mata Atlântica,10,0.0,1.0,27.8,-20.64746,-48.79553
2024/09/04 16:52:00,NOAA-20,Brasil,SÃO PAULO,BARRETOS,Mata Atlântica,10,0.0,1.0,13.1,-20.64802,-48.79921
2024/09/04 16:52:00,NOAA-20,Brasil,SÃO PAULO,BARRETOS,Mata Atlântica,10,0.0,1.0,13.1,-20.64857,-48.80289
2024/09/04 16:52:00,NOAA-20,Brasil,SÃO PAULO,BARRETOS,Mata Atlântica,10,0.0,1.0,9.0,-20.64913,-48.80657
2024/09/04 16:52:00,NOAA-20,Brasil,SÃO PAULO,BARRETOS,Mata Atlântica,10,0.0,1.0,9.0,-20.64969,-48.81025
2024/09/04 16:52:00,NOAA-20,Brasil,SÃO PAULO,BARRETOS,Mata Atlântica,10,0.0,1.0,58.2,-20.65077,-48.79496
2024/09/04 16:52:00,NOAA-20,Brasil,SÃO PAULO,BARRETOS,Mata Atlântica,10,0.0,1.0,32.6,-20.65133,-48.79864
2024/09/04 16:52:00,NOAA-20,Brasil,SÃO PAULO,BARRETOS,Cerrado,116,0.0,1.0,37.5,-20.352,-48.57131
2024/09/04 17:43:00,NOAA-21,Brasil,SÃO PAULO,BARRETOS,Mata Atlântica,10,0.0,1.0,12.0,-20.65102,-48.80915
2024/09/04 17:43:00,NOAA-21,Brasil,SÃO PAULO,BARRETOS,Mata Atlântica,9,0.0,1.0,159.2,-20.6523,-48.78647
2024/09/04 17:43:00,NOAA-21,Brasil,SÃO PAULO,BARRETOS,Mata Atlântica,10,0.0,1.0,159.2,-20.65356,-48.7919
2024/09/04 17:43:00,NOAA-21,Brasil,SÃO PAULO,BARRETOS,Mata Atlântica,10,0.0,1.0,47.0,-20.64607,-48.7879
2024/09/04 17:43:00,NOAA-21,Brasil,SÃO PAULO,BARRETOS,Mata Atlântica,10,0.0,1.0,253.4,-20.65481,-48.79726
2024/09/04 17:43:00,NOAA-21,Brasil,SÃO PAULO,BARRETOS,Cerrado,116,0.0,1.0,14.8,-20.35142,-48.57366
2024/09/04 17:43:00,NOAA-21,Brasil,SÃO PAULO,BARRETOS,Mata Atlântica,10,0.0,1.0,12.0,-20.64601,-48.81574
2024/09/04 17:43:00,NOAA-21,Brasil,SÃO PAULO,BARRETOS,Mata Atlântica,10,0.0,1.0,11.4,-20.63235,-48.81333
2024/09/04 17:43:00,NOAA-21,Brasil,SÃO PAULO,BARRETOS,Mata Atlântica,10,0.0,1.0,11.4,-20.63856,-48.8119
2024/09/04 17:43:00,NOAA-21,Brasil,SÃO PAULO,BARRETOS,Mata Atlântica,10,0.0,1.0,15.3,-20.63862,-48.78407
2024/09/04 17:43:00,NOAA-21,Brasil,SÃO PAULO,BARRETOS,Mata Atlântica,10,0.0,1.0,16.5,-20.64236,-48.8001
2024/09/04 17:43:00,NOAA-21,Brasil,SÃO PAULO,BARRETOS,Mata Atlântica,10,0.0,1.0,13.3,-20.64727,-48.82117
2024/09/04 17:43:00,NOAA-21,Brasil,SÃO PAULO,BARRETOS,Mata Atlântica,10,0.0,1.0,47.0,-20.64733,-48.79328
2024/09/04 17:43:00,NOAA-21,Brasil,SÃO PAULO,BARRETOS,Mata Atlântica,10,0.0,1.0,16.5,-20.64361,-48.80547
2024/09/04 17:43:00,NOAA-21,Brasil,SÃO PAULO,BARRETOS,Mata Atlântica,10,0.0,1.0,16.5,-20.64859,-48.79869
2024/09/04 17:43:00,NOAA-21,Brasil,SÃO PAULO,BARRETOS,Mata Atlântica,10,0.0,1.0,16.5,-20.64983,-48.80402
2024/09/04 17:52:00,AQUA_M-T,Brasil,SÃO PAULO,BARRETOS,Mata Atlântica,10,0.0,1.0,31.5,-20.63266,-48.81031
2024/09/04 17:52:00,AQUA_M-T,Brasil,SÃO PAULO,BARRETOS,Cerrado,120,0.0,1.0,55.2,-20.34377,-48.57452
2024/09/04 17:52:00,AQUA_M-T,Brasil,SÃO PAULO,BARRETOS,Mata Atlântica,10,0.0,1.0,29.1,-20.65461,-48.79016
2024/09/04 17:52:00,AQUA_M-T,Brasil,SÃO PAULO,BARRETOS,Mata Atlântica,10,0.0,1.0,359.1,-20.647,-48.80211
2024/09/04 17:52:00,AQUA_M-T,Brasil,SÃO PAULO,BARRETOS,Mata Atlântica,10,0.0,1.0,274.1,-20.64535,-48.79176
2024/09/04 17:52:00,AQUA_M-T,Brasil,SÃO PAULO,BARRETOS,Mata Atlântica,10,0.0,1.0,173.0,-20.64031,-48.7984
2024/09/04 17:52:00,AQUA_M-T,Brasil,SÃO PAULO,BARRETOS,Mata Atlântica,10,0.0,1.0,64.5,-20.63871,-48.78803
2024/09/04 17:52:00,AQUA_M-T,Brasil,SÃO PAULO,BARRETOS,Mata Atlântica,10,0.0,1.0,23.4,-20.63427,-48.82066
2024/09/04 17:52:00,AQUA_M-T,Brasil,SÃO PAULO,BARRETOS,Mata Atlântica,10,0.0,1.0,19.7,-20.62947,-48.78977
2024/09/04 17:52:00,AQUA_M-T,Brasil,SÃO PAULO,BARRETOS,Mata Atlântica,10,0.0,1.0,29.5,-20.62502,-48.8223
2024/09/04 17:52:00,AQUA_M-T,Brasil,SÃO PAULO,BARRETOS,Mata Atlântica,10,0.0,1.0,30.3,-20.62341,-48.81198
2024/09/04 18:27:00,GOES-16,Brasil,SÃO PAULO,BARRETOS,Mata Atlântica,10,0.0,1.0,116.0,-20.638,-48.8012
2024/09/04 18:37:00,GOES-16,Brasil,SÃO PAULO,BARRETOS,Mata Atlântica,10,0.0,1.0,120.9,-20.638,-48.8012
2024/09/05 01:22:00,TERRA_M-M,Brasil,SÃO PAULO,BARRETOS,Mata Atlântica,11,0.0,1.0,5.4,-20.64825,-48.80459
2024/09/05 03:40:00,NPP-375D,Brasil,SÃO PAULO,BARRETOS,Mata Atlântica,11,0.0,1.0,2.7,-20.6406,-48.80955
2024/09/05 03:40:00,NPP-375D,Brasil,SÃO PAULO,BARRETOS,Mata Atlântica,11,0.0,1.0,1.9,-20.64768,-48.80608
2024/09/05 03:40:00,NPP-375D,Brasil,SÃO PAULO,BARRETOS,Mata Atlântica,11,0.0,1.0,2.1,-20.66981,-48.79175
2024/09/05 03:40:00,NPP-375D,Brasil,SÃO PAULO,BARRETOS,Mata Atlântica,11,0.0,1.0,1.9,-20.64172,-48.80468
2024/09/05 04:04:00,NOAA-20,Brasil,SÃO PAULO,BARRETOS,Mata Atlântica,11,0.0,1.0,0.8,-20.64138,-48.80867
2024/09/05 04:04:00,NOAA-20,Brasil,SÃO PAULO,BARRETOS,Mata Atlântica,11,0.0,1.0,1.4,-20.64693,-48.80176
2024/09/05 04:04:00,NOAA-20,Brasil,SÃO PAULO,BARRETOS,Mata Atlântica,11,0.0,1.0,0.6,-20.63806,-48.80397
2024/09/05 04:04:00,NOAA-20,Brasil,SÃO PAULO,BARRETOS,Mata Atlântica,11,0.0,1.0,0.7,-20.63731,-48.80784
2024/09/05 04:04:00,NOAA-20,Brasil,SÃO PAULO,BARRETOS,Mata Atlântica,11,0.0,1.0,1.4,-20.64213,-48.80478
2024/09/05 04:04:00,NOAA-20,Brasil,SÃO PAULO,BARRETOS,Mata Atlântica,11,0.0,1.0,1.9,-20.64359,-48.79718
2024/09/05 04:04:00,NOAA-20,Brasil,SÃO PAULO,BARRETOS,Mata Atlântica,11,0.0,1.0,0.8,-20.64544,-48.80951
2024/09/05 04:04:00,NOAA-20,Brasil,SÃO PAULO,BARRETOS,Mata Atlântica,11,0.0,1.0,1.4,-20.6462,-48.80558
2024/09/05 04:55:00,NOAA-21,Brasil,SÃO PAULO,BARRETOS,Mata Atlântica,11,0.0,1.0,2.4,-20.64069,-48.80831
2024/09/05 04:55:00,NOAA-21,Brasil,SÃO PAULO,BARRETOS,Mata Atlântica,11,0.0,1.0,1.9,-20.64573,-48.80432
2024/09/05 04:55:00,NOAA-21,Brasil,SÃO PAULO,BARRETOS,Mata Atlântica,11,0.0,1.0,1.9,-20.64629,-48.79947
2024/09/05 04:55:00,NOAA-21,Brasil,SÃO PAULO,BARRETOS,Mata Atlântica,10,0.0,1.0,0.9,-20.64969,-48.80968
2024/09/05 04:55:00,NOAA-21,Brasil,SÃO PAULO,BARRETOS,Mata Atlântica,11,0.0,1.0,5.2,-20.66994,-48.79319
2024/09/05 04:55:00,NOAA-21,Brasil,SÃO PAULO,BARRETOS,Mata Atlântica,11,0.0,1.0,1.9,-20.64123,-48.80359
2024/09/05 05:21:00,NPP-375D,Brasil,SÃO PAULO,BARRETOS,Mata Atlântica,11,0.0,1.0,1.9,-20.64404,-48.80738
2024/09/05 05:21:00,NPP-375D,Brasil,SÃO PAULO,BARRETOS,Mata Atlântica,11,0.0,1.0,1.9,-20.63722,-48.80643
2024/09/05 05:21:00,NPP-375D,Brasil,SÃO PAULO,BARRETOS,Mata Atlântica,11,0.0,1.0,2.3,-20.64454,-48.80096
2024/09/05 16:09:00,NPP-375,Brasil,SÃO PAULO,BARRETOS,Cerrado,18,0.0,1.0,47.5,-20.44318,-48.61401
2024/09/05 16:09:00,NPP-375,Brasil,SÃO PAULO,BARRETOS,Mata Atlântica,11,0.0,1.0,5.0,-20.64221,-48.80339
2024/09/05 16:09:00,NPP-375,Brasil,SÃO PAULO,BARRETOS,Mata Atlântica,11,0.0,1.0,5.6,-20.64805,-48.80264
2024/09/05 16:09:00,NPP-375,Brasil,SÃO PAULO,BARRETOS,Cerrado,30,0.0,1.0,45.3,-20.4319,-48.6202
2024/09/05 16:09:00,NPP-375,Brasil,SÃO PAULO,BARRETOS,Cerrado,24,0.0,1.0,59.6,-20.43742,-48.61467
2024/09/05 16:09:00,NPP-375,Brasil,SÃO PAULO,BARRETOS,Cerrado,24,0.0,1.0,45.3,-20.43766,-48.61939
2024/09/05 16:09:00,NPP-375,Brasil,SÃO PAULO,BARRETOS,Cerrado,18,0.0,1.0,48.7,-20.44342,-48.61866
2024/09/05 16:09:00,NPP-375,Brasil,SÃO PAULO,BARRETOS,Cerrado,17,0.0,1.0,47.5,-20.44359,-48.61823
2024/09/05 16:09:00,NPP-375,Brasil,SÃO PAULO,BARRETOS,Cerrado,17,0.0,1.0,29.6,-20.44401,-48.6225
2024/09/05 16:09:00,NPP-375,Brasil,SÃO PAULO,BARRETOS,Cerrado,23,0.0,1.0,55.2,-20.43825,-48.62326
2024/09/05 16:09:00,NPP-375,Brasil,SÃO PAULO,BARRETOS,Cerrado,17,0.0,1.0,24.6,-20.44381,-48.62295
2024/09/05 16:09:00,NPP-375,Brasil,SÃO PAULO,BARRETOS,Cerrado,24,0.0,1.0,45.3,-20.43727,-48.61512
2024/09/05 16:09:00,NPP-375,Brasil,SÃO PAULO,BARRETOS,Cerrado,24,0.0,1.0,59.6,-20.43783,-48.61893
2024/09/05 16:09:00,NPP-375,Brasil,SÃO PAULO,BARRETOS,Cerrado,31,0.0,1.0,45.3,-20.43151,-48.61589
2024/09/05 16:09:00,NPP-375,Brasil,SÃO PAULO,BARRETOS,Cerrado,30,0.0,1.0,59.6,-20.43207,-48.61972
2024/09/05 16:09:00,NPP-375,Brasil,SÃO PAULO,BARRETOS,Cerrado,24,0.0,1.0,39.6,-20.43804,-48.62373
2024/09/05 16:09:00,NPP-375,Brasil,SÃO PAULO,BARRETOS,Cerrado,18,0.0,1.0,48.7,-20.44304,-48.61443
2024/09/05 16:35:00,NOAA-20,Brasil,SÃO PAULO,BARRETOS,Mata Atlântica,11,0.0,1.0,11.0,-20.64184,-48.80353
2024/09/05 16:35:00,NOAA-20,Brasil,SÃO PAULO,BARRETOS,Cerrado,15,0.0,1.0,194.7,-20.4471,-48.62066
2024/09/05 16:35:00,NOAA-20,Brasil,SÃO PAULO,BARRETOS,Cerrado,18,0.0,1.0,194.7,-20.44325,-48.62122
2024/09/05 16:35:00,NOAA-20,Brasil,SÃO PAULO,BARRETOS,Cerrado,19,0.0,1.0,120.5,-20.4426,-48.61613
2024/09/05 16:35:00,NOAA-20,Brasil,SÃO PAULO,BARRETOS,Cerrado,14,0.0,1.0,194.7,-20.44775,-48.62576
2024/09/05 16:35:00,NOAA-20,Brasil,SÃO PAULO,BARRETOS,Cerrado,13,0.0,1.0,43.3,-20.45097,-48.62015
2024/09/05 16:35:00,NOAA-20,Brasil,SÃO PAULO,BARRETOS,Cerrado,15,0.0,1.0,120.5,-20.44645,-48.61557
2024/09/05 17:24:00,NOAA-21,Brasil,SÃO PAULO,BARRETOS,Mata Atlântica,11,0.0,1.0,5.4,-20.64573,-48.80632
2024/09/05 17:24:00,NOAA-21,Brasil,SÃO PAULO,BARRETOS,Mata Atlântica,11,0.0,1.0,5.4,-20.64106,-48.80725
2024/09/05 17:24:00,NOAA-21,Brasil,SÃO PAULO,BARRETOS,Cerrado,18,0.0,1.0,19.5,-20.44288,-48.61717
2024/09/06 03:47:00,NOAA-20,Brasil,SÃO PAULO,BARRETOS,Mata Atlântica,12,0.0,1.0,1.3,-20.64421,-48.80446
2024/09/06 03:47:00,NOAA-20,Brasil,SÃO PAULO,BARRETOS,Mata Atlântica,12,0.0,1.0,1.3,-20.64335,-48.80838
2024/09/06 03:47:00,NOAA-20,Brasil,SÃO PAULO,BARRETOS,Cerrado,12,0.0,1.0,2.4,-20.69133,-48.69373
2024/09/06 03:47:00,NOAA-20,Brasil,SÃO PAULO,BARRETOS,Mata Atlântica,12,0.0,1.0,1.3,-20.63789,-48.80714
2024/09/06 04:36:00,NOAA-21,Brasil,SÃO PAULO,BARRETOS,Cerrado,12,0.0,1.0,3.8,-20.69006,-48.68868
2024/09/06 04:36:00,NOAA-21,Brasil,SÃO PAULO,BARRETOS,Mata Atlântica,12,0.0,1.0,1.0,-20.63931,-48.80587
2024/09/06 04:36:00,NOAA-21,Brasil,SÃO PAULO,BARRETOS,Mata Atlântica,12,0.0,1.0,1.7,-20.64277,-48.80645
2024/09/06 04:36:00,NOAA-21,Brasil,SÃO PAULO,BARRETOS,Mata Atlântica,12,0.0,1.0,1.7,-20.64335,-48.80244
2024/09/06 04:36:00,NOAA-21,Brasil,SÃO PAULO,BARRETOS,Mata Atlântica,12,0.0,1.0,1.3,-20.64393,-48.7984
2024/09/06 04:36:00,NOAA-21,Brasil,SÃO PAULO,BARRETOS,Mata Atlântica,12,0.0,1.0,1.5,-20.64522,-48.80555
2024/09/06 04:36:00,NOAA-21,Brasil,SÃO PAULO,BARRETOS,Mata Atlântica,12,0.0,1.0,1.5,-20.64579,-48.80152
2024/09/06 04:36:00,NOAA-21,Brasil,SÃO PAULO,BARRETOS,Mata Atlântica,12,0.0,1.0,1.7,-20.6468,-48.80303
2024/09/06 04:36:00,NOAA-21,Brasil,SÃO PAULO,BARRETOS,Mata Atlântica,12,0.0,1.0,1.1,-20.64811,-48.81012
2024/09/06 04:36:00,NOAA-21,Brasil,SÃO PAULO,BARRETOS,Mata Atlântica,12,0.0,1.0,0.8,-20.64914,-48.78688
2024/09/06 04:36:00,NOAA-21,Brasil,SÃO PAULO,BARRETOS,Mata Atlântica,12,0.0,1.0,1.3,-20.65152,-48.78594
2024/09/06 05:01:00,NPP-375D,Brasil,SÃO PAULO,BARRETOS,Cerrado,12,0.0,1.0,1.3,-20.69049,-48.69255
2024/09/06 05:01:00,NPP-375D,Brasil,SÃO PAULO,BARRETOS,Mata Atlântica,12,0.0,1.0,1.2,-20.64249,-48.80267
2024/09/06 05:01:00,NPP-375D,Brasil,SÃO PAULO,BARRETOS,Mata Atlântica,12,0.0,1.0,0.6,-20.64694,-48.80959
2024/09/06 05:01:00,NPP-375D,Brasil,SÃO PAULO,BARRETOS,Mata Atlântica,12,0.0,1.0,0.3,-20.64759,-48.80344
2024/09/06 05:01:00,NPP-375D,Brasil,SÃO PAULO,BARRETOS,Cerrado,12,0.0,1.0,1.3,-20.69084,-48.6893
2024/09/06 05:01:00,NPP-375D,Brasil,SÃO PAULO,BARRETOS,Mata Atlântica,12,0.0,1.0,2.5,-20.64216,-48.80581
2024/09/06 16:13:00,NOAA-20,Brasil,SÃO PAULO,BARRETOS,Cerrado,12,0.0,1.0,2.0,-20.51414,-48.56178
2024/09/06 16:13:00,NOAA-20,Brasil,SÃO PAULO,BARRETOS,Cerrado,12,0.0,-999.0,1.9,-20.58983,-48.52662
2024/09/07 00:46:17,METOP-B,Brasil,SÃO PAULO,BARRETOS,Mata Atlântica,13,0.0,1.0,,-20.647300720214844,-48.78450012207031
2024/09/07 01:05:00,TERRA_M-M,Brasil,SÃO PAULO,BARRETOS,Mata Atlântica,13,0.0,1.0,15.2,-20.64716,-48.78638
2024/09/07 04:19:00,NOAA-21,Brasil,SÃO PAULO,BARRETOS,Mata Atlântica,13,0.0,1.0,1.2,-20.64991,-48.78566
2024/09/07 04:19:00,NOAA-21,Brasil,SÃO PAULO,BARRETOS,Mata Atlântica,13,0.0,1.0,1.1,-20.64298,-48.80528
2024/09/07 04:19:00,NOAA-21,Brasil,SÃO PAULO,BARRETOS,Mata Atlântica,13,0.0,1.0,1.2,-20.64644,-48.78501
2024/09/07 04:42:00,NPP-375D,Brasil,SÃO PAULO,BARRETOS,Mata Atlântica,13,0.0,1.0,1.6,-20.64842,-48.78701
2024/09/07 16:45:00,NOAA-21,Brasil,SÃO PAULO,BARRETOS,Mata Atlântica,13,0.0,1.0,13.3,-20.64376,-48.7821
2024/09/07 16:45:00,NOAA-21,Brasil,SÃO PAULO,BARRETOS,Mata Atlântica,13,0.0,1.0,21.1,-20.64432,-48.78597
2024/09/07 17:11:00,NPP-375,Brasil,SÃO PAULO,BARRETOS,Mata Atlântica,13,0.0,1.0,6.8,-20.64355,-48.78013
2024/09/07 17:11:00,NPP-375,Brasil,SÃO PAULO,BARRETOS,Mata Atlântica,13,0.0,1.0,5.2,-20.64451,-48.78542
2024/09/09 03:40:00,NOAA-21,Brasil,SÃO PAULO,BARRETOS,Mata Atlântica,15,0.0,1.0,3.9,-20.64779,-48.77914
2024/09/09 04:04:00,NPP-375D,Brasil,SÃO PAULO,BARRETOS,Mata Atlântica,15,0.0,1.0,0.9,-20.64311,-48.77845
2024/09/09 04:04:00,NPP-375D,Brasil,SÃO PAULO,BARRETOS,Mata Atlântica,15,0.0,1.0,0.9,-20.64715,-48.77932
2024/09/09 04:27:00,NOAA-20,Brasil,SÃO PAULO,BARRETOS,Mata Atlântica,15,0.0,1.0,2.7,-20.64568,-48.7799
2024/09/09 16:09:00,NOAA-21,Brasil,SÃO PAULO,BARRETOS,Mata Atlântica,15,0.0,1.0,2.7,-20.64522,-48.77805
2024/09/09 16:09:00,NOAA-21,Brasil,SÃO PAULO,BARRETOS,Mata Atlântica,15,0.0,1.0,2.7,-20.65113,-48.77742
2024/09/09 16:35:00,NPP-375,Brasil,SÃO PAULO,BARRETOS,Mata Atlântica,15,0.0,1.0,3.4,-20.6501,-48.78102
2024/09/09 16:58:00,NOAA-20,Brasil,SÃO PAULO,BARRETOS,Mata Atlântica,15,0.0,1.0,8.2,-20.64804,-48.77746
2024/09/14 22:56:59,GOES-16,Brasil,SÃO PAULO,BARRETOS,Cerrado,109,0.1,1.0,61.9,-20.3614,-48.4947
2024/09/14 23:06:59,GOES-16,Brasil,SÃO PAULO,BARRETOS,Cerrado,109,0.1,1.0,66.2,-20.3614,-48.4947
2024/09/15 15:56:00,NOAA-21,Brasil,SÃO PAULO,BARRETOS,Cerrado,96,0.0,1.0,16.2,-20.37649,-48.49389
2024/09/15 15:56:00,NOAA-21,Brasil,SÃO PAULO,BARRETOS,Cerrado,96,0.0,1.0,200.6,-20.376,-48.4873
2024/09/15 15:56:00,NOAA-21,Brasil,SÃO PAULO,BARRETOS,Cerrado,100,0.0,1.0,29.7,-20.37074,-48.50105
2024/09/15 15:56:00,NOAA-21,Brasil,SÃO PAULO,BARRETOS,Cerrado,95,0.0,1.0,92.0,-20.37718,-48.49387
2024/09/15 15:56:00,NOAA-21,Brasil,SÃO PAULO,BARRETOS,Cerrado,95,0.0,1.0,16.2,-20.377,-48.50069
2024/09/15 15:56:00,NOAA-21,Brasil,SÃO PAULO,BARRETOS,Cerrado,96,0.0,1.0,92.0,-20.37665,-48.48731
2024/09/15 15:56:00,NOAA-21,Brasil,SÃO PAULO,BARRETOS,Cerrado,101,0.0,1.0,92.0,-20.3702,-48.49434
2024/09/15 15:56:00,NOAA-21,Brasil,SÃO PAULO,BARRETOS,Cerrado,101,0.0,1.0,15.6,-20.37001,-48.50111
2024/09/15 15:56:00,NOAA-21,Brasil,SÃO PAULO,BARRETOS,Cerrado,102,0.0,1.0,92.0,-20.36967,-48.48773
2024/09/15 15:56:00,NOAA-21,Brasil,SÃO PAULO,BARRETOS,Cerrado,102,0.0,1.0,15.6,-20.36951,-48.49438
2024/09/15 15:56:00,NOAA-21,Brasil,SÃO PAULO,BARRETOS,Cerrado,108,0.0,1.0,44.8,-20.36321,-48.49473
2024/09/15 15:56:00,NOAA-21,Brasil,SÃO PAULO,BARRETOS,Cerrado,108,0.0,1.0,15.6,-20.36302,-48.5015
2024/09/15 15:56:00,NOAA-21,Brasil,SÃO PAULO,BARRETOS,Cerrado,108,0.0,1.0,44.8,-20.36268,-48.48815
2024/09/15 15:56:00,NOAA-21,Brasil,SÃO PAULO,BARRETOS,Cerrado,108,0.0,1.0,15.6,-20.36252,-48.4948
2024/09/15 15:56:00,NOAA-21,Brasil,SÃO PAULO,BARRETOS,Cerrado,109,0.0,1.0,461.6,-20.36203,-48.4882
2024/09/15 15:56:00,NOAA-21,Brasil,SÃO PAULO,BARRETOS,Cerrado,114,0.0,1.0,44.8,-20.35571,-48.48867
2024/09/15 15:56:00,NOAA-21,Brasil,SÃO PAULO,BARRETOS,Cerrado,115,0.0,1.0,67.6,-20.35506,-48.48876
2024/09/15 16:03:27,MSG-03,Brasil,SÃO PAULO,BARRETOS,Cerrado,81,0.0,1.0,,-20.39,-48.54
2024/09/15 16:03:27,MSG-03,Brasil,SÃO PAULO,BARRETOS,Cerrado,110,0.0,1.0,,-20.36,-48.52
2024/09/16 03:57:00,NOAA-20,Brasil,SÃO PAULO,BARRETOS,Cerrado,83,0.1,1.0,1.8,-20.39086,-48.4883
2024/09/19 13:25:00,TERRA_M-T,Brasil,SÃO PAULO,BARRETOS,Mata Atlântica,21,0.0,1.0,363.1,-20.6608,-48.75423
2024/09/19 13:25:00,TERRA_M-T,Brasil,SÃO PAULO,BARRETOS,Mata Atlântica,20,0.0,1.0,288.2,-20.66425,-48.75962
2024/09/19 13:25:00,TERRA_M-T,Brasil,SÃO PAULO,BARRETOS,Mata Atlântica,22,0.0,1.0,74.2,-20.66741,-48.71932
2024/09/19 16:22:00,NOAA-21,Brasil,SÃO PAULO,BARRETOS,Mata Atlântica,21,0.0,1.0,245.9,-20.65379,-48.76081
2024/09/19 16:22:00,NOAA-21,Brasil,SÃO PAULO,BARRETOS,Mata Atlântica,23,0.0,1.0,29.1,-20.6574,-48.74919
2024/09/19 16:22:00,NOAA-21,Brasil,SÃO PAULO,BARRETOS,Mata Atlântica,22,0.0,1.0,13.8,-20.658,-48.75475
2024/09/19 16:22:00,NOAA-21,Brasil,SÃO PAULO,BARRETOS,Mata Atlântica,24,0.0,1.0,140.1,-20.6526,-48.74979
2024/09/19 16:22:00,NOAA-21,Brasil,SÃO PAULO,BARRETOS,Mata Atlântica,23,0.0,1.0,245.9,-20.65319,-48.75526
2024/09/19 16:22:00,NOAA-21,Brasil,SÃO PAULO,BARRETOS,Mata Atlântica,23,0.0,1.0,29.1,-20.6568,-48.74364
2024/09/20 01:16:29,METOP-B,Brasil,SÃO PAULO,BARRETOS,Mata Atlântica,25,0.2,1.0,,-20.50860023498535,-48.73889923095703
2024/09/20 01:34:00,TERRA_M-M,Brasil,SÃO PAULO,BARRETOS,Mata Atlântica,26,0.24,1.0,34.5,-20.52715,-48.76371
2024/09/20 01:34:00,TERRA_M-M,Brasil,SÃO PAULO,BARRETOS,Mata Atlântica,26,0.2,1.0,36.9,-20.52677,-48.75801
2024/09/20 03:34:00,NOAA-21,Brasil,SÃO PAULO,BARRETOS,Mata Atlântica,26,0.2,1.0,4.1,-20.51838,-48.75387
2024/09/20 03:34:00,NOAA-21,Brasil,SÃO PAULO,BARRETOS,Mata Atlântica,26,0.2,1.0,6.5,-20.51884,-48.75953
2024/09/20 03:34:00,NOAA-21,Brasil,SÃO PAULO,BARRETOS,Mata Atlântica,26,0.2,1.0,4.9,-20.51685,-48.76012
2024/09/20 03:57:00,NPP-375D,Brasil,SÃO PAULO,BARRETOS,Mata Atlântica,26,0.2,1.0,5.5,-20.51918,-48.75732
2024/09/20 04:21:00,NOAA-20,Brasil,SÃO PAULO,BARRETOS,Mata Atlântica,25,0.2,1.0,2.2,-20.51864,-48.75695
2024/09/20 04:21:00,NOAA-20,Brasil,SÃO PAULO,BARRETOS,Mata Atlântica,26,0.2,1.0,2.2,-20.52198,-48.75756
2024/09/20 05:14:00,NOAA-21,Brasil,SÃO PAULO,BARRETOS,Mata Atlântica,26,0.2,1.0,2.1,-20.52091,-48.75824
2024/09/22 16:13:00,NOAA-20,Brasil,SÃO PAULO,BARRETOS,Cerrado,0,0.0,1.0,73.5,-20.64307,-48.66757
2024/09/22 16:13:00,NOAA-20,Brasil,SÃO PAULO,BARRETOS,Cerrado,0,0.0,1.0,126.4,-20.64263,-48.67495
2024/09/22 16:13:00,NOAA-20,Brasil,SÃO PAULO,BARRETOS,Cerrado,0,0.0,1.0,188.4,-20.64199,-48.66817
2024/09/22 16:13:00,NOAA-20,Brasil,SÃO PAULO,BARRETOS,Cerrado,0,0.0,1.0,36.3,-20.63915,-48.68186
2024/09/22 16:13:00,NOAA-20,Brasil,SÃO PAULO,BARRETOS,Cerrado,0,0.0,1.0,145.0,-20.63844,-48.67487
2024/09/22 16:13:00,NOAA-20,Brasil,SÃO PAULO,BARRETOS,Cerrado,0,0.0,1.0,73.5,-20.63809,-48.67145
2024/09/22 16:13:00,NOAA-20,Brasil,SÃO PAULO,BARRETOS,Cerrado,0,0.0,1.0,22.9,-20.63798,-48.68259
2024/09/22 16:13:00,NOAA-20,Brasil,SÃO PAULO,BARRETOS,Cerrado,0,0.0,1.0,73.5,-20.63775,-48.66805
2024/09/22 16:13:00,NOAA-20,Brasil,SÃO PAULO,BARRETOS,Cerrado,0,0.0,1.0,126.4,-20.63764,-48.67901
2024/09/22 16:13:00,NOAA-20,Brasil,SÃO PAULO,BARRETOS,Cerrado,0,0.0,1.0,188.4,-20.63699,-48.67209
2024/09/22 16:13:00,NOAA-20,Brasil,SÃO PAULO,BARRETOS,Cerrado,0,0.0,1.0,22.9,-20.64328,-48.68185
2024/09/22 16:13:00,NOAA-20,Brasil,SÃO PAULO,BARRETOS,Cerrado,0,0.0,1.0,73.5,-20.64341,-48.67096
2024/09/22 16:13:00,NOAA-20,Brasil,SÃO PAULO,BARRETOS,Cerrado,0,0.0,1.0,145.0,-20.64376,-48.67432
2024/09/22 16:13:00,NOAA-20,Brasil,SÃO PAULO,BARRETOS,Cerrado,0,0.0,1.0,145.0,-20.6441,-48.67768
2024/09/22 16:13:00,NOAA-20,Brasil,SÃO PAULO,BARRETOS,Cerrado,0,0.0,1.0,126.4,-20.64295,-48.67834
2024/09/22 16:13:00,NOAA-20,Brasil,SÃO PAULO,BARRETOS,Cerrado,0,0.0,1.0,36.3,-20.64445,-48.68114
2024/09/22 16:13:00,NOAA-20,Brasil,SÃO PAULO,BARRETOS,Cerrado,0,0.0,1.0,4.4,-20.64795,-48.67442
2024/09/22 16:13:00,NOAA-20,Brasil,SÃO PAULO,BARRETOS,Cerrado,0,0.0,1.0,4.4,-20.64827,-48.67778
2024/09/22 16:13:00,NOAA-20,Brasil,SÃO PAULO,BARRETOS,Cerrado,0,0.0,1.0,5.8,-20.6486,-48.68125
2024/09/22 16:13:00,NOAA-20,Brasil,SÃO PAULO,BARRETOS,Cerrado,0,0.0,1.0,4.9,-20.64942,-48.67716
2024/09/22 16:13:00,NOAA-20,Brasil,SÃO PAULO,BARRETOS,Cerrado,0,0.0,1.0,5.9,-20.64977,-48.68061
2024/09/22 17:05:00,NOAA-21,Brasil,SÃO PAULO,BARRETOS,Mata Atlântica,14,0.0,1.0,85.7,-20.49856,-48.77541
2024/09/22 17:05:00,NOAA-21,Brasil,SÃO PAULO,BARRETOS,Mata Atlântica,13,0.0,1.0,29.2,-20.50213,-48.7747
2024/09/22 17:05:00,NOAA-21,Brasil,SÃO PAULO,BARRETOS,Mata Atlântica,13,0.0,1.0,29.2,-20.50139,-48.7704
2024/09/22 17:05:00,NOAA-21,Brasil,SÃO PAULO,BARRETOS,Mata Atlântica,13,0.0,1.0,12.7,-20.50065,-48.7661
2024/09/22 17:05:00,NOAA-21,Brasil,SÃO PAULO,BARRETOS,Mata Atlântica,15,0.0,1.0,85.7,-20.49426,-48.7718
2024/09/22 17:05:00,NOAA-21,Brasil,SÃO PAULO,BARRETOS,Mata Atlântica,15,0.0,1.0,208.9,-20.49352,-48.76748
2024/09/22 17:30:00,NPP-375,Brasil,SÃO PAULO,BARRETOS,Mata Atlântica,14,0.0,1.0,15.6,-20.49665,-48.75427
2024/09/22 17:30:00,NPP-375,Brasil,SÃO PAULO,BARRETOS,Mata Atlântica,12,0.0,1.0,107.4,-20.5048,-48.76655
2024/09/22 17:30:00,NPP-375,Brasil,SÃO PAULO,BARRETOS,Mata Atlântica,12,0.0,1.0,10.3,-20.50552,-48.76993
2024/09/22 17:30:00,NPP-375,Brasil,SÃO PAULO,BARRETOS,Mata Atlântica,14,0.0,1.0,232.3,-20.49739,-48.7577
2024/09/22 17:30:00,NPP-375,Brasil,SÃO PAULO,BARRETOS,Mata Atlântica,14,0.0,1.0,232.3,-20.49813,-48.76111
2024/09/22 17:30:00,NPP-375,Brasil,SÃO PAULO,BARRETOS,Mata Atlântica,14,0.0,1.0,110.8,-20.49885,-48.7645
2024/09/22 17:30:00,NPP-375,Brasil,SÃO PAULO,BARRETOS,Mata Atlântica,13,0.0,1.0,20.6,-20.5003,-48.77124
2024/09/22 17:30:00,NPP-375,Brasil,SÃO PAULO,BARRETOS,Mata Atlântica,13,0.0,1.0,20.6,-20.50102,-48.77458
2024/09/22 17:30:00,NPP-375,Brasil,SÃO PAULO,BARRETOS,Mata Atlântica,13,0.0,1.0,6.7,-20.50194,-48.75322
2024/09/22 17:30:00,NPP-375,Brasil,SÃO PAULO,BARRETOS,Mata Atlântica,12,0.0,1.0,107.4,-20.50407,-48.76319
2024/09/22 17:30:00,NPP-375,Brasil,SÃO PAULO,BARRETOS,Mata Atlântica,13,0.0,1.0,83.1,-20.50266,-48.75657
2024/09/22 17:30:00,NPP-375,Brasil,SÃO PAULO,BARRETOS,Mata Atlântica,13,0.0,1.0,83.1,-20.50336,-48.75988
2024/09/22 17:30:00,NPP-375,Brasil,SÃO PAULO,BARRETOS,Mata Atlântica,15,0.0,1.0,110.8,-20.4936,-48.76567
2024/09/22 17:30:00,NPP-375,Brasil,SÃO PAULO,BARRETOS,Mata Atlântica,15,0.0,1.0,110.8,-20.49434,-48.76907
2024/09/23 17:37:00,NOAA-20,Brasil,SÃO PAULO,BARRETOS,Mata Atlântica,2,0.0,1.0,6.6,-20.63943,-48.80582
2024/09/23 20:07:00,GOES-16,Brasil,SÃO PAULO,BARRETOS,Mata Atlântica,2,0.0,1.0,251.2,-20.6175,-48.8058
2024/09/23 20:07:00,GOES-16,Brasil,SÃO PAULO,BARRETOS,Mata Atlântica,2,0.0,1.0,150.8,-20.6387,-48.7781
2024/09/23 20:07:00,GOES-16,Brasil,SÃO PAULO,BARRETOS,Mata Atlântica,2,0.0,1.0,233.5,-20.638,-48.8012
2024/09/23 20:17:00,GOES-16,Brasil,SÃO PAULO,BARRETOS,Mata Atlântica,2,0.0,1.0,122.5,-20.6387,-48.7781
2024/09/23 20:17:00,GOES-16,Brasil,SÃO PAULO,BARRETOS,Mata Atlântica,2,0.0,1.0,447.0,-20.6175,-48.8058
2024/09/23 20:17:00,GOES-16,Brasil,SÃO PAULO,BARRETOS,Mata Atlântica,2,0.0,1.0,261.5,-20.638,-48.8012
2024/09/23 20:27:00,GOES-16,Brasil,SÃO PAULO,BARRETOS,Mata Atlântica,2,0.0,1.0,280.6,-20.638,-48.8012
2024/09/23 20:27:00,GOES-16,Brasil,SÃO PAULO,BARRETOS,Mata Atlântica,2,0.0,1.0,392.2,-20.6175,-48.8058
2024/09/23 20:27:00,GOES-16,Brasil,SÃO PAULO,BARRETOS,Mata Atlântica,2,0.0,1.0,93.2,-20.6169,-48.829
2024/09/23 20:27:00,GOES-16,Brasil,SÃO PAULO,BARRETOS,Mata Atlântica,2,0.0,1.0,82.1,-20.597,-48.8104
2024/09/23 20:27:00,GOES-16,Brasil,SÃO PAULO,BARRETOS,Mata Atlântica,2,0.0,1.0,110.7,-20.6387,-48.7781
2024/09/23 21:07:00,GOES-16,Brasil,SÃO PAULO,BARRETOS,Mata Atlântica,2,0.0,1.0,126.0,-20.6181,-48.7827
2024/09/23 21:07:00,GOES-16,Brasil,SÃO PAULO,BARRETOS,Mata Atlântica,2,0.0,1.0,118.4,-20.638,-48.8012
2024/09/23 21:07:00,GOES-16,Brasil,SÃO PAULO,BARRETOS,Mata Atlântica,2,0.0,1.0,185.3,-20.6175,-48.8058
2024/09/23 21:57:00,GOES-16,Brasil,SÃO PAULO,BARRETOS,Mata Atlântica,2,0.0,1.0,36.2,-20.5976,-48.7873
2024/09/23 21:57:00,GOES-16,Brasil,SÃO PAULO,BARRETOS,Mata Atlântica,2,0.0,1.0,309.2,-20.6181,-48.7827
2024/09/23 21:57:00,GOES-16,Brasil,SÃO PAULO,BARRETOS,Mata Atlântica,2,0.0,1.0,119.5,-20.638,-48.8012
2024/09/23 21:57:00,GOES-16,Brasil,SÃO PAULO,BARRETOS,Mata Atlântica,2,0.0,1.0,122.5,-20.6387,-48.7781
2024/09/23 21:57:00,GOES-16,Brasil,SÃO PAULO,BARRETOS,Mata Atlântica,2,0.0,1.0,264.2,-20.6175,-48.8058
2024/09/23 22:03:27,MSG-03,Brasil,SÃO PAULO,BARRETOS,Mata Atlântica,2,0.0,1.0,,-20.62,-48.83
2024/09/23 22:07:00,GOES-16,Brasil,SÃO PAULO,BARRETOS,Mata Atlântica,2,0.0,1.0,205.5,-20.6175,-48.8058
2024/09/23 22:07:00,GOES-16,Brasil,SÃO PAULO,BARRETOS,Mata Atlântica,2,0.0,1.0,107.8,-20.638,-48.8012
2024/09/23 22:07:00,GOES-16,Brasil,SÃO PAULO,BARRETOS,Mata Atlântica,2,0.0,1.0,216.8,-20.6181,-48.7827
2024/09/23 22:07:00,GOES-16,Brasil,SÃO PAULO,BARRETOS,Mata Atlântica,2,0.0,1.0,99.8,-20.6387,-48.7781
2024/09/23 22:07:00,GOES-16,Brasil,SÃO PAULO,BARRETOS,Mata Atlântica,2,0.0,1.0,49.7,-20.5976,-48.7873
2024/09/23 22:17:00,GOES-16,Brasil,SÃO PAULO,BARRETOS,Mata Atlântica,2,0.0,1.0,104.0,-20.638,-48.8012
2024/09/23 22:17:00,GOES-16,Brasil,SÃO PAULO,BARRETOS,Mata Atlântica,2,0.0,1.0,94.7,-20.6387,-48.7781
2024/09/23 22:17:00,GOES-16,Brasil,SÃO PAULO,BARRETOS,Mata Atlântica,2,0.0,1.0,163.5,-20.6181,-48.7827
2024/09/23 22:17:00,GOES-16,Brasil,SÃO PAULO,BARRETOS,Mata Atlântica,2,0.0,1.0,185.1,-20.6175,-48.8058
2024/09/23 22:27:00,GOES-16,Brasil,SÃO PAULO,BARRETOS,Mata Atlântica,2,0.0,1.0,57.0,-20.5976,-48.7873
2024/09/23 22:27:00,GOES-16,Brasil,SÃO PAULO,BARRETOS,Mata Atlântica,2,0.0,1.0,230.0,-20.6387,-48.7781
2024/09/23 22:27:00,GOES-16,Brasil,SÃO PAULO,BARRETOS,Mata Atlântica,2,0.0,1.0,208.7,-20.638,-48.8012
2024/09/23 22:27:00,GOES-16,Brasil,SÃO PAULO,BARRETOS,Mata Atlântica,2,0.0,1.0,424.3,-20.6181,-48.7827
2024/09/23 22:27:00,GOES-16,Brasil,SÃO PAULO,BARRETOS,Mata Atlântica,2,0.0,1.0,315.4,-20.6175,-48.8058
2024/09/23 22:37:00,GOES-16,Brasil,SÃO PAULO,BARRETOS,Mata Atlântica,2,0.0,1.0,92.2,-20.6175,-48.8058
2024/09/23 22:37:00,GOES-16,Brasil,SÃO PAULO,BARRETOS,Mata Atlântica,2,0.0,1.0,67.6,-20.6181,-48.7827
2024/09/23 22:57:00,GOES-16,Brasil,SÃO PAULO,BARRETOS,Mata Atlântica,2,0.0,1.0,120.9,-20.6387,-48.7781
2024/09/23 22:57:00,GOES-16,Brasil,SÃO PAULO,BARRETOS,Mata Atlântica,2,0.0,1.0,183.6,-20.6175,-48.8058
2024/09/23 22:57:00,GOES-16,Brasil,SÃO PAULO,BARRETOS,Mata Atlântica,2,0.0,1.0,321.6,-20.6181,-48.7827
2024/09/23 22:57:00,GOES-16,Brasil,SÃO PAULO,BARRETOS,Mata Atlântica,2,0.0,1.0,114.2,-20.5976,-48.7873
2024/09/23 22:57:00,GOES-16,Brasil,SÃO PAULO,BARRETOS,Mata Atlântica,2,0.0,1.0,76.4,-20.638,-48.8012
2024/09/23 22:57:00,GOES-16,Brasil,SÃO PAULO,BARRETOS,Mata Atlântica,2,0.0,1.0,76.5,-20.597,-48.8104
2024/09/23 23:07:00,GOES-16,Brasil,SÃO PAULO,BARRETOS,Mata Atlântica,2,0.0,1.0,91.6,-20.6181,-48.7827
2024/09/23 23:07:00,GOES-16,Brasil,SÃO PAULO,BARRETOS,Mata Atlântica,2,0.0,1.0,82.8,-20.6175,-48.8058
2024/09/24 00:47:52,METOP-C,Brasil,SÃO PAULO,BARRETOS,Mata Atlântica,3,0.0,1.0,,-20.61079978942871,-48.795799255371094
2024/09/24 00:47:52,METOP-C,Brasil,SÃO PAULO,BARRETOS,Mata Atlântica,3,0.0,1.0,,-20.624000549316406,-48.810298919677734
2024/09/24 00:47:52,METOP-C,Brasil,SÃO PAULO,BARRETOS,Mata Atlântica,3,0.0,1.0,,-20.622299194335938,-48.801998138427734
2024/09/24 00:47:52,METOP-C,Brasil,SÃO PAULO,BARRETOS,Mata Atlântica,3,0.0,1.0,,-20.6205997467041,-48.79359817504883
2024/09/24 00:47:52,METOP-C,Brasil,SÃO PAULO,BARRETOS,Mata Atlântica,3,0.0,1.0,,-20.609100341796875,-48.787498474121094
2024/09/24 00:47:52,METOP-C,Brasil,SÃO PAULO,BARRETOS,Mata Atlântica,3,0.0,1.0,,-20.618900299072266,-48.785301208496094
2024/09/24 00:58:00,TERRA_M-M,Brasil,SÃO PAULO,BARRETOS,Mata Atlântica,3,0.0,1.0,11.3,-20.62203,-48.80497
2024/09/24 00:58:00,TERRA_M-M,Brasil,SÃO PAULO,BARRETOS,Mata Atlântica,3,0.0,1.0,27.2,-20.62068,-48.79421
2024/09/24 00:58:00,TERRA_M-M,Brasil,SÃO PAULO,BARRETOS,Mata Atlântica,3,0.0,1.0,14.9,-20.61127,-48.79565
2024/09/24 00:58:00,TERRA_M-M,Brasil,SÃO PAULO,BARRETOS,Mata Atlântica,3,0.0,1.0,15.0,-20.62338,-48.81573
2024/09/24 01:27:00,GOES-16,Brasil,SÃO PAULO,BARRETOS,Mata Atlântica,3,0.0,1.0,112.5,-20.6181,-48.7827
2024/09/24 01:27:00,GOES-16,Brasil,SÃO PAULO,BARRETOS,Mata Atlântica,3,0.0,1.0,71.5,-20.6175,-48.8058
2024/09/24 01:34:12,METOP-B,Brasil,SÃO PAULO,BARRETOS,Mata Atlântica,3,0.0,1.0,,-20.60610008239746,-48.81010055541992
2024/09/24 01:34:12,METOP-B,Brasil,SÃO PAULO,BARRETOS,Mata Atlântica,3,0.0,1.0,,-20.588699340820312,-48.75149917602539
2024/09/24 01:34:12,METOP-B,Brasil,SÃO PAULO,BARRETOS,Mata Atlântica,3,0.0,1.0,,-20.60689926147461,-48.7776985168457
2024/09/24 01:34:12,METOP-B,Brasil,SÃO PAULO,BARRETOS,Mata Atlântica,3,0.0,1.0,,-20.597400665283203,-48.78089904785156
2024/09/24 01:34:12,METOP-B,Brasil,SÃO PAULO,BARRETOS,Mata Atlântica,3,0.0,1.0,,-20.59819984436035,-48.74829864501953
2024/09/24 01:34:12,METOP-B,Brasil,SÃO PAULO,BARRETOS,Mata Atlântica,3,0.0,1.0,,-20.6156005859375,-48.80690002441406
2024/09/24 01:37:00,GOES-16,Brasil,SÃO PAULO,BARRETOS,Mata Atlântica,3,0.0,1.0,151.2,-20.6181,-48.7827
2024/09/24 01:37:00,GOES-16,Brasil,SÃO PAULO,BARRETOS,Mata Atlântica,3,0.0,1.0,91.2,-20.6175,-48.8058
2024/09/24 01:47:00,GOES-16,Brasil,SÃO PAULO,BARRETOS,Mata Atlântica,3,0.0,1.0,65.3,-20.6181,-48.7827
2024/09/24 02:07:00,GOES-16,Brasil,SÃO PAULO,BARRETOS,Mata Atlântica,3,0.0,1.0,77.1,-20.6387,-48.7781
2024/09/24 02:07:00,GOES-16,Brasil,SÃO PAULO,BARRETOS,Mata Atlântica,3,0.0,1.0,73.7,-20.6181,-48.7827
2024/09/24 02:07:00,GOES-16,Brasil,SÃO PAULO,BARRETOS,Mata Atlântica,3,0.0,1.0,61.9,-20.638,-48.8012
2024/09/24 03:57:00,NOAA-21,Brasil,SÃO PAULO,BARRETOS,Mata Atlântica,3,0.0,1.0,3.1,-20.61539,-48.79621
2024/09/24 03:57:00,NOAA-21,Brasil,SÃO PAULO,BARRETOS,Mata Atlântica,3,0.0,1.0,3.1,-20.6109,-48.79533
2024/09/24 03:57:00,NOAA-21,Brasil,SÃO PAULO,BARRETOS,Mata Atlântica,3,0.0,1.0,12.5,-20.61599,-48.81662
2024/09/24 03:57:00,NOAA-21,Brasil,SÃO PAULO,BARRETOS,Mata Atlântica,3,0.0,1.0,2.3,-20.61635,-48.79142
2024/09/24 03:57:00,NOAA-21,Brasil,SÃO PAULO,BARRETOS,Mata Atlântica,3,0.0,1.0,4.3,-20.61696,-48.81175
2024/09/24 03:57:00,NOAA-21,Brasil,SÃO PAULO,BARRETOS,Mata Atlântica,3,0.0,1.0,4.3,-20.62143,-48.81278
2024/09/24 04:23:00,NPP-375D,Brasil,SÃO PAULO,BARRETOS,Mata Atlântica,3,0.0,1.0,4.2,-20.61168,-48.79544
2024/09/24 04:23:00,NPP-375D,Brasil,SÃO PAULO,BARRETOS,Mata Atlântica,3,0.0,1.0,4.5,-20.61594,-48.8116
2024/09/24 04:23:00,NPP-375D,Brasil,SÃO PAULO,BARRETOS,Mata Atlântica,3,0.0,1.0,2.9,-20.61562,-48.79231
2024/09/24 04:23:00,NPP-375D,Brasil,SÃO PAULO,BARRETOS,Mata Atlântica,3,0.0,1.0,3.2,-20.61868,-48.81595
2024/09/24 04:23:00,NPP-375D,Brasil,SÃO PAULO,BARRETOS,Mata Atlântica,3,0.0,1.0,3.2,-20.61929,-48.81222
2024/09/24 04:23:00,NPP-375D,Brasil,SÃO PAULO,BARRETOS,Mata Atlântica,3,0.0,1.0,1.3,-20.61989,-48.80848
2024/09/24 04:23:00,NPP-375D,Brasil,SÃO PAULO,BARRETOS,Mata Atlântica,3,0.0,1.0,4.5,-20.61534,-48.81535
2024/09/24 04:23:00,NPP-375D,Brasil,SÃO PAULO,BARRETOS,Mata Atlântica,3,0.0,1.0,1.5,-20.61502,-48.79604
2024/09/24 04:46:00,NOAA-20,Brasil,SÃO PAULO,BARRETOS,Mata Atlântica,3,0.0,1.0,4.1,-20.61612,-48.81839
2024/09/24 04:46:00,NOAA-20,Brasil,SÃO PAULO,BARRETOS,Mata Atlântica,3,0.0,1.0,1.8,-20.61525,-48.79325
2024/09/24 04:46:00,NOAA-20,Brasil,SÃO PAULO,BARRETOS,Mata Atlântica,3,0.0,1.0,1.8,-20.61477,-48.79705
2024/09/24 04:46:00,NOAA-20,Brasil,SÃO PAULO,BARRETOS,Mata Atlântica,3,0.0,1.0,1.8,-20.61071,-48.79639
2024/09/24 04:46:00,NOAA-20,Brasil,SÃO PAULO,BARRETOS,Mata Atlântica,3,0.0,1.0,4.1,-20.62064,-48.81523
2024/09/24 04:46:00,NOAA-20,Brasil,SÃO PAULO,BARRETOS,Mata Atlântica,3,0.0,1.0,2.4,-20.62096,-48.81318
2024/09/24 04:46:00,NOAA-20,Brasil,SÃO PAULO,BARRETOS,Mata Atlântica,3,0.0,1.0,2.3,-20.6211,-48.81145
2024/09/24 04:46:00,NOAA-20,Brasil,SÃO PAULO,BARRETOS,Mata Atlântica,3,0.0,1.0,2.4,-20.62144,-48.80945
2024/09/24 04:46:00,NOAA-20,Brasil,SÃO PAULO,BARRETOS,Mata Atlântica,3,0.0,1.0,2.3,-20.61704,-48.81089
2024/09/24 04:46:00,NOAA-20,Brasil,SÃO PAULO,BARRETOS,Mata Atlântica,3,0.0,1.0,2.4,-20.6169,-48.81262
2024/09/24 04:46:00,NOAA-20,Brasil,SÃO PAULO,BARRETOS,Mata Atlântica,3,0.0,1.0,4.1,-20.61658,-48.81464
2024/09/24 04:46:00,NOAA-20,Brasil,SÃO PAULO,BARRETOS,Mata Atlântica,3,0.0,1.0,10.6,-20.61642,-48.81636
2024/09/24 16:28:00,NOAA-21,Brasil,SÃO PAULO,BARRETOS,Mata Atlântica,3,0.0,1.0,9.7,-20.63425,-48.79625
2024/09/24 16:28:00,NOAA-21,Brasil,SÃO PAULO,BARRETOS,Mata Atlântica,3,0.0,1.0,17.4,-20.62335,-48.81545
2024/09/24 16:28:00,NOAA-21,Brasil,SÃO PAULO,BARRETOS,Mata Atlântica,3,0.0,1.0,20.7,-20.62387,-48.81978
2024/09/24 16:28:00,NOAA-21,Brasil,SÃO PAULO,BARRETOS,Mata Atlântica,3,0.0,1.0,20.7,-20.62439,-48.82413
2024/09/24 16:28:00,NOAA-21,Brasil,SÃO PAULO,BARRETOS,Mata Atlântica,3,0.0,1.0,7.2,-20.62717,-48.81057
2024/09/24 16:28:00,NOAA-21,Brasil,SÃO PAULO,BARRETOS,Mata Atlântica,3,0.0,1.0,7.2,-20.62769,-48.8149
2024/09/24 16:52:00,NPP-375,Brasil,SÃO PAULO,BARRETOS,Mata Atlântica,14,0.0,1.0,6.7,-20.50807,-48.76786
2024/09/24 16:52:00,NPP-375,Brasil,SÃO PAULO,BARRETOS,Mata Atlântica,3,0.0,1.0,16.9,-20.62327,-48.81588
2024/09/24 16:52:00,NPP-375,Brasil,SÃO PAULO,BARRETOS,Mata Atlântica,3,0.0,1.0,16.9,-20.61994,-48.81646
2024/09/24 16:52:00,NPP-375,Brasil,SÃO PAULO,BARRETOS,Mata Atlântica,3,0.0,1.0,86.0,-20.61661,-48.81702
2024/09/24 16:52:00,NPP-375,Brasil,SÃO PAULO,BARRETOS,Mata Atlântica,3,0.0,1.0,20.6,-20.62439,-48.82327
2024/09/24 16:52:00,NPP-375,Brasil,SÃO PAULO,BARRETOS,Mata Atlântica,3,0.0,1.0,20.6,-20.62383,-48.81958
2024/09/24 17:15:00,NOAA-20,Brasil,SÃO PAULO,BARRETOS,Mata Atlântica,3,0.0,1.0,24.4,-20.6262,-48.81858
2024/09/24 17:15:00,NOAA-20,Brasil,SÃO PAULO,BARRETOS,Mata Atlântica,3,0.0,1.0,9.9,-20.61696,-48.81609
2024/09/24 17:15:00,NOAA-20,Brasil,SÃO PAULO,BARRETOS,Mata Atlântica,3,0.0,1.0,13.7,-20.62117,-48.81523
2024/09/24 17:15:00,NOAA-20,Brasil,SÃO PAULO,BARRETOS,Mata Atlântica,3,0.0,1.0,13.7,-20.62539,-48.81434
2024/09/24 20:57:00,GOES-16,Brasil,SÃO PAULO,BARRETOS,Cerrado,8,0.0,1.0,117.0,-20.5182,-48.713
2024/09/24 21:03:28,MSG-03,Brasil,SÃO PAULO,BARRETOS,Cerrado,8,0.0,1.0,,-20.52,-48.72
2024/09/24 21:07:00,GOES-16,Brasil,SÃO PAULO,BARRETOS,Cerrado,4,0.0,1.0,197.4,-20.5387,-48.7084
2024/09/24 21:07:00,GOES-16,Brasil,SÃO PAULO,BARRETOS,Mata Atlântica,5,0.0,1.0,131.1,-20.5381,-48.7316
2024/09/24 21:07:00,GOES-16,Brasil,SÃO PAULO,BARRETOS,Mata Atlântica,10,0.0,1.0,194.0,-20.5176,-48.7361
2024/09/24 21:07:00,GOES-16,Brasil,SÃO PAULO,BARRETOS,Cerrado,8,0.0,1.0,300.7,-20.5182,-48.713
2024/09/30 03:47:00,NOAA-21,Brasil,SÃO PAULO,BARRETOS,Mata Atlântica,9,0.0,1.0,18.1,-20.6325,-48.74535
2024/09/30 03:47:00,NOAA-21,Brasil,SÃO PAULO,BARRETOS,Mata Atlântica,9,0.0,1.0,18.1,-20.63794,-48.74655
2024/09/30 03:47:00,NOAA-21,Brasil,SÃO PAULO,BARRETOS,Mata Atlântica,9,0.0,1.0,18.1,-20.63714,-48.75016
2024/09/30 03:47:00,NOAA-21,Brasil,SÃO PAULO,BARRETOS,Mata Atlântica,9,0.0,1.0,20.2,-20.63635,-48.75376
2024/09/30 03:47:00,NOAA-21,Brasil,SÃO PAULO,BARRETOS,Mata Atlântica,9,0.0,1.0,18.1,-20.63169,-48.74904
2024/09/30 03:47:00,NOAA-21,Brasil,SÃO PAULO,BARRETOS,Mata Atlântica,9,0.0,1.0,20.2,-20.63089,-48.75268
2024/09/30 03:47:00,GOES-16,Brasil,SÃO PAULO,BARRETOS,Mata Atlântica,9,0.0,1.0,71.6,-20.6393,-48.7549
2024/09/30 03:57:00,GOES-16,Brasil,SÃO PAULO,BARRETOS,Mata Atlântica,9,0.0,1.0,71.8,-20.6393,-48.7549
2024/09/30 04:34:00,NOAA-20,Brasil,SÃO PAULO,BARRETOS,Mata Atlântica,9,0.0,1.0,5.0,-20.63523,-48.74774
2024/09/30 04:34:00,NOAA-20,Brasil,SÃO PAULO,BARRETOS,Mata Atlântica,9,0.0,1.0,5.0,-20.63465,-48.75182
2024/09/30 05:08:00,AQUA_M-M,Brasil,SÃO PAULO,BARRETOS,Mata Atlântica,9,0.0,1.0,11.1,-20.63643,-48.74977
2024/09/30 11:57:02,GOES-16,Brasil,SÃO PAULO,BARRETOS,Mata Atlântica,9,0.0,1.0,120.0,-20.6393,-48.7549
2024/09/30 12:07:00,GOES-16,Brasil,SÃO PAULO,BARRETOS,Mata Atlântica,9,0.0,1.0,102.6,-20.6393,-48.7549
2024/09/30 12:17:00,GOES-16,Brasil,SÃO PAULO,BARRETOS,Mata Atlântica,9,0.0,1.0,108.9,-20.6393,-48.7549
2024/09/30 12:27:00,GOES-16,Brasil,SÃO PAULO,BARRETOS,Mata Atlântica,9,0.0,1.0,136.1,-20.6393,-48.7549
2024/09/30 12:36:00,TERRA_M-T,Brasil,SÃO PAULO,BARRETOS,Mata Atlântica,9,0.0,1.0,62.8,-20.63161,-48.75765
2024/09/30 12:36:00,TERRA_M-T,Brasil,SÃO PAULO,BARRETOS,Mata Atlântica,8,0.0,1.0,152.1,-20.64082,-48.75919
2024/09/30 12:36:00,TERRA_M-T,Brasil,SÃO PAULO,BARRETOS,Mata Atlântica,9,0.0,1.0,61.2,-20.64238,-48.74907
2024/09/30 12:36:00,TERRA_M-T,Brasil,SÃO PAULO,BARRETOS,Mata Atlântica,9,0.0,1.0,9.1,-20.65002,-48.76077
2024/09/30 12:36:00,TERRA_M-T,Brasil,SÃO PAULO,BARRETOS,Mata Atlântica,9,0.0,1.0,83.0,-20.63318,-48.74753
2024/09/30 12:37:00,GOES-16,Brasil,SÃO PAULO,BARRETOS,Mata Atlântica,9,0.0,1.0,84.9,-20.6598,-48.7503
2024/09/30 12:37:00,GOES-16,Brasil,SÃO PAULO,BARRETOS,Mata Atlântica,9,0.0,1.0,228.9,-20.6393,-48.7549
2024/09/30 12:47:00,GOES-16,Brasil,SÃO PAULO,BARRETOS,Mata Atlântica,9,0.0,1.0,206.1,-20.6393,-48.7549
2024/09/30 12:47:00,GOES-16,Brasil,SÃO PAULO,BARRETOS,Mata Atlântica,9,0.0,1.0,123.7,-20.6598,-48.7503
2024/09/30 12:57:00,GOES-16,Brasil,SÃO PAULO,BARRETOS,Mata Atlântica,9,0.0,1.0,181.6,-20.6393,-48.7549
2024/09/30 13:07:00,GOES-16,Brasil,SÃO PAULO,BARRETOS,Mata Atlântica,9,0.0,1.0,82.5,-20.6592,-48.7735
2024/09/30 13:07:00,GOES-16,Brasil,SÃO PAULO,BARRETOS,Mata Atlântica,9,0.0,1.0,100.1,-20.6387,-48.7781
2024/09/30 13:27:00,GOES-16,Brasil,SÃO PAULO,BARRETOS,Mata Atlântica,9,0.0,1.0,131.2,-20.6387,-48.7781
2024/09/30 13:37:00,GOES-16,Brasil,SÃO PAULO,BARRETOS,Mata Atlântica,9,0.0,1.0,123.3,-20.6387,-48.7781
2024/09/30 16:16:00,NOAA-21,Brasil,SÃO PAULO,BARRETOS,Mata Atlântica,9,0.0,1.0,38.5,-20.64008,-48.7508
2024/09/30 16:16:00,NOAA-21,Brasil,SÃO PAULO,BARRETOS,Mata Atlântica,9,0.0,1.0,23.0,-20.63478,-48.75145
2024/09/30 16:16:00,NOAA-21,Brasil,SÃO PAULO,BARRETOS,Mata Atlântica,9,0.0,1.0,51.0,-20.63513,-48.7548
2024/09/30 16:16:00,NOAA-21,Brasil,SÃO PAULO,BARRETOS,Mata Atlântica,9,0.0,1.0,42.8,-20.63876,-48.74875
2024/09/30 16:16:00,NOAA-21,Brasil,SÃO PAULO,BARRETOS,Mata Atlântica,9,0.0,1.0,42.8,-20.63908,-48.75206
2024/09/30 16:16:00,NOAA-21,Brasil,SÃO PAULO,BARRETOS,Mata Atlântica,9,0.0,1.0,38.5,-20.63974,-48.74749
2024/09/30 16:16:00,NOAA-21,Brasil,SÃO PAULO,BARRETOS,Mata Atlântica,9,0.0,1.0,25.7,-20.64043,-48.75415
2024/09/30 16:16:00,NOAA-21,Brasil,SÃO PAULO,BARRETOS,Mata Atlântica,9,0.0,1.0,42.8,-20.64406,-48.74812
2024/09/30 16:16:00,NOAA-21,Brasil,SÃO PAULO,BARRETOS,Mata Atlântica,9,0.0,1.0,30.8,-20.64471,-48.75486
2024/09/30 16:16:00,NOAA-21,Brasil,SÃO PAULO,BARRETOS,Mata Atlântica,9,0.0,1.0,38.5,-20.64538,-48.7502
2024/09/30 16:16:00,NOAA-21,Brasil,SÃO PAULO,BARRETOS,Mata Atlântica,9,0.0,1.0,25.7,-20.64573,-48.75356
2024/09/30 16:16:00,NOAA-21,Brasil,SÃO PAULO,BARRETOS,Mata Atlântica,9,0.0,1.0,4.5,-20.64683,-48.76407
2024/09/30 16:16:00,NOAA-21,Brasil,SÃO PAULO,BARRETOS,Mata Atlântica,9,0.0,1.0,12.5,-20.64968,-48.7508
2024/09/30 16:16:00,NOAA-21,Brasil,SÃO PAULO,BARRETOS,Mata Atlântica,9,0.0,1.0,7.6,-20.65002,-48.75422
2024/09/30 16:16:00,NOAA-21,Brasil,SÃO PAULO,BARRETOS,Mata Atlântica,8,0.0,1.0,7.6,-20.65035,-48.75771
2024/09/30 16:16:00,NOAA-21,Brasil,SÃO PAULO,BARRETOS,Mata Atlântica,8,0.0,1.0,8.0,-20.65068,-48.74953
2024/09/30 16:16:00,NOAA-21,Brasil,SÃO PAULO,BARRETOS,Mata Atlântica,9,0.0,1.0,10.3,-20.6507,-48.76122
2024/09/30 16:16:00,NOAA-21,Brasil,SÃO PAULO,BARRETOS,Mata Atlântica,9,0.0,1.0,6.5,-20.65103,-48.75293
2024/09/30 16:16:00,NOAA-21,Brasil,SÃO PAULO,BARRETOS,Mata Atlântica,9,0.0,1.0,10.3,-20.65105,-48.76481
2024/09/30 16:16:00,NOAA-21,Brasil,SÃO PAULO,BARRETOS,Mata Atlântica,9,0.0,1.0,6.5,-20.6514,-48.75638
2024/09/30 16:16:00,NOAA-21,Brasil,SÃO PAULO,BARRETOS,Mata Atlântica,9,0.0,1.0,6.8,-20.65176,-48.75987
2024/09/30 16:16:00,NOAA-21,Brasil,SÃO PAULO,BARRETOS,Mata Atlântica,9,0.0,1.0,6.8,-20.65213,-48.76341
2024/09/30 16:39:00,NPP-375,Brasil,SÃO PAULO,BARRETOS,Mata Atlântica,9,0.0,1.0,34.9,-20.63525,-48.75274
2024/09/30 16:39:00,NPP-375,Brasil,SÃO PAULO,BARRETOS,Mata Atlântica,9,0.0,1.0,8.3,-20.65387,-48.75432
2024/09/30 16:39:00,NPP-375,Brasil,SÃO PAULO,BARRETOS,Mata Atlântica,9,0.0,1.0,33.3,-20.65143,-48.76367
2024/09/30 16:39:00,NPP-375,Brasil,SÃO PAULO,BARRETOS,Mata Atlântica,9,0.0,1.0,8.3,-20.65085,-48.75926
2024/09/30 16:39:00,NPP-375,Brasil,SÃO PAULO,BARRETOS,Mata Atlântica,9,0.0,1.0,10.9,-20.64968,-48.75051
2024/09/30 16:39:00,NPP-375,Brasil,SÃO PAULO,BARRETOS,Mata Atlântica,9,0.0,1.0,28.0,-20.64783,-48.76424
2024/09/30 16:39:00,NPP-375,Brasil,SÃO PAULO,BARRETOS,Mata Atlântica,9,0.0,1.0,37.6,-20.64607,-48.75107
2024/09/30 16:39:00,NPP-375,Brasil,SÃO PAULO,BARRETOS,Mata Atlântica,9,0.0,1.0,25.2,-20.64305,-48.75599
2024/09/30 16:39:00,NPP-375,Brasil,SÃO PAULO,BARRETOS,Mata Atlântica,9,0.0,1.0,37.6,-20.64246,-48.75163
2024/09/30 16:39:00,NPP-375,Brasil,SÃO PAULO,BARRETOS,Mata Atlântica,9,0.0,1.0,37.6,-20.64189,-48.74731
2024/09/30 16:39:00,NPP-375,Brasil,SÃO PAULO,BARRETOS,Mata Atlântica,9,0.0,1.0,31.3,-20.63943,-48.75653
2024/09/30 16:39:00,NPP-375,Brasil,SÃO PAULO,BARRETOS,Mata Atlântica,9,0.0,1.0,34.9,-20.63886,-48.75217
2024/09/30 16:39:00,NPP-375,Brasil,SÃO PAULO,BARRETOS,Mata Atlântica,9,0.0,1.0,34.9,-20.63828,-48.74786
2024/09/30 17:05:00,NOAA-20,Brasil,SÃO PAULO,BARRETOS,Mata Atlântica,9,0.0,1.0,25.2,-20.64146,-48.74982
2024/09/30 17:05:00,NOAA-20,Brasil,SÃO PAULO,BARRETOS,Mata Atlântica,9,0.0,1.0,21.8,-20.64387,-48.7506
2024/09/30 17:05:00,NOAA-20,Brasil,SÃO PAULO,BARRETOS,Mata Atlântica,9,0.0,1.0,18.3,-20.64312,-48.74624
2024/09/30 17:05:00,NOAA-20,Brasil,SÃO PAULO,BARRETOS,Mata Atlântica,9,0.0,1.0,25.2,-20.64219,-48.75419
2024/09/30 17:05:00,NOAA-20,Brasil,SÃO PAULO,BARRETOS,Mata Atlântica,9,0.0,1.0,25.2,-20.63863,-48.75487
2024/09/30 17:05:00,NOAA-20,Brasil,SÃO PAULO,BARRETOS,Mata Atlântica,9,0.0,1.0,54.4,-20.63433,-48.75116
2024/09/30 17:05:00,NOAA-20,Brasil,SÃO PAULO,BARRETOS,Mata Atlântica,9,0.0,1.0,25.2,-20.63789,-48.75049
2024/09/30 17:05:00,NOAA-20,Brasil,SÃO PAULO,BARRETOS,Mata Atlântica,9,0.0,1.0,54.4,-20.63506,-48.75552
2024/09/30 17:05:00,NOAA-20,Brasil,SÃO PAULO,BARRETOS,Mata Atlântica,9,0.0,1.0,6.5,-20.65324,-48.76221
2024/09/30 17:05:00,NOAA-20,Brasil,SÃO PAULO,BARRETOS,Mata Atlântica,9,0.0,1.0,6.5,-20.6525,-48.75792
2024/09/30 17:05:00,NOAA-20,Brasil,SÃO PAULO,BARRETOS,Mata Atlântica,9,0.0,1.0,69.0,-20.65219,-48.76998
2024/09/30 17:05:00,NOAA-20,Brasil,SÃO PAULO,BARRETOS,Mata Atlântica,9,0.0,1.0,5.4,-20.65175,-48.75361
2024/09/30 17:05:00,NOAA-20,Brasil,SÃO PAULO,BARRETOS,Mata Atlântica,9,0.0,1.0,69.0,-20.65148,-48.76573
2024/09/30 17:05:00,NOAA-20,Brasil,SÃO PAULO,BARRETOS,Mata Atlântica,9,0.0,1.0,62.9,-20.65114,-48.77136
2024/09/30 17:05:00,NOAA-20,Brasil,SÃO PAULO,BARRETOS,Mata Atlântica,9,0.0,1.0,5.4,-20.651,-48.74928
2024/09/30 17:05:00,NOAA-20,Brasil,SÃO PAULO,BARRETOS,Mata Atlântica,9,0.0,1.0,14.4,-20.65076,-48.76146
2024/09/30 17:05:00,NOAA-20,Brasil,SÃO PAULO,BARRETOS,Mata Atlântica,9,0.0,1.0,62.9,-20.65041,-48.76711
2024/09/30 17:05:00,NOAA-20,Brasil,SÃO PAULO,BARRETOS,Mata Atlântica,9,0.0,1.0,23.3,-20.64968,-48.76286
2024/09/30 17:05:00,NOAA-20,Brasil,SÃO PAULO,BARRETOS,Mata Atlântica,9,0.0,1.0,69.0,-20.64792,-48.76639
2024/09/30 17:05:00,NOAA-20,Brasil,SÃO PAULO,BARRETOS,Mata Atlântica,9,0.0,1.0,21.8,-20.64744,-48.74993
2024/09/30 17:05:00,NOAA-20,Brasil,SÃO PAULO,BARRETOS,Mata Atlântica,9,0.0,1.0,26.7,-20.64575,-48.75351
2024/09/30 17:05:00,NOAA-20,Brasil,SÃO PAULO,BARRETOS,Mata Atlântica,9,0.0,1.0,26.7,-20.64502,-48.74915
2024/09/30 17:05:00,NOAA-20,Brasil,SÃO PAULO,BARRETOS,Mata Atlântica,9,0.0,1.0,21.8,-20.64463,-48.75494
2024/09/30 17:17:00,AQUA_M-T,Brasil,SÃO PAULO,BARRETOS,Mata Atlântica,9,0.0,1.0,62.1,-20.63785,-48.76041
2024/09/30 17:17:00,AQUA_M-T,Brasil,SÃO PAULO,BARRETOS,Mata Atlântica,9,0.0,1.0,216.5,-20.66392,-48.77283
2024/09/30 17:17:00,AQUA_M-T,Brasil,SÃO PAULO,BARRETOS,Mata Atlântica,9,0.0,1.0,251.9,-20.65076,-48.77463
2024/09/30 17:17:00,AQUA_M-T,Brasil,SÃO PAULO,BARRETOS,Mata Atlântica,9,0.0,1.0,52.7,-20.63526,-48.75401
2024/09/30 17:17:00,AQUA_M-T,Brasil,SÃO PAULO,BARRETOS,Mata Atlântica,9,0.0,1.0,86.7,-20.64841,-48.75225
2024/09/30 18:37:00,GOES-16,Brasil,SÃO PAULO,BARRETOS,Mata Atlântica,9,0.0,1.0,178.2,-20.6393,-48.7549
2024/09/30 18:37:00,GOES-16,Brasil,SÃO PAULO,BARRETOS,Mata Atlântica,9,0.0,1.0,145.3,-20.6598,-48.7503
2024/09/30 18:47:00,GOES-16,Brasil,SÃO PAULO,BARRETOS,Mata Atlântica,9,0.0,1.0,117.3,-20.6598,-48.7503
2024/09/30 18:57:00,GOES-16,Brasil,SÃO PAULO,BARRETOS,Mata Atlântica,9,0.0,1.0,101.6,-20.6598,-48.7503
2024/09/30 19:07:00,GOES-16,Brasil,SÃO PAULO,BARRETOS,Mata Atlântica,9,0.0,1.0,85.4,-20.6592,-48.7735
2024/09/30 19:16:36,GOES-16,Brasil,SÃO PAULO,BARRETOS,Mata Atlântica,9,0.0,1.0,117.5,-20.6393,-48.7549
2024/09/30 19:27:00,GOES-16,Brasil,SÃO PAULO,BARRETOS,Mata Atlântica,9,0.0,1.0,91.0,-20.6598,-48.7503
2024/09/30 19:27:00,GOES-16,Brasil,SÃO PAULO,BARRETOS,Mata Atlântica,9,0.0,1.0,111.8,-20.6393,-48.7549
2024/09/30 19:47:00,GOES-16,Brasil,SÃO PAULO,BARRETOS,Mata Atlântica,9,0.0,1.0,93.3,-20.6592,-48.7735
2024/09/30 19:47:00,GOES-16,Brasil,SÃO PAULO,BARRETOS,Mata Atlântica,9,0.0,1.0,80.4,-20.6598,-48.7503
2024/09/30 19:47:00,GOES-16,Brasil,SÃO PAULO,BARRETOS,Mata Atlântica,9,0.0,1.0,92.2,-20.6393,-48.7549
2024/09/30 20:07:00,GOES-16,Brasil,SÃO PAULO,BARRETOS,Mata Atlântica,9,0.0,1.0,82.0,-20.6393,-48.7549
2024/09/30 20:17:00,GOES-16,Brasil,SÃO PAULO,BARRETOS,Mata Atlântica,9,0.0,1.0,94.2,-20.6592,-48.7735
2024/09/30 20:27:00,GOES-16,Brasil,SÃO PAULO,BARRETOS,Mata Atlântica,9,0.0,1.0,102.5,-20.6592,-48.7735
2024/10/01 01:17:00,GOES-16,Brasil,SÃO PAULO,BARRETOS,Mata Atlântica,10,0.0,1.0,62.9,-20.6393,-48.7549
2024/10/01 01:27:00,GOES-16,Brasil,SÃO PAULO,BARRETOS,Mata Atlântica,10,0.0,1.0,129.3,-20.6399,-48.7318
2024/10/01 01:27:00,GOES-16,Brasil,SÃO PAULO,BARRETOS,Mata Atlântica,10,0.0,1.0,273.7,-20.6393,-48.7549
2024/10/01 01:27:00,GOES-16,Brasil,SÃO PAULO,BARRETOS,Mata Atlântica,10,0.0,1.0,144.5,-20.6194,-48.7364
2024/10/01 01:27:00,GOES-16,Brasil,SÃO PAULO,BARRETOS,Mata Atlântica,10,0.0,1.0,307.4,-20.6188,-48.7595
2024/10/01 01:37:00,GOES-16,Brasil,SÃO PAULO,BARRETOS,Mata Atlântica,10,0.0,1.0,95.3,-20.6393,-48.7549
2024/10/01 01:43:08,METOP-C,Brasil,SÃO PAULO,BARRETOS,Mata Atlântica,10,0.0,1.0,,-20.634300231933594,-48.765098571777344
2024/10/01 01:43:08,METOP-C,Brasil,SÃO PAULO,BARRETOS,Mata Atlântica,10,0.0,1.0,,-20.626699447631836,-48.73929977416992
2024/10/01 01:43:08,METOP-C,Brasil,SÃO PAULO,BARRETOS,Mata Atlântica,10,0.0,1.0,,-20.617300033569336,-48.742401123046875
2024/10/01 01:43:08,METOP-C,Brasil,SÃO PAULO,BARRETOS,Mata Atlântica,10,0.0,1.0,,-20.624799728393555,-48.7681999206543
2024/10/01 01:47:00,GOES-16,Brasil,SÃO PAULO,BARRETOS,Mata Atlântica,10,0.0,1.0,83.7,-20.6393,-48.7549
2024/10/01 01:47:00,GOES-16,Brasil,SÃO PAULO,BARRETOS,Mata Atlântica,10,0.0,1.0,67.3,-20.6188,-48.7595
2024/10/01 01:57:00,GOES-16,Brasil,SÃO PAULO,BARRETOS,Mata Atlântica,10,0.0,1.0,116.9,-20.6393,-48.7549
2024/10/01 01:57:00,GOES-16,Brasil,SÃO PAULO,BARRETOS,Mata Atlântica,10,0.0,1.0,106.4,-20.6188,-48.7595
2024/10/01 02:17:00,GOES-16,Brasil,SÃO PAULO,BARRETOS,Mata Atlântica,10,0.0,1.0,70.8,-20.6393,-48.7549
2024/10/01 03:28:00,NOAA-21,Brasil,SÃO PAULO,BARRETOS,Mata Atlântica,10,0.0,1.0,10.1,-20.6358,-48.75688
2024/10/01 03:28:00,NOAA-21,Brasil,SÃO PAULO,BARRETOS,Mata Atlântica,10,0.0,1.0,7.4,-20.63329,-48.7515
2024/10/01 03:28:00,NOAA-21,Brasil,SÃO PAULO,BARRETOS,Mata Atlântica,10,0.0,1.0,3.8,-20.62153,-48.75388
2024/10/01 03:28:00,NOAA-21,Brasil,SÃO PAULO,BARRETOS,Mata Atlântica,10,0.0,1.0,9.3,-20.62425,-48.75743
2024/10/01 03:28:00,NOAA-21,Brasil,SÃO PAULO,BARRETOS,Mata Atlântica,10,0.0,1.0,10.1,-20.62866,-48.75541
2024/10/01 03:28:00,NOAA-21,Brasil,SÃO PAULO,BARRETOS,Mata Atlântica,10,0.0,1.0,7.4,-20.6314,-48.75888
2024/10/01 03:28:00,NOAA-21,Brasil,SÃO PAULO,BARRETOS,Mata Atlântica,10,0.0,1.0,6.2,-20.64285,-48.75873
2024/10/01 03:28:00,NOAA-21,Brasil,SÃO PAULO,BARRETOS,Mata Atlântica,10,0.0,1.0,5.5,-20.64466,-48.75139
2024/10/01 03:28:00,NOAA-21,Brasil,SÃO PAULO,BARRETOS,Mata Atlântica,10,0.0,1.0,7.4,-20.64041,-48.75305
2024/10/01 03:28:00,NOAA-21,Brasil,SÃO PAULO,BARRETOS,Mata Atlântica,10,0.0,1.0,8.1,-20.63757,-48.74974
2024/10/01 03:51:00,NPP-375D,Brasil,SÃO PAULO,BARRETOS,Mata Atlântica,10,0.0,1.0,2.6,-20.6512,-48.77474
2024/10/01 03:51:00,NPP-375D,Brasil,SÃO PAULO,BARRETOS,Mata Atlântica,10,0.0,1.0,2.3,-20.65224,-48.77462
2024/10/01 03:51:00,NPP-375D,Brasil,SÃO PAULO,BARRETOS,Mata Atlântica,9,0.0,1.0,2.6,-20.65254,-48.76851
2024/10/01 03:51:00,NPP-375D,Brasil,SÃO PAULO,BARRETOS,Mata Atlântica,10,0.0,1.0,2.8,-20.65353,-48.76837
2024/10/01 03:51:00,NPP-375D,Brasil,SÃO PAULO,BARRETOS,Mata Atlântica,10,0.0,1.0,8.2,-20.62001,-48.75438
2024/10/01 03:51:00,NPP-375D,Brasil,SÃO PAULO,BARRETOS,Mata Atlântica,10,0.0,1.0,8.2,-20.62499,-48.75546
2024/10/01 03:51:00,NPP-375D,Brasil,SÃO PAULO,BARRETOS,Mata Atlântica,10,0.0,1.0,7.3,-20.62998,-48.75647
2024/10/01 03:51:00,NPP-375D,Brasil,SÃO PAULO,BARRETOS,Mata Atlântica,10,0.0,1.0,7.3,-20.63497,-48.7575
2024/10/01 03:51:00,NPP-375D,Brasil,SÃO PAULO,BARRETOS,Mata Atlântica,10,0.0,1.0,4.8,-20.63621,-48.75154
2024/10/01 03:51:00,NPP-375D,Brasil,SÃO PAULO,BARRETOS,Mata Atlântica,10,0.0,1.0,2.5,-20.63994,-48.75862
2024/10/01 03:51:00,NPP-375D,Brasil,SÃO PAULO,BARRETOS,Mata Atlântica,10,0.0,1.0,3.4,-20.64118,-48.75262
2024/10/01 03:51:00,NPP-375D,Brasil,SÃO PAULO,BARRETOS,Mata Atlântica,10,0.0,1.0,3.4,-20.64239,-48.74679
2024/10/01 03:51:00,NPP-375D,Brasil,SÃO PAULO,BARRETOS,Mata Atlântica,10,0.0,1.0,3.4,-20.64614,-48.75375
2024/10/01 03:51:00,NPP-375D,Brasil,SÃO PAULO,BARRETOS,Mata Atlântica,10,0.0,1.0,2.3,-20.64728,-48.77345
2024/10/01 04:17:00,NOAA-20,Brasil,SÃO PAULO,BARRETOS,Mata Atlântica,10,0.0,1.0,1.7,-20.65149,-48.77554
2024/10/01 04:17:00,NOAA-20,Brasil,SÃO PAULO,BARRETOS,Mata Atlântica,10,0.0,1.0,7.2,-20.62309,-48.75324
2024/10/01 04:17:00,NOAA-20,Brasil,SÃO PAULO,BARRETOS,Mata Atlântica,10,0.0,1.0,20.9,-20.62655,-48.75388
2024/10/01 04:17:00,NOAA-20,Brasil,SÃO PAULO,BARRETOS,Mata Atlântica,10,0.0,1.0,20.9,-20.63003,-48.75452
2024/10/01 04:17:00,NOAA-20,Brasil,SÃO PAULO,BARRETOS,Mata Atlântica,10,0.0,1.0,4.5,-20.6328,-48.75924
2024/10/01 04:17:00,NOAA-20,Brasil,SÃO PAULO,BARRETOS,Mata Atlântica,10,0.0,1.0,4.5,-20.6335,-48.75517
2024/10/01 04:17:00,NOAA-20,Brasil,SÃO PAULO,BARRETOS,Mata Atlântica,10,0.0,1.0,4.5,-20.63696,-48.75581
2024/10/01 04:17:00,NOAA-20,Brasil,SÃO PAULO,BARRETOS,Mata Atlântica,10,0.0,1.0,3.6,-20.63766,-48.75177
2024/10/01 04:17:00,NOAA-20,Brasil,SÃO PAULO,BARRETOS,Mata Atlântica,10,0.0,1.0,2.6,-20.64043,-48.75647
2024/10/01 04:17:00,NOAA-20,Brasil,SÃO PAULO,BARRETOS,Mata Atlântica,10,0.0,1.0,2.6,-20.64112,-48.75242
2024/10/01 04:17:00,NOAA-20,Brasil,SÃO PAULO,BARRETOS,Mata Atlântica,9,0.0,1.0,2.6,-20.64181,-48.7484
2024/10/01 04:17:00,NOAA-20,Brasil,SÃO PAULO,BARRETOS,Mata Atlântica,10,0.0,1.0,2.6,-20.64459,-48.75309
2024/10/01 04:17:00,NOAA-20,Brasil,SÃO PAULO,BARRETOS,Mata Atlântica,10,0.0,1.0,2.6,-20.64528,-48.74905
2024/10/01 04:17:00,NOAA-20,Brasil,SÃO PAULO,BARRETOS,Mata Atlântica,10,0.0,1.0,1.2,-20.64802,-48.77487
2024/10/01 04:17:00,NOAA-20,Brasil,SÃO PAULO,BARRETOS,Mata Atlântica,10,0.0,1.0,2.1,-20.64872,-48.77077
2024/10/01 04:17:00,NOAA-20,Brasil,SÃO PAULO,BARRETOS,Mata Atlântica,10,0.0,1.0,1.1,-20.64875,-48.7497
2024/10/01 04:17:00,NOAA-20,Brasil,SÃO PAULO,BARRETOS,Mata Atlântica,10,0.0,1.0,1.1,-20.65013,-48.76255
2024/10/01 04:17:00,NOAA-20,Brasil,SÃO PAULO,BARRETOS,Mata Atlântica,10,0.0,1.0,2.9,-20.65219,-48.77144
2024/10/01 04:17:00,NOAA-20,Brasil,SÃO PAULO,BARRETOS,Mata Atlântica,10,0.0,1.0,1.7,-20.65426,-48.78028
2024/10/01 04:17:00,NOAA-20,Brasil,SÃO PAULO,BARRETOS,Mata Atlântica,10,0.0,1.0,2.9,-20.65566,-48.7721
2024/10/01 05:08:00,NOAA-21,Brasil,SÃO PAULO,BARRETOS,Mata Atlântica,10,0.0,1.0,4.0,-20.64747,-48.7514
2024/10/01 05:08:00,NOAA-21,Brasil,SÃO PAULO,BARRETOS,Mata Atlântica,10,0.0,1.0,1.4,-20.65672,-48.7721
2024/10/01 05:08:00,NOAA-21,Brasil,SÃO PAULO,BARRETOS,Mata Atlântica,10,0.0,1.0,1.6,-20.65596,-48.77972
2024/10/01 05:08:00,NOAA-21,Brasil,SÃO PAULO,BARRETOS,Mata Atlântica,10,0.0,1.0,2.2,-20.65562,-48.76967
2024/10/01 05:08:00,NOAA-21,Brasil,SÃO PAULO,BARRETOS,Mata Atlântica,10,0.0,1.0,1.7,-20.64626,-48.74869
2024/10/01 05:08:00,NOAA-21,Brasil,SÃO PAULO,BARRETOS,Mata Atlântica,10,0.0,1.0,1.4,-20.65115,-48.77136
2024/10/01 05:08:00,NOAA-21,Brasil,SÃO PAULO,BARRETOS,Mata Atlântica,9,0.0,1.0,1.4,-20.65077,-48.77516
2024/10/01 05:08:00,NOAA-21,Brasil,SÃO PAULO,BARRETOS,Mata Atlântica,10,0.0,1.0,1.5,-20.6497,-48.77271
2024/10/01 05:08:00,NOAA-21,Brasil,SÃO PAULO,BARRETOS,Mata Atlântica,10,0.0,1.0,2.3,-20.64588,-48.75277
2024/10/01 05:08:00,NOAA-21,Brasil,SÃO PAULO,BARRETOS,Mata Atlântica,10,0.0,1.0,4.0,-20.6419,-48.75061
2024/10/01 05:08:00,NOAA-21,Brasil,SÃO PAULO,BARRETOS,Mata Atlântica,10,0.0,1.0,5.4,-20.6415,-48.75469
2024/10/01 05:08:00,NOAA-21,Brasil,SÃO PAULO,BARRETOS,Mata Atlântica,10,0.0,1.0,3.2,-20.63593,-48.75393
2024/10/01 05:08:00,NOAA-21,Brasil,SÃO PAULO,BARRETOS,Mata Atlântica,10,0.0,1.0,3.2,-20.63554,-48.75785
2024/10/01 05:08:00,NOAA-21,Brasil,SÃO PAULO,BARRETOS,Mata Atlântica,10,0.0,1.0,3.2,-20.63036,-48.75301
2024/10/01 05:08:00,NOAA-21,Brasil,SÃO PAULO,BARRETOS,Mata Atlântica,10,0.0,1.0,3.2,-20.62998,-48.75697
2024/10/01 05:08:00,NOAA-21,Brasil,SÃO PAULO,BARRETOS,Mata Atlântica,10,0.0,1.0,3.0,-20.62959,-48.76088
2024/10/01 05:08:00,NOAA-21,Brasil,SÃO PAULO,BARRETOS,Mata Atlântica,10,0.0,1.0,2.0,-20.6248,-48.75214
2024/10/01 05:08:00,NOAA-21,Brasil,SÃO PAULO,BARRETOS,Mata Atlântica,10,0.0,1.0,2.0,-20.62442,-48.75606
2024/10/01 15:58:00,NOAA-21,Brasil,SÃO PAULO,BARRETOS,Mata Atlântica,10,0.0,1.0,14.5,-20.63715,-48.7557
2024/10/01 16:22:00,NPP-375,Brasil,SÃO PAULO,BARRETOS,Mata Atlântica,10,0.0,1.0,6.0,-20.64089,-48.75391
2024/10/01 16:22:00,NPP-375,Brasil,SÃO PAULO,BARRETOS,Mata Atlântica,10,0.0,1.0,6.0,-20.63608,-48.75453
2024/10/01 16:22:00,NPP-375,Brasil,SÃO PAULO,BARRETOS,Mata Atlântica,10,0.0,1.0,5.4,-20.63128,-48.75525
2024/10/01 16:45:00,NOAA-20,Brasil,SÃO PAULO,BARRETOS,Mata Atlântica,10,0.0,1.0,8.9,-20.64293,-48.75041
2024/10/01 17:37:00,NOAA-21,Brasil,SÃO PAULO,BARRETOS,Mata Atlântica,10,0.0,1.0,6.7,-20.64098,-48.75177
2024/10/01 17:37:00,NOAA-21,Brasil,SÃO PAULO,BARRETOS,Mata Atlântica,10,0.0,1.0,4.6,-20.6405,-48.75435
2024/10/01 17:37:00,NOAA-21,Brasil,SÃO PAULO,BARRETOS,Mata Atlântica,10,0.0,1.0,4.6,-20.63953,-48.7499
2024/10/01 17:37:00,NOAA-21,Brasil,SÃO PAULO,BARRETOS,Mata Atlântica,10,0.0,1.0,6.7,-20.63528,-48.75315
2024/10/01 17:37:00,NOAA-21,Brasil,SÃO PAULO,BARRETOS,Mata Atlântica,10,0.0,1.0,4.6,-20.63479,-48.75569
2024/10/01 17:37:00,NOAA-21,Brasil,SÃO PAULO,BARRETOS,Mata Atlântica,10,0.0,1.0,7.2,-20.62955,-48.75436
2024/10/02 00:28:42,METOP-B,Brasil,SÃO PAULO,BARRETOS,Cerrado,11,0.0,1.0,,-20.650400161743164,-48.69200134277344
2024/10/02 03:55:00,NOAA-20,Brasil,SÃO PAULO,BARRETOS,Mata Atlântica,11,0.0,1.0,5.4,-20.63477,-48.75619
2024/10/02 04:51:00,NOAA-21,Brasil,SÃO PAULO,BARRETOS,Mata Atlântica,11,0.0,1.0,1.8,-20.64148,-48.75051
2024/10/02 04:51:00,NOAA-21,Brasil,SÃO PAULO,BARRETOS,Mata Atlântica,11,0.0,1.0,1.0,-20.641,-48.75448
2024/10/02 04:51:00,NOAA-21,Brasil,SÃO PAULO,BARRETOS,Mata Atlântica,11,0.0,1.0,2.4,-20.63758,-48.75476
2024/10/02 04:51:00,NOAA-21,Brasil,SÃO PAULO,BARRETOS,Mata Atlântica,11,0.0,1.0,1.5,-20.6369,-48.75386
2024/10/02 04:51:00,NOAA-21,Brasil,SÃO PAULO,BARRETOS,Mata Atlântica,11,0.0,1.0,1.5,-20.63643,-48.75774
2024/10/02 04:51:00,NOAA-21,Brasil,SÃO PAULO,BARRETOS,Mata Atlântica,11,0.0,1.0,2.4,-20.6335,-48.75409
2024/10/02 04:51:00,NOAA-21,Brasil,SÃO PAULO,BARRETOS,Mata Atlântica,11,0.0,1.0,1.5,-20.63281,-48.75317
2024/10/02 05:14:00,NPP-375D,Brasil,SÃO PAULO,BARRETOS,Mata Atlântica,11,0.0,1.0,1.1,-20.64367,-48.74964
2024/10/02 05:14:00,NPP-375D,Brasil,SÃO PAULO,BARRETOS,Mata Atlântica,11,0.0,1.0,1.3,-20.64176,-48.75047
2024/10/02 05:14:00,NPP-375D,Brasil,SÃO PAULO,BARRETOS,Mata Atlântica,11,0.0,1.0,2.8,-20.63701,-48.75413
2024/10/02 05:14:00,NPP-375D,Brasil,SÃO PAULO,BARRETOS,Mata Atlântica,11,0.0,1.0,1.6,-20.63514,-48.75486
2024/10/02 16:01:00,NPP-375,Brasil,SÃO PAULO,BARRETOS,Mata Atlântica,11,0.0,1.0,6.7,-20.63464,-48.75556
2024/10/02 16:26:00,NOAA-20,Brasil,SÃO PAULO,BARRETOS,Mata Atlântica,11,0.0,1.0,7.8,-20.64472,-48.75058
2024/10/02 17:41:00,NPP-375,Brasil,SÃO PAULO,BARRETOS,Mata Atlântica,11,0.0,1.0,4.5,-20.64172,-48.74814
2024/10/02 17:41:00,NPP-375,Brasil,SÃO PAULO,BARRETOS,Mata Atlântica,11,0.0,1.0,3.1,-20.63408,-48.7524
2024/10/02 17:41:00,NPP-375,Brasil,SÃO PAULO,BARRETOS,Mata Atlântica,11,0.0,1.0,4.7,-20.64036,-48.7509
2024/10/02 17:41:00,NPP-375,Brasil,SÃO PAULO,BARRETOS,Mata Atlântica,11,0.0,1.0,3.6,-20.63545,-48.74965
2024/10/03 04:29:00,NOAA-21,Brasil,SÃO PAULO,BARRETOS,Mata Atlântica,12,0.0,1.0,1.0,-20.6429,-48.75021
2024/10/03 04:29:00,NOAA-21,Brasil,SÃO PAULO,BARRETOS,Mata Atlântica,12,0.0,1.0,1.0,-20.64234,-48.75394
2024/10/03 04:29:00,NOAA-21,Brasil,SÃO PAULO,BARRETOS,Mata Atlântica,12,0.0,1.0,1.0,-20.63902,-48.75336
2024/10/03 04:29:00,NOAA-21,Brasil,SÃO PAULO,BARRETOS,Mata Atlântica,12,0.0,1.0,1.0,-20.63569,-48.75278
2024/10/03 04:29:00,NOAA-21,Brasil,SÃO PAULO,BARRETOS,Mata Atlântica,12,0.0,1.0,1.9,-20.63513,-48.7565
2024/10/03 19:36:59,GOES-16,Brasil,SÃO PAULO,BARRETOS,Mata Atlântica,20,0.0,1.0,167.0,-20.5169,-48.7593
2024/10/03 20:06:59,GOES-16,Brasil,SÃO PAULO,BARRETOS,Mata Atlântica,20,0.0,1.0,124.6,-20.5169,-48.7593
2024/10/03 20:06:59,GOES-16,Brasil,SÃO PAULO,BARRETOS,Mata Atlântica,19,0.0,1.0,143.2,-20.5176,-48.7361
2024/10/03 20:16:59,GOES-16,Brasil,SÃO PAULO,BARRETOS,Mata Atlântica,20,0.0,1.0,134.6,-20.5169,-48.7593
2024/10/03 20:16:59,GOES-16,Brasil,SÃO PAULO,BARRETOS,Mata Atlântica,19,0.0,1.0,139.0,-20.5176,-48.7361
2024/10/03 20:26:59,GOES-16,Brasil,SÃO PAULO,BARRETOS,Mata Atlântica,19,0.0,1.0,106.0,-20.5176,-48.7361
2024/10/03 22:06:59,GOES-16,Brasil,SÃO PAULO,BARRETOS,Mata Atlântica,20,0.0,1.0,65.8,-20.5169,-48.7593
2024/10/03 22:06:59,GOES-16,Brasil,SÃO PAULO,BARRETOS,Mata Atlântica,19,0.0,1.0,84.0,-20.5176,-48.7361
2024/10/03 22:16:59,GOES-16,Brasil,SÃO PAULO,BARRETOS,Mata Atlântica,20,0.0,1.0,65.6,-20.5169,-48.7593
2024/10/03 22:16:59,GOES-16,Brasil,SÃO PAULO,BARRETOS,Mata Atlântica,24,0.0,1.0,54.0,-20.4971,-48.7407
2024/10/03 22:16:59,GOES-16,Brasil,SÃO PAULO,BARRETOS,Mata Atlântica,19,0.0,1.0,82.2,-20.5176,-48.7361
2024/10/03 22:26:59,GOES-16,Brasil,SÃO PAULO,BARRETOS,Mata Atlântica,20,0.0,1.0,70.6,-20.5169,-48.7593
2024/10/03 22:26:59,GOES-16,Brasil,SÃO PAULO,BARRETOS,Mata Atlântica,19,0.0,1.0,91.9,-20.5176,-48.7361
2024/10/03 22:26:59,GOES-16,Brasil,SÃO PAULO,BARRETOS,Mata Atlântica,24,0.0,1.0,62.4,-20.4971,-48.7407
2024/10/03 22:36:59,GOES-16,Brasil,SÃO PAULO,BARRETOS,Mata Atlântica,24,0.0,1.0,62.5,-20.4971,-48.7407
2024/10/03 22:36:59,GOES-16,Brasil,SÃO PAULO,BARRETOS,Mata Atlântica,19,0.0,1.0,122.0,-20.5176,-48.7361
2024/10/03 22:36:59,GOES-16,Brasil,SÃO PAULO,BARRETOS,Mata Atlântica,20,0.0,1.0,82.0,-20.5169,-48.7593
2024/10/03 22:46:59,GOES-16,Brasil,SÃO PAULO,BARRETOS,Mata Atlântica,24,0.0,1.0,69.3,-20.4971,-48.7407
2024/10/03 22:46:59,GOES-16,Brasil,SÃO PAULO,BARRETOS,Mata Atlântica,20,0.0,1.0,66.1,-20.5169,-48.7593
2024/10/03 22:46:59,GOES-16,Brasil,SÃO PAULO,BARRETOS,Mata Atlântica,19,0.0,1.0,87.8,-20.5176,-48.7361
2024/10/03 22:56:59,GOES-16,Brasil,SÃO PAULO,BARRETOS,Mata Atlântica,24,0.0,1.0,57.8,-20.4971,-48.7407
2024/10/03 22:56:59,GOES-16,Brasil,SÃO PAULO,BARRETOS,Mata Atlântica,20,0.0,1.0,62.0,-20.5169,-48.7593
2024/10/03 22:56:59,GOES-16,Brasil,SÃO PAULO,BARRETOS,Mata Atlântica,19,0.0,1.0,86.5,-20.5176,-48.7361
2024/10/03 23:06:59,GOES-16,Brasil,SÃO PAULO,BARRETOS,Mata Atlântica,19,0.0,1.0,85.6,-20.5176,-48.7361
2024/10/03 23:16:59,GOES-16,Brasil,SÃO PAULO,BARRETOS,Mata Atlântica,19,0.0,1.0,72.7,-20.5176,-48.7361
2024/10/04 00:40:46,METOP-C,Brasil,SÃO PAULO,BARRETOS,Mata Atlântica,22,0.0,1.0,,-20.514299392700195,-48.74800109863281
2024/10/04 00:40:46,METOP-C,Brasil,SÃO PAULO,BARRETOS,Mata Atlântica,21,0.0,1.0,,-20.512300491333008,-48.737998962402344
2024/10/04 00:40:47,METOP-C,Brasil,SÃO PAULO,BARRETOS,Mata Atlântica,25,0.0,1.0,,-20.504600524902344,-48.750099182128906
2024/10/04 00:40:47,METOP-C,Brasil,SÃO PAULO,BARRETOS,Mata Atlântica,24,0.0,1.0,,-20.502599716186523,-48.7401008605957
2024/10/04 01:07:00,TERRA_M-M,Brasil,SÃO PAULO,BARRETOS,Mata Atlântica,24,0.0,1.0,5.6,-20.5032,-48.73961
2024/10/04 01:07:00,TERRA_M-M,Brasil,SÃO PAULO,BARRETOS,Mata Atlântica,22,0.0,1.0,9.4,-20.51206,-48.73818
2024/10/04 01:07:00,TERRA_M-M,Brasil,SÃO PAULO,BARRETOS,Mata Atlântica,25,0.0,1.0,11.0,-20.50452,-48.74902
2024/10/04 01:07:00,TERRA_M-M,Brasil,SÃO PAULO,BARRETOS,Mata Atlântica,22,0.0,1.0,25.4,-20.51338,-48.74759
2024/10/04 01:07:00,TERRA_M-M,Brasil,SÃO PAULO,BARRETOS,Mata Atlântica,22,0.0,1.0,3.7,-20.51469,-48.757
2024/10/04 01:07:00,TERRA_M-M,Brasil,SÃO PAULO,BARRETOS,Mata Atlântica,20,0.0,1.0,8.5,-20.52224,-48.74616
2024/10/04 01:36:59,GOES-16,Brasil,SÃO PAULO,BARRETOS,Mata Atlântica,20,0.0,1.0,65.9,-20.5176,-48.7361
2024/10/04 04:12:00,NOAA-21,Brasil,SÃO PAULO,BARRETOS,Mata Atlântica,13,0.0,1.0,2.6,-20.63393,-48.75521
2024/10/04 04:12:00,NOAA-21,Brasil,SÃO PAULO,BARRETOS,Mata Atlântica,21,0.0,1.0,1.9,-20.51827,-48.7488
2024/10/04 04:12:00,NOAA-21,Brasil,SÃO PAULO,BARRETOS,Mata Atlântica,21,0.0,1.0,1.9,-20.51743,-48.75353
2024/10/04 04:12:00,NOAA-21,Brasil,SÃO PAULO,BARRETOS,Mata Atlântica,22,0.0,1.0,1.6,-20.51457,-48.74807
2024/10/04 04:59:00,NOAA-20,Brasil,SÃO PAULO,BARRETOS,Mata Atlântica,21,0.0,1.0,0.8,-20.51692,-48.75255
2024/10/04 04:59:00,NOAA-20,Brasil,SÃO PAULO,BARRETOS,Mata Atlântica,21,0.0,1.0,0.8,-20.51723,-48.74956
2024/10/04 04:59:00,NOAA-20,Brasil,SÃO PAULO,BARRETOS,Mata Atlântica,22,0.0,1.0,2.0,-20.51281,-48.74844
2024/10/04 04:59:00,NOAA-20,Brasil,SÃO PAULO,BARRETOS,Mata Atlântica,24,0.0,1.0,3.6,-20.50777,-48.74799
2024/10/04 04:59:00,NOAA-20,Brasil,SÃO PAULO,BARRETOS,Mata Atlântica,24,0.0,1.0,3.6,-20.50744,-48.75098
2024/10/04 04:59:00,NOAA-20,Brasil,SÃO PAULO,BARRETOS,Mata Atlântica,21,0.0,1.0,2.0,-20.51783,-48.74909
2024/10/04 04:59:00,NOAA-20,Brasil,SÃO PAULO,BARRETOS,Mata Atlântica,24,0.0,1.0,1.1,-20.50695,-48.75547
2024/10/04 04:59:00,NOAA-20,Brasil,SÃO PAULO,BARRETOS,Mata Atlântica,23,0.0,1.0,2.4,-20.5081,-48.745
2024/10/04 04:59:00,NOAA-20,Brasil,SÃO PAULO,BARRETOS,Mata Atlântica,23,0.0,1.0,2.0,-20.51249,-48.75139
2024/10/04 04:59:00,NOAA-20,Brasil,SÃO PAULO,BARRETOS,Mata Atlântica,13,0.0,1.0,1.3,-20.63327,-48.75615
2024/10/04 04:59:00,NOAA-20,Brasil,SÃO PAULO,BARRETOS,Mata Atlântica,21,0.0,1.0,2.0,-20.5175,-48.75208
2024/10/04 06:47:00,GOES-16,Brasil,SÃO PAULO,BARRETOS,Cerrado,13,0.0,1.0,537.8,-20.5412,-48.6157
2024/10/04 06:47:00,GOES-16,Brasil,SÃO PAULO,BARRETOS,Cerrado,15,0.0,1.0,131.5,-20.5207,-48.6203
2024/10/04 06:47:00,GOES-16,Brasil,SÃO PAULO,BARRETOS,Cerrado,14,0.0,-999.0,164.7,-20.5419,-48.5925
2024/10/04 06:57:00,GOES-16,Brasil,SÃO PAULO,BARRETOS,Cerrado,13,0.0,1.0,293.3,-20.5412,-48.6157
2024/10/04 06:57:00,GOES-16,Brasil,SÃO PAULO,BARRETOS,Cerrado,14,0.0,-999.0,87.8,-20.5419,-48.5925
2024/10/04 06:57:00,GOES-16,Brasil,SÃO PAULO,BARRETOS,Cerrado,15,0.0,1.0,90.0,-20.5207,-48.6203
2024/10/04 07:07:00,GOES-16,Brasil,SÃO PAULO,BARRETOS,Cerrado,13,0.0,1.0,150.4,-20.5412,-48.6157
2024/10/04 07:07:00,GOES-16,Brasil,SÃO PAULO,BARRETOS,Cerrado,15,0.0,1.0,103.5,-20.5207,-48.6203
2024/10/04 07:17:00,GOES-16,Brasil,SÃO PAULO,BARRETOS,Cerrado,15,0.0,1.0,165.7,-20.5207,-48.6203
2024/10/04 07:17:00,GOES-16,Brasil,SÃO PAULO,BARRETOS,Cerrado,13,0.0,1.0,101.6,-20.5412,-48.6157
2024/10/04 07:27:00,GOES-16,Brasil,SÃO PAULO,BARRETOS,Cerrado,15,0.0,1.0,195.1,-20.5207,-48.6203
2024/10/04 07:27:00,GOES-16,Brasil,SÃO PAULO,BARRETOS,Cerrado,13,0.0,1.0,112.8,-20.5412,-48.6157
2024/10/04 07:27:00,GOES-16,Brasil,SÃO PAULO,BARRETOS,Cerrado,13,0.0,1.0,76.9,-20.5201,-48.6435
2024/10/04 07:37:00,GOES-16,Brasil,SÃO PAULO,BARRETOS,Cerrado,15,0.0,1.0,116.5,-20.5207,-48.6203
2024/10/04 07:47:00,GOES-16,Brasil,SÃO PAULO,BARRETOS,Cerrado,13,0.0,1.0,95.7,-20.5201,-48.6435
2024/10/04 07:47:00,GOES-16,Brasil,SÃO PAULO,BARRETOS,Cerrado,15,0.0,1.0,276.7,-20.5207,-48.6203
2024/10/04 07:47:00,GOES-16,Brasil,SÃO PAULO,BARRETOS,Cerrado,13,0.0,1.0,282.4,-20.5412,-48.6157
2024/10/04 07:47:00,GOES-16,Brasil,SÃO PAULO,BARRETOS,Cerrado,13,0.0,1.0,88.1,-20.5406,-48.6389
2024/10/04 07:57:00,GOES-16,Brasil,SÃO PAULO,BARRETOS,Cerrado,13,0.0,1.0,105.1,-20.5412,-48.6157
2024/10/04 07:57:00,GOES-16,Brasil,SÃO PAULO,BARRETOS,Cerrado,15,0.0,1.0,104.0,-20.5207,-48.6203
2024/10/04 08:07:00,GOES-16,Brasil,SÃO PAULO,BARRETOS,Cerrado,15,0.0,1.0,112.8,-20.5207,-48.6203
2024/10/04 08:07:00,GOES-16,Brasil,SÃO PAULO,BARRETOS,Cerrado,13,0.0,1.0,70.5,-20.5412,-48.6157
2024/10/04 08:17:00,GOES-16,Brasil,SÃO PAULO,BARRETOS,Cerrado,13,0.0,1.0,127.8,-20.5412,-48.6157
2024/10/04 08:17:00,GOES-16,Brasil,SÃO PAULO,BARRETOS,Cerrado,15,0.0,1.0,92.1,-20.5207,-48.6203
2024/10/04 17:07:00,NPP-375,Brasil,SÃO PAULO,BARRETOS,Mata Atlântica,23,0.0,1.0,5.3,-20.51233,-48.74874
2024/10/04 17:30:00,NOAA-20,Brasil,SÃO PAULO,BARRETOS,Mata Atlântica,22,0.0,1.0,2.1,-20.51116,-48.74464
2024/10/05 04:17:00,NPP-375D,Brasil,SÃO PAULO,BARRETOS,Mata Atlântica,14,0.0,1.0,0.9,-20.63464,-48.75472
2024/10/06 04:21:00,NOAA-20,Brasil,SÃO PAULO,BARRETOS,Mata Atlântica,24,0.0,1.0,1.3,-20.5127,-48.74654
2024/10/06 16:03:00,NOAA-21,Brasil,SÃO PAULO,BARRETOS,Cerrado,15,0.0,1.0,29.6,-20.48099,-48.64962
2024/10/06 16:03:00,NOAA-21,Brasil,SÃO PAULO,BARRETOS,Mata Atlântica,25,0.0,1.0,24.4,-20.50826,-48.74234
2024/10/06 16:03:00,NOAA-21,Brasil,SÃO PAULO,BARRETOS,Mata Atlântica,22,0.0,1.0,34.4,-20.52213,-48.75286
2024/10/06 16:03:00,NOAA-21,Brasil,SÃO PAULO,BARRETOS,Mata Atlântica,23,0.0,1.0,59.7,-20.51471,-48.74194
2024/10/06 16:03:00,NOAA-21,Brasil,SÃO PAULO,BARRETOS,Cerrado,17,0.0,1.0,237.0,-20.47366,-48.63913
2024/10/06 16:03:00,NOAA-21,Brasil,SÃO PAULO,BARRETOS,Cerrado,16,0.0,1.0,237.0,-20.47412,-48.64465
2024/10/06 16:03:00,NOAA-21,Brasil,SÃO PAULO,BARRETOS,Cerrado,16,0.0,1.0,39.9,-20.48051,-48.64402
2024/10/06 16:28:00,NPP-375,Brasil,SÃO PAULO,BARRETOS,Mata Atlântica,25,0.0,1.0,16.4,-20.51079,-48.74729
2024/10/06 16:28:00,NPP-375,Brasil,SÃO PAULO,BARRETOS,Cerrado,15,0.0,1.0,40.2,-20.47261,-48.64612
2024/10/06 16:28:00,NPP-375,Brasil,SÃO PAULO,BARRETOS,Cerrado,16,0.0,1.0,20.5,-20.47642,-48.6412
2024/10/06 16:28:00,NPP-375,Brasil,SÃO PAULO,BARRETOS,Cerrado,15,0.0,1.0,40.2,-20.47692,-48.64553
2024/10/06 16:28:00,NPP-375,Brasil,SÃO PAULO,BARRETOS,Cerrado,15,0.0,1.0,18.9,-20.48124,-48.64492
2024/10/06 16:28:00,NPP-375,Brasil,SÃO PAULO,BARRETOS,Mata Atlântica,22,0.0,1.0,7.9,-20.52052,-48.75497
2024/10/06 16:28:00,NPP-375,Brasil,SÃO PAULO,BARRETOS,Mata Atlântica,23,0.0,1.0,23.2,-20.51461,-48.74225
2024/10/06 16:28:00,NPP-375,Brasil,SÃO PAULO,BARRETOS,Cerrado,16,0.0,1.0,20.5,-20.47211,-48.64178
2024/10/06 16:28:00,NPP-375,Brasil,SÃO PAULO,BARRETOS,Mata Atlântica,24,0.0,1.0,23.2,-20.51026,-48.74279
2024/10/06 16:52:00,NOAA-20,Brasil,SÃO PAULO,BARRETOS,Mata Atlântica,24,0.0,1.0,10.8,-20.51238,-48.74388
2024/10/06 16:52:00,NOAA-20,Brasil,SÃO PAULO,BARRETOS,Mata Atlântica,23,0.0,1.0,11.2,-20.51514,-48.73963
2024/10/06 16:52:00,NOAA-20,Brasil,SÃO PAULO,BARRETOS,Mata Atlântica,22,0.0,1.0,12.7,-20.52069,-48.75379
2024/10/06 16:52:00,NOAA-20,Brasil,SÃO PAULO,BARRETOS,Cerrado,16,0.0,1.0,25.4,-20.47355,-48.64488
2024/10/06 16:52:00,NOAA-20,Brasil,SÃO PAULO,BARRETOS,Cerrado,15,0.0,1.0,35.8,-20.47411,-48.64856
2024/10/06 16:52:00,NOAA-20,Brasil,SÃO PAULO,BARRETOS,Cerrado,16,0.0,1.0,25.4,-20.47687,-48.64431
2024/10/06 17:43:00,NOAA-21,Brasil,SÃO PAULO,BARRETOS,Cerrado,16,0.0,1.0,45.2,-20.47488,-48.64498
2024/10/06 17:43:00,NOAA-21,Brasil,SÃO PAULO,BARRETOS,Mata Atlântica,24,0.0,1.0,73.4,-20.51025,-48.73857
2024/10/06 17:43:00,NOAA-21,Brasil,SÃO PAULO,BARRETOS,Mata Atlântica,24,0.0,1.0,73.4,-20.51144,-48.74362
2024/10/06 17:43:00,NOAA-21,Brasil,SÃO PAULO,BARRETOS,Cerrado,17,0.0,1.0,59.9,-20.46453,-48.63913
2024/10/06 17:43:00,NOAA-21,Brasil,SÃO PAULO,BARRETOS,Cerrado,16,0.0,1.0,180.8,-20.46577,-48.64452
2024/10/06 17:43:00,NOAA-21,Brasil,SÃO PAULO,BARRETOS,Cerrado,18,0.0,1.0,87.4,-20.46601,-48.63568
2024/10/06 17:43:00,NOAA-21,Brasil,SÃO PAULO,BARRETOS,Cerrado,16,0.0,1.0,87.4,-20.4673,-48.64111
2024/10/06 17:43:00,NOAA-21,Brasil,SÃO PAULO,BARRETOS,Cerrado,15,0.0,1.0,126.2,-20.46857,-48.64647
2024/10/06 17:43:00,NOAA-21,Brasil,SÃO PAULO,BARRETOS,Cerrado,17,0.0,1.0,108.8,-20.47361,-48.63957
2024/10/06 17:43:00,NOAA-21,Brasil,SÃO PAULO,BARRETOS,Cerrado,15,0.0,1.0,126.2,-20.4698,-48.65166
2024/10/06 17:43:00,NOAA-21,Brasil,SÃO PAULO,BARRETOS,Cerrado,15,0.0,1.0,45.2,-20.48245,-48.64878
2024/10/06 17:43:00,NOAA-21,Brasil,SÃO PAULO,BARRETOS,Cerrado,16,0.0,1.0,45.2,-20.48118,-48.64341
2024/10/06 18:02:00,AQUA_M-T,Brasil,SÃO PAULO,BARRETOS,Cerrado,35,0.0,1.0,161.1,-20.43034,-48.65785
2024/10/06 18:02:00,AQUA_M-T,Brasil,SÃO PAULO,BARRETOS,Cerrado,38,0.0,1.0,73.8,-20.4279,-48.66525
2024/10/06 18:02:00,AQUA_M-T,Brasil,SÃO PAULO,BARRETOS,Cerrado,39,0.0,1.0,60.3,-20.42809,-48.64438
2024/10/06 18:02:00,AQUA_M-T,Brasil,SÃO PAULO,BARRETOS,Cerrado,45,0.0,1.0,656.9,-20.41989,-48.65979
2024/10/06 18:02:00,AQUA_M-T,Brasil,SÃO PAULO,BARRETOS,Cerrado,49,0.0,1.0,280.1,-20.41765,-48.64643
2024/10/06 18:02:00,AQUA_M-T,Brasil,SÃO PAULO,BARRETOS,Cerrado,54,0.0,1.0,375.8,-20.40943,-48.6617
2024/10/06 18:02:00,AQUA_M-T,Brasil,SÃO PAULO,BARRETOS,Cerrado,60,0.0,1.0,61.4,-20.40718,-48.64828
2024/10/06 18:02:00,AQUA_M-T,Brasil,SÃO PAULO,BARRETOS,Cerrado,40,0.0,1.0,363.3,-20.42558,-48.65189
2024/10/06 18:02:00,AQUA_M-T,Brasil,SÃO PAULO,BARRETOS,Cerrado,38,0.0,1.0,64.5,-20.46465,-48.75383
2024/10/06 18:02:00,AQUA_M-T,Brasil,SÃO PAULO,BARRETOS,Cerrado,28,0.0,1.0,21.0,-20.43834,-48.66327
2024/10/06 18:02:00,AQUA_M-T,Brasil,SÃO PAULO,BARRETOS,Cerrado,29,0.0,1.0,28.7,-20.43602,-48.64983
2024/10/06 18:03:28,MSG-03,Brasil,SÃO PAULO,BARRETOS,Cerrado,22,0.0,1.0,,-20.46,-48.68
2024/10/06 18:03:28,MSG-03,Brasil,SÃO PAULO,BARRETOS,Cerrado,19,0.0,1.0,,-20.46,-48.63
2024/10/06 18:46:59,GOES-16,Brasil,SÃO PAULO,BARRETOS,Cerrado,18,0.0,1.0,247.4,-20.4798,-48.6295
2024/10/06 18:46:59,GOES-16,Brasil,SÃO PAULO,BARRETOS,Cerrado,15,0.0,1.0,327.1,-20.4791,-48.6527
2024/10/06 18:56:59,GOES-16,Brasil,SÃO PAULO,BARRETOS,Cerrado,15,0.0,1.0,417.8,-20.4791,-48.6527
2024/10/06 19:03:27,MSG-03,Brasil,SÃO PAULO,BARRETOS,Cerrado,19,0.0,1.0,,-20.46,-48.63
2024/10/06 19:06:59,GOES-16,Brasil,SÃO PAULO,BARRETOS,Cerrado,15,0.0,1.0,409.5,-20.4791,-48.6527
2024/10/06 19:06:59,GOES-16,Brasil,SÃO PAULO,BARRETOS,Cerrado,18,0.0,1.0,557.2,-20.4798,-48.6295
2024/10/06 19:16:59,GOES-16,Brasil,SÃO PAULO,BARRETOS,Cerrado,15,0.0,1.0,192.9,-20.4791,-48.6527
2024/10/06 19:26:59,GOES-16,Brasil,SÃO PAULO,BARRETOS,Cerrado,15,0.0,1.0,154.8,-20.4791,-48.6527
2024/10/06 19:26:59,GOES-16,Brasil,SÃO PAULO,BARRETOS,Cerrado,18,0.0,1.0,214.2,-20.4798,-48.6295
2024/10/06 19:36:59,GOES-16,Brasil,SÃO PAULO,BARRETOS,Cerrado,18,0.0,1.0,239.7,-20.4798,-48.6295
2024/10/06 19:36:59,GOES-16,Brasil,SÃO PAULO,BARRETOS,Cerrado,15,0.0,1.0,135.0,-20.4791,-48.6527
2024/10/06 20:06:59,GOES-16,Brasil,SÃO PAULO,BARRETOS,Cerrado,18,0.0,1.0,255.7,-20.4593,-48.6341
2024/10/06 20:06:59,GOES-16,Brasil,SÃO PAULO,BARRETOS,Cerrado,16,0.0,1.0,123.3,-20.4587,-48.6572
2024/10/06 20:16:59,GOES-16,Brasil,SÃO PAULO,BARRETOS,Cerrado,18,0.0,1.0,150.5,-20.4593,-48.6341
2024/10/06 20:26:59,GOES-16,Brasil,SÃO PAULO,BARRETOS,Cerrado,18,0.0,1.0,111.9,-20.4593,-48.6341
2024/10/07 00:25:14,METOP-B,Brasil,SÃO PAULO,BARRETOS,Cerrado,23,0.0,1.0,,-20.457199096679688,-48.62089920043945
2024/10/07 01:17:00,GOES-16,Brasil,SÃO PAULO,BARRETOS,Cerrado,32,0.0,1.0,72.8,-20.5855,-48.4904
2024/10/07 01:19:23,METOP-C,Brasil,SÃO PAULO,BARRETOS,Cerrado,32,0.0,1.0,,-20.59630012512207,-48.48889923095703
2024/10/07 01:19:25,METOP-C,Brasil,SÃO PAULO,BARRETOS,Cerrado,19,0.0,1.0,,-20.456899642944336,-48.63560104370117
2024/10/07 01:19:25,METOP-C,Brasil,SÃO PAULO,BARRETOS,Cerrado,22,0.0,1.0,,-20.454099655151367,-48.62459945678711
2024/10/07 01:27:00,GOES-16,Brasil,SÃO PAULO,BARRETOS,Cerrado,32,0.0,1.0,167.8,-20.5855,-48.4904
2024/10/07 01:27:00,GOES-16,Brasil,SÃO PAULO,BARRETOS,Cerrado,27,0.0,1.0,76.0,-20.6053,-48.509
2024/10/07 01:28:00,TERRA_M-M,Brasil,SÃO PAULO,BARRETOS,Cerrado,30,0.0,1.0,38.7,-20.59032,-48.49651
2024/10/07 01:28:00,TERRA_M-M,Brasil,SÃO PAULO,BARRETOS,Cerrado,17,0.0,1.0,14.3,-20.45553,-48.64452
2024/10/07 01:28:00,TERRA_M-M,Brasil,SÃO PAULO,BARRETOS,Cerrado,31,0.0,1.0,468.6,-20.60219,-48.49438
2024/10/07 01:37:00,GOES-16,Brasil,SÃO PAULO,BARRETOS,Cerrado,25,0.0,1.0,106.4,-20.5848,-48.5137
2024/10/07 01:37:00,GOES-16,Brasil,SÃO PAULO,BARRETOS,Cerrado,32,0.0,1.0,287.5,-20.5855,-48.4904
2024/10/07 01:37:00,GOES-16,Brasil,SÃO PAULO,BARRETOS,Cerrado,27,0.0,1.0,148.6,-20.6053,-48.509
2024/10/07 01:47:00,GOES-16,Brasil,SÃO PAULO,BARRETOS,Cerrado,32,0.0,1.0,260.5,-20.5855,-48.4904
2024/10/07 01:47:00,GOES-16,Brasil,SÃO PAULO,BARRETOS,Cerrado,27,0.0,1.0,161.0,-20.6053,-48.509
2024/10/07 01:47:00,GOES-16,Brasil,SÃO PAULO,BARRETOS,Cerrado,25,0.0,1.0,147.5,-20.5848,-48.5137
2024/10/07 01:57:00,GOES-16,Brasil,SÃO PAULO,BARRETOS,Cerrado,25,0.0,1.0,295.1,-20.5848,-48.5137
2024/10/07 01:57:00,GOES-16,Brasil,SÃO PAULO,BARRETOS,Cerrado,32,0.0,1.0,580.0,-20.5855,-48.4904
2024/10/07 01:57:00,GOES-16,Brasil,SÃO PAULO,BARRETOS,Cerrado,27,0.0,1.0,258.9,-20.6053,-48.509
2024/10/07 02:03:26,MSG-03,Brasil,SÃO PAULO,BARRETOS,Cerrado,16,0.0,1.0,,-20.61,-48.55
2024/10/07 02:03:26,MSG-03,Brasil,SÃO PAULO,BARRETOS,Cerrado,34,0.0,1.0,,-20.57,-48.48
2024/10/07 02:03:26,MSG-03,Brasil,SÃO PAULO,BARRETOS,Cerrado,21,0.0,1.0,,-20.58,-48.53
2024/10/07 02:07:00,GOES-16,Brasil,SÃO PAULO,BARRETOS,Cerrado,27,0.0,1.0,117.1,-20.6053,-48.509
2024/10/07 02:07:00,GOES-16,Brasil,SÃO PAULO,BARRETOS,Cerrado,25,0.0,1.0,262.3,-20.5848,-48.5137
2024/10/07 02:07:00,GOES-16,Brasil,SÃO PAULO,BARRETOS,Cerrado,32,0.0,1.0,424.4,-20.5855,-48.4904
2024/10/07 02:17:00,GOES-16,Brasil,SÃO PAULO,BARRETOS,Cerrado,32,0.0,1.0,281.1,-20.5855,-48.4904
2024/10/07 02:17:00,GOES-16,Brasil,SÃO PAULO,BARRETOS,Cerrado,25,0.0,1.0,140.8,-20.5848,-48.5137
2024/10/07 02:17:00,GOES-16,Brasil,SÃO PAULO,BARRETOS,Cerrado,27,0.0,1.0,125.7,-20.6053,-48.509
2024/10/07 02:27:00,GOES-16,Brasil,SÃO PAULO,BARRETOS,Cerrado,27,0.0,1.0,106.5,-20.6053,-48.509
2024/10/07 02:27:00,GOES-16,Brasil,SÃO PAULO,BARRETOS,Cerrado,32,0.0,1.0,330.7,-20.5855,-48.4904
2024/10/07 02:27:00,GOES-16,Brasil,SÃO PAULO,BARRETOS,Cerrado,25,0.0,1.0,164.5,-20.5848,-48.5137
2024/10/07 02:37:00,GOES-16,Brasil,SÃO PAULO,BARRETOS,Cerrado,32,0.0,1.0,253.6,-20.5855,-48.4904
2024/10/07 02:37:00,GOES-16,Brasil,SÃO PAULO,BARRETOS,Cerrado,27,0.0,1.0,125.3,-20.6053,-48.509
2024/10/07 02:37:00,GOES-16,Brasil,SÃO PAULO,BARRETOS,Cerrado,25,0.0,1.0,137.4,-20.5848,-48.5137
2024/10/07 02:47:00,GOES-16,Brasil,SÃO PAULO,BARRETOS,Cerrado,25,0.0,1.0,219.3,-20.5848,-48.5137
2024/10/07 02:47:00,GOES-16,Brasil,SÃO PAULO,BARRETOS,Cerrado,32,0.0,1.0,399.1,-20.5855,-48.4904
2024/10/07 02:47:00,GOES-16,Brasil,SÃO PAULO,BARRETOS,Cerrado,27,0.0,1.0,176.1,-20.6053,-48.509
2024/10/07 02:57:00,GOES-16,Brasil,SÃO PAULO,BARRETOS,Cerrado,25,0.0,1.0,227.8,-20.5848,-48.5137
2024/10/07 02:57:00,GOES-16,Brasil,SÃO PAULO,BARRETOS,Cerrado,27,0.0,1.0,120.8,-20.6053,-48.509
2024/10/07 02:57:00,GOES-16,Brasil,SÃO PAULO,BARRETOS,Cerrado,32,0.0,1.0,317.2,-20.5855,-48.4904
2024/10/07 03:03:25,MSG-03,Brasil,SÃO PAULO,BARRETOS,Cerrado,21,0.0,1.0,,-20.58,-48.53
2024/10/07 03:03:25,MSG-03,Brasil,SÃO PAULO,BARRETOS,Cerrado,34,0.0,1.0,,-20.57,-48.48
2024/10/07 03:07:00,GOES-16,Brasil,SÃO PAULO,BARRETOS,Cerrado,32,0.0,1.0,211.9,-20.5855,-48.4904
2024/10/07 03:07:00,GOES-16,Brasil,SÃO PAULO,BARRETOS,Cerrado,25,0.0,1.0,150.7,-20.5848,-48.5137
2024/10/07 03:07:00,GOES-16,Brasil,SÃO PAULO,BARRETOS,Cerrado,27,0.0,1.0,148.1,-20.6053,-48.509
2024/10/07 03:17:00,GOES-16,Brasil,SÃO PAULO,BARRETOS,Cerrado,27,0.0,1.0,77.5,-20.6053,-48.509
2024/10/07 03:17:00,GOES-16,Brasil,SÃO PAULO,BARRETOS,Cerrado,25,0.0,1.0,131.4,-20.5848,-48.5137
2024/10/07 03:17:00,GOES-16,Brasil,SÃO PAULO,BARRETOS,Cerrado,32,0.0,1.0,177.0,-20.5855,-48.4904
2024/10/07 03:27:00,GOES-16,Brasil,SÃO PAULO,BARRETOS,Cerrado,32,0.0,1.0,167.0,-20.5855,-48.4904
2024/10/07 03:27:00,GOES-16,Brasil,SÃO PAULO,BARRETOS,Cerrado,25,0.0,1.0,100.9,-20.5848,-48.5137
2024/10/07 03:37:00,GOES-16,Brasil,SÃO PAULO,BARRETOS,Cerrado,27,0.0,1.0,137.8,-20.6053,-48.509
2024/10/07 03:37:00,GOES-16,Brasil,SÃO PAULO,BARRETOS,Cerrado,32,0.0,1.0,181.5,-20.5855,-48.4904
2024/10/07 03:37:00,GOES-16,Brasil,SÃO PAULO,BARRETOS,Cerrado,25,0.0,1.0,130.4,-20.5848,-48.5137
2024/10/07 03:40:00,NPP-375D,Brasil,SÃO PAULO,BARRETOS,Cerrado,25,0.0,1.0,16.1,-20.57874,-48.51465
2024/10/07 03:40:00,NPP-375D,Brasil,SÃO PAULO,BARRETOS,Cerrado,27,0.0,1.0,14.0,-20.57588,-48.50569
2024/10/07 03:40:00,NPP-375D,Brasil,SÃO PAULO,BARRETOS,Cerrado,26,0.0,1.0,14.0,-20.57481,-48.5103
2024/10/07 03:40:00,NPP-375D,Brasil,SÃO PAULO,BARRETOS,Cerrado,27,0.0,1.0,16.5,-20.5738,-48.50873
2024/10/07 03:40:00,NPP-375D,Brasil,SÃO PAULO,BARRETOS,Cerrado,26,0.0,1.0,14.0,-20.58079,-48.5116
2024/10/07 03:40:00,NPP-375D,Brasil,SÃO PAULO,BARRETOS,Cerrado,25,0.0,1.0,16.5,-20.57273,-48.51342
2024/10/07 03:40:00,NPP-375D,Brasil,SÃO PAULO,BARRETOS,Cerrado,25,0.0,1.0,30.8,-20.5737,-48.51506
2024/10/07 03:40:00,NPP-375D,Brasil,SÃO PAULO,BARRETOS,Cerrado,28,0.0,1.0,8.6,-20.58081,-48.50547
2024/10/07 03:40:00,NPP-375D,Brasil,SÃO PAULO,BARRETOS,Cerrado,29,0.0,1.0,8.6,-20.58181,-48.50104
2024/10/07 03:40:00,NPP-375D,Brasil,SÃO PAULO,BARRETOS,Cerrado,27,0.0,1.0,14.0,-20.58183,-48.50712
2024/10/07 03:40:00,NPP-375D,Brasil,SÃO PAULO,BARRETOS,Cerrado,30,0.0,1.0,15.3,-20.58282,-48.49654
2024/10/07 03:40:00,NPP-375D,Brasil,SÃO PAULO,BARRETOS,Cerrado,28,0.0,1.0,9.0,-20.58286,-48.50268
2024/10/07 03:40:00,NPP-375D,Brasil,SÃO PAULO,BARRETOS,Cerrado,31,0.0,1.0,15.3,-20.58389,-48.49176
2024/10/07 03:40:00,NPP-375D,Brasil,SÃO PAULO,BARRETOS,Cerrado,29,0.0,1.0,9.0,-20.58391,-48.49816
2024/10/07 03:40:00,NPP-375D,Brasil,SÃO PAULO,BARRETOS,Cerrado,31,0.0,1.0,4.7,-20.58501,-48.49345
2024/10/07 03:40:00,NPP-375D,Brasil,SÃO PAULO,BARRETOS,Cerrado,32,0.0,1.0,4.7,-20.58614,-48.48859
2024/10/07 03:40:00,NPP-375D,Brasil,SÃO PAULO,BARRETOS,Cerrado,27,0.0,1.0,8.6,-20.58668,-48.50727
2024/10/07 03:40:00,NPP-375D,Brasil,SÃO PAULO,BARRETOS,Cerrado,28,0.0,1.0,8.6,-20.58771,-48.5027
2024/10/07 03:40:00,NPP-375D,Brasil,SÃO PAULO,BARRETOS,Cerrado,27,0.0,1.0,3.3,-20.58771,-48.50884
2024/10/07 03:40:00,NPP-375D,Brasil,SÃO PAULO,BARRETOS,Cerrado,28,0.0,1.0,43.4,-20.58876,-48.50431
2024/10/07 03:40:00,NPP-375D,Brasil,SÃO PAULO,BARRETOS,Cerrado,30,0.0,1.0,15.3,-20.58878,-48.49794
2024/10/07 03:40:00,NPP-375D,Brasil,SÃO PAULO,BARRETOS,Cerrado,31,0.0,1.0,15.3,-20.58986,-48.49311
2024/10/07 03:40:00,NPP-375D,Brasil,SÃO PAULO,BARRETOS,Cerrado,29,0.0,1.0,43.4,-20.58986,-48.49958
2024/10/07 03:40:00,NPP-375D,Brasil,SÃO PAULO,BARRETOS,Cerrado,32,0.0,1.0,12.1,-20.59095,-48.48828
2024/10/07 03:40:00,NPP-375D,Brasil,SÃO PAULO,BARRETOS,Cerrado,30,0.0,1.0,165.4,-20.59097,-48.49479
2024/10/07 03:40:00,NPP-375D,Brasil,SÃO PAULO,BARRETOS,Cerrado,32,0.0,1.0,165.4,-20.5921,-48.48995
2024/10/07 03:40:00,NPP-375D,Brasil,SÃO PAULO,BARRETOS,Cerrado,27,0.0,1.0,11.3,-20.59263,-48.50869
2024/10/07 03:40:00,NPP-375D,Brasil,SÃO PAULO,BARRETOS,Cerrado,26,0.0,1.0,3.3,-20.59366,-48.51029
2024/10/07 03:40:00,NPP-375D,Brasil,SÃO PAULO,BARRETOS,Cerrado,28,0.0,1.0,11.3,-20.59369,-48.504
2024/10/07 03:40:00,NPP-375D,Brasil,SÃO PAULO,BARRETOS,Cerrado,29,0.0,1.0,127.4,-20.59475,-48.49925
2024/10/07 03:40:00,NPP-375D,Brasil,SÃO PAULO,BARRETOS,Cerrado,27,0.0,1.0,43.4,-20.59475,-48.50558
2024/10/07 03:40:00,NPP-375D,Brasil,SÃO PAULO,BARRETOS,Cerrado,30,0.0,1.0,127.4,-20.59582,-48.49448
2024/10/07 03:40:00,NPP-375D,Brasil,SÃO PAULO,BARRETOS,Cerrado,29,0.0,1.0,43.4,-20.59585,-48.50085
2024/10/07 03:40:00,NPP-375D,Brasil,SÃO PAULO,BARRETOS,Cerrado,32,0.0,1.0,100.4,-20.5969,-48.48968
2024/10/07 03:40:00,NPP-375D,Brasil,SÃO PAULO,BARRETOS,Cerrado,30,0.0,1.0,165.4,-20.59694,-48.49612
2024/10/07 03:40:00,NPP-375D,Brasil,SÃO PAULO,BARRETOS,Cerrado,28,0.0,1.0,11.3,-20.59967,-48.50527
2024/10/07 03:40:00,NPP-375D,Brasil,SÃO PAULO,BARRETOS,Cerrado,29,0.0,1.0,127.4,-20.60073,-48.50054
2024/10/07 03:40:00,NPP-375D,Brasil,SÃO PAULO,BARRETOS,Cerrado,27,0.0,1.0,3.2,-20.60074,-48.50684
2024/10/07 03:40:00,NPP-375D,Brasil,SÃO PAULO,BARRETOS,Cerrado,30,0.0,1.0,127.4,-20.60179,-48.49583
2024/10/07 03:40:00,NPP-375D,Brasil,SÃO PAULO,BARRETOS,Cerrado,28,0.0,1.0,3.2,-20.60183,-48.50211
2024/10/07 03:40:00,NPP-375D,Brasil,SÃO PAULO,BARRETOS,Cerrado,30,0.0,1.0,90.6,-20.60291,-48.49742
2024/10/07 03:40:00,NPP-375D,Brasil,SÃO PAULO,BARRETOS,Cerrado,31,0.0,1.0,90.6,-20.60399,-48.49276
2024/10/07 03:40:00,NPP-375D,Brasil,SÃO PAULO,BARRETOS,Cerrado,26,0.0,1.0,16.1,-20.57979,-48.50998
2024/10/07 03:57:00,GOES-16,Brasil,SÃO PAULO,BARRETOS,Cerrado,25,0.0,1.0,242.7,-20.5848,-48.5137
2024/10/07 03:57:00,GOES-16,Brasil,SÃO PAULO,BARRETOS,Cerrado,32,0.0,1.0,203.5,-20.5855,-48.4904
2024/10/07 03:57:00,GOES-16,Brasil,SÃO PAULO,BARRETOS,Cerrado,27,0.0,1.0,282.0,-20.6053,-48.509
2024/10/07 04:03:27,MSG-03,Brasil,SÃO PAULO,BARRETOS,Cerrado,21,0.0,1.0,,-20.58,-48.53
2024/10/07 04:04:00,NOAA-20,Brasil,SÃO PAULO,BARRETOS,Cerrado,18,0.0,1.0,1.2,-20.45477,-48.64208
2024/10/07 04:04:00,NOAA-20,Brasil,SÃO PAULO,BARRETOS,Cerrado,23,0.0,1.0,1.0,-20.57798,-48.52379
2024/10/07 04:04:00,NOAA-20,Brasil,SÃO PAULO,BARRETOS,Cerrado,28,0.0,1.0,13.7,-20.5775,-48.5043
2024/10/07 04:04:00,NOAA-20,Brasil,SÃO PAULO,BARRETOS,Cerrado,27,0.0,1.0,13.7,-20.57681,-48.50797
2024/10/07 04:04:00,NOAA-20,Brasil,SÃO PAULO,BARRETOS,Cerrado,26,0.0,1.0,98.4,-20.5761,-48.51168
2024/10/07 04:04:00,NOAA-20,Brasil,SÃO PAULO,BARRETOS,Cerrado,25,0.0,1.0,98.4,-20.57539,-48.51544
2024/10/07 04:04:00,NOAA-20,Brasil,SÃO PAULO,BARRETOS,Cerrado,24,0.0,1.0,1.9,-20.57468,-48.51923
2024/10/07 04:04:00,NOAA-20,Brasil,SÃO PAULO,BARRETOS,Cerrado,23,0.0,1.0,1.9,-20.57397,-48.52299
2024/10/07 04:04:00,NOAA-20,Brasil,SÃO PAULO,BARRETOS,Cerrado,22,0.0,1.0,1.3,-20.57326,-48.52672
2024/10/07 04:04:00,NOAA-20,Brasil,SÃO PAULO,BARRETOS,Cerrado,26,0.0,1.0,6.2,-20.5848,-48.5097
2024/10/07 04:04:00,NOAA-20,Brasil,SÃO PAULO,BARRETOS,Cerrado,27,0.0,1.0,6.2,-20.58548,-48.50607
2024/10/07 04:04:00,NOAA-20,Brasil,SÃO PAULO,BARRETOS,Cerrado,28,0.0,1.0,5.6,-20.58617,-48.50239
2024/10/07 04:04:00,NOAA-20,Brasil,SÃO PAULO,BARRETOS,Cerrado,29,0.0,1.0,5.6,-20.58687,-48.49868
2024/10/07 04:04:00,NOAA-20,Brasil,SÃO PAULO,BARRETOS,Cerrado,30,0.0,1.0,4.5,-20.58758,-48.49493
2024/10/07 04:04:00,NOAA-20,Brasil,SÃO PAULO,BARRETOS,Cerrado,31,0.0,1.0,4.5,-20.58829,-48.49116
2024/10/07 04:04:00,NOAA-20,Brasil,SÃO PAULO,BARRETOS,Cerrado,26,0.0,1.0,57.8,-20.58879,-48.51059
2024/10/07 04:04:00,NOAA-20,Brasil,SÃO PAULO,BARRETOS,Cerrado,32,0.0,1.0,4.4,-20.589,-48.4874
2024/10/07 04:04:00,NOAA-20,Brasil,SÃO PAULO,BARRETOS,Cerrado,27,0.0,1.0,57.8,-20.58948,-48.50692
2024/10/07 04:04:00,NOAA-20,Brasil,SÃO PAULO,BARRETOS,Cerrado,28,0.0,1.0,65.5,-20.59018,-48.50322
2024/10/07 04:04:00,NOAA-20,Brasil,SÃO PAULO,BARRETOS,Cerrado,29,0.0,1.0,65.5,-20.59088,-48.49948
2024/10/07 04:04:00,NOAA-20,Brasil,SÃO PAULO,BARRETOS,Cerrado,30,0.0,1.0,5.5,-20.59159,-48.49573
2024/10/07 04:04:00,NOAA-20,Brasil,SÃO PAULO,BARRETOS,Cerrado,31,0.0,1.0,5.5,-20.59229,-48.49196
2024/10/07 04:04:00,NOAA-20,Brasil,SÃO PAULO,BARRETOS,Cerrado,32,0.0,1.0,3.5,-20.593,-48.4882
2024/10/07 04:04:00,NOAA-20,Brasil,SÃO PAULO,BARRETOS,Cerrado,27,0.0,1.0,13.7,-20.57279,-48.50722
2024/10/07 04:04:00,NOAA-20,Brasil,SÃO PAULO,BARRETOS,Cerrado,27,0.0,1.0,57.8,-20.59349,-48.50772
2024/10/07 04:04:00,NOAA-20,Brasil,SÃO PAULO,BARRETOS,Cerrado,28,0.0,1.0,65.5,-20.59419,-48.50399
2024/10/07 04:04:00,NOAA-20,Brasil,SÃO PAULO,BARRETOS,Cerrado,29,0.0,1.0,65.5,-20.59489,-48.50026
2024/10/07 04:04:00,NOAA-20,Brasil,SÃO PAULO,BARRETOS,Cerrado,30,0.0,1.0,5.5,-20.59559,-48.49652
2024/10/07 04:04:00,NOAA-20,Brasil,SÃO PAULO,BARRETOS,Cerrado,31,0.0,1.0,5.5,-20.59629,-48.49277
2024/10/07 04:04:00,NOAA-20,Brasil,SÃO PAULO,BARRETOS,Cerrado,32,0.0,1.0,3.5,-20.597,-48.48902
2024/10/07 04:04:00,NOAA-20,Brasil,SÃO PAULO,BARRETOS,Cerrado,29,0.0,1.0,6.2,-20.5989,-48.50103
2024/10/07 04:04:00,NOAA-20,Brasil,SÃO PAULO,BARRETOS,Cerrado,30,0.0,1.0,10.3,-20.5996,-48.49731
2024/10/07 04:04:00,NOAA-20,Brasil,SÃO PAULO,BARRETOS,Cerrado,31,0.0,1.0,10.3,-20.6003,-48.49358
2024/10/07 04:04:00,NOAA-20,Brasil,SÃO PAULO,BARRETOS,Cerrado,25,0.0,1.0,98.4,-20.57137,-48.51468
2024/10/07 04:04:00,NOAA-20,Brasil,SÃO PAULO,BARRETOS,Cerrado,24,0.0,1.0,1.9,-20.57067,-48.51843
2024/10/07 04:04:00,NOAA-20,Brasil,SÃO PAULO,BARRETOS,Cerrado,23,0.0,1.0,1.9,-20.56996,-48.52216
2024/10/07 04:04:00,NOAA-20,Brasil,SÃO PAULO,BARRETOS,Cerrado,22,0.0,1.0,1.3,-20.56926,-48.52585
2024/10/07 04:04:00,NOAA-20,Brasil,SÃO PAULO,BARRETOS,Cerrado,19,0.0,1.0,1.6,-20.4555,-48.6382
2024/10/07 04:04:00,NOAA-20,Brasil,SÃO PAULO,BARRETOS,Cerrado,29,0.0,1.0,1.2,-20.57819,-48.50066
2024/10/07 04:04:00,NOAA-20,Brasil,SÃO PAULO,BARRETOS,Cerrado,25,0.0,1.0,0.9,-20.58411,-48.51337
2024/10/07 04:04:00,NOAA-20,Brasil,SÃO PAULO,BARRETOS,Cerrado,24,0.0,1.0,0.9,-20.58341,-48.51708
2024/10/07 04:04:00,NOAA-20,Brasil,SÃO PAULO,BARRETOS,Cerrado,30,0.0,1.0,5.6,-20.58288,-48.49784
2024/10/07 04:04:00,NOAA-20,Brasil,SÃO PAULO,BARRETOS,Cerrado,23,0.0,1.0,1.0,-20.5827,-48.52082
2024/10/07 04:04:00,NOAA-20,Brasil,SÃO PAULO,BARRETOS,Cerrado,29,0.0,1.0,5.6,-20.58219,-48.5015
2024/10/07 04:04:00,NOAA-20,Brasil,SÃO PAULO,BARRETOS,Cerrado,28,0.0,1.0,6.2,-20.5815,-48.50514
2024/10/07 04:04:00,NOAA-20,Brasil,SÃO PAULO,BARRETOS,Cerrado,27,0.0,1.0,6.2,-20.58081,-48.50879
2024/10/07 04:04:00,NOAA-20,Brasil,SÃO PAULO,BARRETOS,Cerrado,26,0.0,1.0,0.9,-20.58012,-48.51246
2024/10/07 04:04:00,NOAA-20,Brasil,SÃO PAULO,BARRETOS,Cerrado,25,0.0,1.0,0.9,-20.57941,-48.51621
2024/10/07 04:04:00,NOAA-20,Brasil,SÃO PAULO,BARRETOS,Cerrado,24,0.0,1.0,1.0,-20.57869,-48.52
2024/10/07 04:07:00,GOES-16,Brasil,SÃO PAULO,BARRETOS,Cerrado,24,0.0,1.0,132.5,-20.5643,-48.5183
2024/10/07 04:07:00,GOES-16,Brasil,SÃO PAULO,BARRETOS,Cerrado,27,0.0,1.0,76.4,-20.6053,-48.509
2024/10/07 04:07:00,GOES-16,Brasil,SÃO PAULO,BARRETOS,Cerrado,32,0.0,1.0,145.9,-20.5855,-48.4904
2024/10/07 04:07:00,GOES-16,Brasil,SÃO PAULO,BARRETOS,Cerrado,25,0.0,1.0,197.1,-20.5848,-48.5137
2024/10/07 04:07:00,GOES-16,Brasil,SÃO PAULO,BARRETOS,Cerrado,30,0.0,1.0,69.6,-20.5649,-48.4951
2024/10/07 04:17:00,GOES-16,Brasil,SÃO PAULO,BARRETOS,Cerrado,25,0.0,1.0,99.5,-20.5848,-48.5137
2024/10/07 04:17:00,GOES-16,Brasil,SÃO PAULO,BARRETOS,Cerrado,32,0.0,1.0,73.9,-20.5855,-48.4904
2024/10/07 04:27:00,GOES-16,Brasil,SÃO PAULO,BARRETOS,Cerrado,32,0.0,1.0,105.2,-20.5855,-48.4904
2024/10/07 04:27:00,GOES-16,Brasil,SÃO PAULO,BARRETOS,Cerrado,25,0.0,1.0,104.0,-20.5848,-48.5137
2024/10/07 04:37:00,GOES-16,Brasil,SÃO PAULO,BARRETOS,Cerrado,25,0.0,1.0,99.1,-20.5848,-48.5137
2024/10/07 04:37:00,GOES-16,Brasil,SÃO PAULO,BARRETOS,Cerrado,32,0.0,1.0,87.5,-20.5855,-48.4904
2024/10/07 04:37:00,GOES-16,Brasil,SÃO PAULO,BARRETOS,Cerrado,24,0.0,1.0,102.7,-20.5643,-48.5183
2024/10/07 04:55:00,NOAA-21,Brasil,SÃO PAULO,BARRETOS,Cerrado,25,0.0,1.0,28.7,-20.57026,-48.51624
2024/10/07 04:55:00,NOAA-21,Brasil,SÃO PAULO,BARRETOS,Cerrado,30,0.0,1.0,3.0,-20.58637,-48.49788
2024/10/07 04:55:00,NOAA-21,Brasil,SÃO PAULO,BARRETOS,Cerrado,28,0.0,1.0,7.1,-20.5858,-48.50295
2024/10/07 04:55:00,NOAA-21,Brasil,SÃO PAULO,BARRETOS,Cerrado,27,0.0,1.0,7.1,-20.58523,-48.50813
2024/10/07 04:55:00,NOAA-21,Brasil,SÃO PAULO,BARRETOS,Cerrado,27,0.0,1.0,11.0,-20.5806,-48.50763
2024/10/07 04:55:00,NOAA-21,Brasil,SÃO PAULO,BARRETOS,Cerrado,26,0.0,1.0,19.0,-20.58003,-48.51276
2024/10/07 04:55:00,NOAA-21,Brasil,SÃO PAULO,BARRETOS,Cerrado,27,0.0,1.0,11.0,-20.57598,-48.50691
2024/10/07 04:55:00,NOAA-21,Brasil,SÃO PAULO,BARRETOS,Cerrado,26,0.0,1.0,19.0,-20.57542,-48.51201
2024/10/07 04:55:00,NOAA-21,Brasil,SÃO PAULO,BARRETOS,Cerrado,24,0.0,1.0,19.0,-20.57487,-48.51699
2024/10/07 04:55:00,NOAA-21,Brasil,SÃO PAULO,BARRETOS,Cerrado,26,0.0,1.0,28.7,-20.57082,-48.51122
2024/10/07 04:55:00,NOAA-21,Brasil,SÃO PAULO,BARRETOS,Cerrado,31,0.0,1.0,3.0,-20.58692,-48.49289
2024/10/07 04:55:00,NOAA-21,Brasil,SÃO PAULO,BARRETOS,Cerrado,18,0.0,1.0,3.2,-20.45415,-48.64065
2024/10/07 04:55:00,AQUA_M-M,Brasil,SÃO PAULO,BARRETOS,Cerrado,27,0.0,1.0,55.3,-20.58792,-48.50573
2024/10/07 04:55:00,AQUA_M-M,Brasil,SÃO PAULO,BARRETOS,Cerrado,28,0.0,1.0,81.1,-20.57568,-48.50318
2024/10/07 04:55:00,AQUA_M-M,Brasil,SÃO PAULO,BARRETOS,Cerrado,23,0.0,1.0,22.7,-20.57213,-48.52229
2024/10/07 04:55:00,NOAA-21,Brasil,SÃO PAULO,BARRETOS,Cerrado,32,0.0,1.0,1.4,-20.60133,-48.49001
2024/10/07 04:55:00,NOAA-21,Brasil,SÃO PAULO,BARRETOS,Cerrado,30,0.0,1.0,1.9,-20.60076,-48.49506
2024/10/07 04:55:00,NOAA-21,Brasil,SÃO PAULO,BARRETOS,Cerrado,32,0.0,1.0,1.2,-20.59209,-48.48863
2024/10/07 04:55:00,NOAA-21,Brasil,SÃO PAULO,BARRETOS,Cerrado,28,0.0,1.0,7.1,-20.59042,-48.50363
2024/10/07 05:21:00,NPP-375D,Brasil,SÃO PAULO,BARRETOS,Cerrado,25,0.0,1.0,10.6,-20.58371,-48.51346
2024/10/07 05:21:00,NPP-375D,Brasil,SÃO PAULO,BARRETOS,Cerrado,29,0.0,1.0,10.6,-20.58472,-48.49985
2024/10/07 05:21:00,NPP-375D,Brasil,SÃO PAULO,BARRETOS,Cerrado,27,0.0,1.0,10.6,-20.58422,-48.50662
2024/10/07 05:21:00,NPP-375D,Brasil,SÃO PAULO,BARRETOS,Cerrado,29,0.0,1.0,9.8,-20.58375,-48.50067
2024/10/07 05:21:00,NPP-375D,Brasil,SÃO PAULO,BARRETOS,Cerrado,27,0.0,1.0,9.8,-20.58319,-48.5075
2024/10/07 05:21:00,NPP-375D,Brasil,SÃO PAULO,BARRETOS,Cerrado,27,0.0,1.0,9.8,-20.57634,-48.50686
2024/10/07 05:21:00,NPP-375D,Brasil,SÃO PAULO,BARRETOS,Cerrado,25,0.0,1.0,16.6,-20.57582,-48.51343
2024/10/07 05:21:00,NPP-375D,Brasil,SÃO PAULO,BARRETOS,Cerrado,24,0.0,1.0,16.6,-20.57532,-48.51966
2024/10/07 05:21:00,NPP-375D,Brasil,SÃO PAULO,BARRETOS,Cerrado,26,0.0,1.0,13.4,-20.569,-48.5123
2024/10/07 05:21:00,NPP-375D,Brasil,SÃO PAULO,BARRETOS,Cerrado,24,0.0,1.0,13.4,-20.56849,-48.51876
2024/10/07 05:21:00,NPP-375D,Brasil,SÃO PAULO,BARRETOS,Cerrado,27,0.0,1.0,10.6,-20.59107,-48.50727
2024/10/07 05:21:00,NPP-375D,Brasil,SÃO PAULO,BARRETOS,Cerrado,27,0.0,1.0,5.5,-20.59006,-48.508
2024/10/07 07:07:00,GOES-16,Brasil,SÃO PAULO,BARRETOS,Cerrado,25,0.0,1.0,80.9,-20.5848,-48.5137
2024/10/07 07:17:00,GOES-16,Brasil,SÃO PAULO,BARRETOS,Cerrado,25,0.0,1.0,78.7,-20.5848,-48.5137
2024/10/07 07:57:00,GOES-16,Brasil,SÃO PAULO,BARRETOS,Cerrado,25,0.0,1.0,62.3,-20.5848,-48.5137
2024/10/07 07:57:00,GOES-16,Brasil,SÃO PAULO,BARRETOS,Cerrado,24,0.0,1.0,71.1,-20.5643,-48.5183
2024/10/07 16:07:00,NPP-375,Brasil,SÃO PAULO,BARRETOS,Cerrado,27,0.0,1.0,6.5,-20.58868,-48.50631
2024/10/07 16:07:00,NPP-375,Brasil,SÃO PAULO,BARRETOS,Cerrado,26,0.0,1.0,7.1,-20.58963,-48.50965
2024/10/07 16:07:00,NPP-375,Brasil,SÃO PAULO,BARRETOS,Cerrado,28,0.0,1.0,7.1,-20.58923,-48.50545
2024/10/07 16:07:00,NPP-375,Brasil,SÃO PAULO,BARRETOS,Cerrado,26,0.0,1.0,6.5,-20.58905,-48.51051
2024/10/07 16:07:00,NPP-375,Brasil,SÃO PAULO,BARRETOS,Cerrado,29,0.0,1.0,11.0,-20.58298,-48.50166
2024/10/07 16:07:00,NPP-375,Brasil,SÃO PAULO,BARRETOS,Cerrado,28,0.0,1.0,13.2,-20.58245,-48.5025
2024/10/07 16:33:00,NOAA-20,Brasil,SÃO PAULO,BARRETOS,Cerrado,27,0.0,1.0,12.4,-20.59022,-48.50708
2024/10/07 16:33:00,NOAA-20,Brasil,SÃO PAULO,BARRETOS,Cerrado,28,0.0,1.0,16.7,-20.58574,-48.50259
2024/10/07 16:33:00,NOAA-20,Brasil,SÃO PAULO,BARRETOS,Cerrado,30,0.0,1.0,233.8,-20.58126,-48.49809
2024/10/07 16:33:00,NOAA-20,Brasil,SÃO PAULO,BARRETOS,Cerrado,32,0.0,1.0,200.3,-20.58,-48.48795
2024/10/07 17:05:00,AQUA_M-T,Brasil,SÃO PAULO,BARRETOS,Cerrado,40,0.0,1.0,78.3,-20.55262,-48.45866
2024/10/07 17:05:00,AQUA_M-T,Brasil,SÃO PAULO,BARRETOS,Cerrado,29,0.0,1.0,369.4,-20.56891,-48.50084
2024/10/07 17:05:00,AQUA_M-T,Brasil,SÃO PAULO,BARRETOS,Cerrado,40,0.0,1.0,193.9,-20.5485,-48.46297
2024/10/07 17:05:00,AQUA_M-T,Brasil,SÃO PAULO,BARRETOS,Cerrado,29,0.0,1.0,1443.9,-20.55198,-48.50168
2024/10/07 17:05:00,AQUA_M-T,Brasil,SÃO PAULO,BARRETOS,Cerrado,19,0.0,1.0,169.5,-20.55916,-48.53698
2024/10/07 17:05:00,AQUA_M-T,Brasil,SÃO PAULO,BARRETOS,Cerrado,30,0.0,1.0,1835.0,-20.55585,-48.49731
2024/10/07 17:05:00,AQUA_M-T,Brasil,SÃO PAULO,BARRETOS,Cerrado,18,0.0,1.0,85.7,-20.55553,-48.54126
2024/10/07 17:26:00,NOAA-21,Brasil,SÃO PAULO,BARRETOS,Cerrado,31,0.0,1.0,189.1,-20.57771,-48.49302
2024/10/07 17:26:00,NOAA-21,Brasil,SÃO PAULO,BARRETOS,Cerrado,30,0.0,1.0,133.3,-20.57799,-48.49796
2024/10/07 17:26:00,NOAA-21,Brasil,SÃO PAULO,BARRETOS,Cerrado,37,0.0,1.0,14.5,-20.57803,-48.46977
2024/10/07 17:26:00,NOAA-21,Brasil,SÃO PAULO,BARRETOS,Cerrado,36,0.0,1.0,41.4,-20.57814,-48.47475
2024/10/07 17:26:00,NOAA-21,Brasil,SÃO PAULO,BARRETOS,Cerrado,36,0.0,1.0,432.1,-20.57916,-48.47541
2024/10/07 17:26:00,NOAA-21,Brasil,SÃO PAULO,BARRETOS,Cerrado,34,0.0,1.0,525.9,-20.57931,-48.48034
2024/10/07 17:26:00,NOAA-21,Brasil,SÃO PAULO,BARRETOS,Cerrado,34,0.0,1.0,432.1,-20.58029,-48.481
2024/10/07 17:26:00,NOAA-21,Brasil,SÃO PAULO,BARRETOS,Cerrado,33,0.0,1.0,525.9,-20.58046,-48.48585
2024/10/07 17:26:00,NOAA-21,Brasil,SÃO PAULO,BARRETOS,Cerrado,33,0.0,1.0,189.1,-20.5814,-48.48653
2024/10/07 17:26:00,NOAA-21,Brasil,SÃO PAULO,BARRETOS,Cerrado,31,0.0,1.0,133.3,-20.58161,-48.49135
2024/10/07 17:26:00,NOAA-21,Brasil,SÃO PAULO,BARRETOS,Cerrado,31,0.0,1.0,189.1,-20.58251,-48.49205
2024/10/07 17:26:00,NOAA-21,Brasil,SÃO PAULO,BARRETOS,Cerrado,30,0.0,1.0,133.3,-20.58277,-48.4969
2024/10/07 17:26:00,NOAA-21,Brasil,SÃO PAULO,BARRETOS,Cerrado,30,0.0,1.0,139.5,-20.58363,-48.49761
2024/10/07 17:26:00,NOAA-21,Brasil,SÃO PAULO,BARRETOS,Cerrado,28,0.0,1.0,139.5,-20.58475,-48.50321
2024/10/07 17:26:00,NOAA-21,Brasil,SÃO PAULO,BARRETOS,Cerrado,32,0.0,1.0,187.7,-20.58643,-48.49043
2024/10/07 17:26:00,NOAA-21,Brasil,SÃO PAULO,BARRETOS,Cerrado,31,0.0,1.0,170.4,-20.58732,-48.49111
2024/10/07 17:26:00,NOAA-21,Brasil,SÃO PAULO,BARRETOS,Cerrado,30,0.0,1.0,187.7,-20.58757,-48.4959
2024/10/07 17:26:00,NOAA-21,Brasil,SÃO PAULO,BARRETOS,Cerrado,33,0.0,1.0,56.5,-20.59007,-48.48389
2024/10/07 17:26:00,NOAA-21,Brasil,SÃO PAULO,BARRETOS,Cerrado,33,0.0,1.0,56.5,-20.58527,-48.4849
2024/10/07 17:26:00,NOAA-21,Brasil,SÃO PAULO,BARRETOS,Cerrado,36,0.0,1.0,41.4,-20.57332,-48.47568
2024/10/07 17:26:00,NOAA-21,Brasil,SÃO PAULO,BARRETOS,Cerrado,33,0.0,1.0,170.4,-20.58621,-48.48558
2024/10/07 17:26:00,NOAA-21,Brasil,SÃO PAULO,BARRETOS,Cerrado,33,0.0,1.0,525.9,-20.57564,-48.48677
2024/10/07 17:26:00,NOAA-21,Brasil,SÃO PAULO,BARRETOS,Cerrado,34,0.0,1.0,432.1,-20.57547,-48.48192
2024/10/07 17:26:00,NOAA-21,Brasil,SÃO PAULO,BARRETOS,Cerrado,34,0.0,1.0,525.9,-20.57449,-48.48123
2024/10/07 17:26:00,NOAA-21,Brasil,SÃO PAULO,BARRETOS,Cerrado,35,0.0,1.0,432.1,-20.57434,-48.47635
2024/10/07 17:26:00,NOAA-21,Brasil,SÃO PAULO,BARRETOS,Cerrado,37,0.0,1.0,14.5,-20.57321,-48.47075
2024/10/07 17:26:00,NOAA-21,Brasil,SÃO PAULO,BARRETOS,Cerrado,31,0.0,1.0,65.2,-20.57291,-48.49406
2024/10/07 17:26:00,NOAA-21,Brasil,SÃO PAULO,BARRETOS,Cerrado,34,0.0,1.0,50.1,-20.57065,-48.48286
2024/10/07 17:26:00,NOAA-21,Brasil,SÃO PAULO,BARRETOS,Cerrado,32,0.0,1.0,189.1,-20.57659,-48.48746
2024/10/07 17:26:00,NOAA-21,Brasil,SÃO PAULO,BARRETOS,Cerrado,31,0.0,1.0,133.3,-20.5768,-48.49232
2024/10/07 17:26:00,NOAA-21,Brasil,SÃO PAULO,BARRETOS,Cerrado,37,0.0,1.0,41.4,-20.57697,-48.46913
2024/10/07 17:47:00,NPP-375,Brasil,SÃO PAULO,BARRETOS,Cerrado,33,0.0,1.0,48.6,-20.58484,-48.48623
2024/10/07 17:47:00,NPP-375,Brasil,SÃO PAULO,BARRETOS,Cerrado,31,0.0,1.0,21.0,-20.58648,-48.493
2024/10/07 17:47:00,NPP-375,Brasil,SÃO PAULO,BARRETOS,Cerrado,29,0.0,1.0,34.9,-20.57937,-48.50015
2024/10/07 17:47:00,NPP-375,Brasil,SÃO PAULO,BARRETOS,Cerrado,32,0.0,1.0,212.0,-20.57784,-48.48755
2024/10/07 17:47:00,NPP-375,Brasil,SÃO PAULO,BARRETOS,Cerrado,39,0.0,1.0,91.9,-20.57767,-48.46373
2024/10/07 17:47:00,NPP-375,Brasil,SÃO PAULO,BARRETOS,Cerrado,41,0.0,1.0,91.9,-20.57592,-48.45668
2024/10/07 17:47:00,NPP-375,Brasil,SÃO PAULO,BARRETOS,Cerrado,29,0.0,1.0,21.0,-20.58811,-48.49975
2024/10/07 17:47:00,NPP-375,Brasil,SÃO PAULO,BARRETOS,Cerrado,32,0.0,1.0,40.7,-20.59157,-48.49018
2024/10/07 17:47:00,NPP-375,Brasil,SÃO PAULO,BARRETOS,Cerrado,33,0.0,1.0,48.6,-20.5918,-48.48468
2024/10/07 17:47:00,NPP-375,Brasil,SÃO PAULO,BARRETOS,Cerrado,31,0.0,1.0,21.0,-20.59346,-48.49159
2024/10/07 17:47:00,NPP-375,Brasil,SÃO PAULO,BARRETOS,Cerrado,34,0.0,1.0,212.0,-20.57619,-48.48072
2024/10/07 17:47:00,NPP-375,Brasil,SÃO PAULO,BARRETOS,Cerrado,29,0.0,1.0,34.9,-20.58624,-48.49827
2024/10/07 17:47:00,NPP-375,Brasil,SÃO PAULO,BARRETOS,Cerrado,40,0.0,1.0,6.9,-20.56201,-48.45989
2024/10/07 17:47:00,NPP-375,Brasil,SÃO PAULO,BARRETOS,Cerrado,38,0.0,1.0,6.9,-20.56374,-48.46684
2024/10/07 17:47:00,NPP-375,Brasil,SÃO PAULO,BARRETOS,Cerrado,39,0.0,1.0,20.4,-20.56414,-48.46129
2024/10/07 17:47:00,NPP-375,Brasil,SÃO PAULO,BARRETOS,Cerrado,36,0.0,1.0,11.4,-20.5655,-48.47389
2024/10/07 17:47:00,NPP-375,Brasil,SÃO PAULO,BARRETOS,Cerrado,43,0.0,1.0,9.7,-20.56554,-48.44453
2024/10/07 17:47:00,NPP-375,Brasil,SÃO PAULO,BARRETOS,Cerrado,38,0.0,1.0,290.1,-20.56585,-48.46832
2024/10/07 17:47:00,NPP-375,Brasil,SÃO PAULO,BARRETOS,Cerrado,34,0.0,1.0,11.4,-20.56723,-48.48087
2024/10/07 17:47:00,NPP-375,Brasil,SÃO PAULO,BARRETOS,Cerrado,42,0.0,1.0,9.7,-20.56725,-48.45139
2024/10/07 17:47:00,NPP-375,Brasil,SÃO PAULO,BARRETOS,Cerrado,36,0.0,1.0,290.1,-20.56755,-48.47536
2024/10/07 17:47:00,NPP-375,Brasil,SÃO PAULO,BARRETOS,Cerrado,43,0.0,1.0,14.7,-20.56775,-48.44588
2024/10/07 17:47:00,NPP-375,Brasil,SÃO PAULO,BARRETOS,Cerrado,32,0.0,1.0,13.6,-20.56893,-48.48766
2024/10/07 17:47:00,NPP-375,Brasil,SÃO PAULO,BARRETOS,Cerrado,40,0.0,1.0,91.9,-20.56898,-48.45834
2024/10/07 17:47:00,NPP-375,Brasil,SÃO PAULO,BARRETOS,Cerrado,34,0.0,1.0,212.0,-20.56921,-48.48219
2024/10/07 17:47:00,NPP-375,Brasil,SÃO PAULO,BARRETOS,Cerrado,42,0.0,1.0,20.4,-20.56943,-48.45282
2024/10/07 17:47:00,NPP-375,Brasil,SÃO PAULO,BARRETOS,Cerrado,30,0.0,1.0,13.6,-20.57065,-48.49458
2024/10/07 17:47:00,NPP-375,Brasil,SÃO PAULO,BARRETOS,Cerrado,38,0.0,1.0,91.9,-20.5707,-48.46529
2024/10/07 17:47:00,NPP-375,Brasil,SÃO PAULO,BARRETOS,Cerrado,32,0.0,1.0,212.0,-20.57086,-48.48903
2024/10/07 17:47:00,NPP-375,Brasil,SÃO PAULO,BARRETOS,Cerrado,40,0.0,1.0,20.4,-20.57112,-48.4598
2024/10/07 17:47:00,NPP-375,Brasil,SÃO PAULO,BARRETOS,Cerrado,36,0.0,1.0,462.1,-20.57243,-48.47224
2024/10/07 17:47:00,NPP-375,Brasil,SÃO PAULO,BARRETOS,Cerrado,30,0.0,1.0,74.9,-20.57258,-48.49611
2024/10/07 17:47:00,NPP-375,Brasil,SÃO PAULO,BARRETOS,Cerrado,38,0.0,1.0,290.1,-20.57281,-48.46677
2024/10/07 17:47:00,NPP-375,Brasil,SÃO PAULO,BARRETOS,Cerrado,35,0.0,1.0,462.1,-20.57416,-48.47918
2024/10/07 17:47:00,NPP-375,Brasil,SÃO PAULO,BARRETOS,Cerrado,36,0.0,1.0,290.1,-20.57451,-48.47379
2024/10/07 17:47:00,NPP-375,Brasil,SÃO PAULO,BARRETOS,Cerrado,31,0.0,1.0,143.4,-20.58456,-48.49153
2024/10/07 17:47:00,NPP-375,Brasil,SÃO PAULO,BARRETOS,Cerrado,35,0.0,1.0,48.6,-20.58316,-48.47926
2024/10/07 17:47:00,NPP-375,Brasil,SÃO PAULO,BARRETOS,Cerrado,33,0.0,1.0,143.4,-20.57586,-48.48602
2024/10/07 17:47:00,NPP-375,Brasil,SÃO PAULO,BARRETOS,Cerrado,33,0.0,1.0,143.4,-20.58288,-48.48473
2024/10/07 17:47:00,NPP-375,Brasil,SÃO PAULO,BARRETOS,Cerrado,37,0.0,1.0,19.0,-20.58146,-48.47221
2024/10/07 17:47:00,NPP-375,Brasil,SÃO PAULO,BARRETOS,Cerrado,29,0.0,1.0,74.9,-20.58126,-48.50171
2024/10/07 17:47:00,NPP-375,Brasil,SÃO PAULO,BARRETOS,Cerrado,38,0.0,1.0,19.0,-20.57975,-48.46513
2024/10/07 17:47:00,NPP-375,Brasil,SÃO PAULO,BARRETOS,Cerrado,31,0.0,1.0,74.9,-20.57949,-48.49441
2024/10/07 17:47:00,NPP-375,Brasil,SÃO PAULO,BARRETOS,Cerrado,37,0.0,1.0,462.1,-20.57942,-48.47081
2024/10/07 20:03:26,MSG-03,Brasil,SÃO PAULO,BARRETOS,Cerrado,43,0.0,1.0,,-20.57,-48.42
2024/10/07 20:03:26,MSG-03,Brasil,SÃO PAULO,BARRETOS,Cerrado,34,0.0,1.0,,-20.57,-48.48
2024/10/07 21:03:28,MSG-03,Brasil,SÃO PAULO,BARRETOS,Cerrado,56,0.0,1.0,,-20.43,-48.84
2024/10/07 22:03:27,MSG-03,Brasil,SÃO PAULO,BARRETOS,Cerrado,44,0.0,1.0,,-20.43,-48.78
2024/10/07 22:03:27,MSG-03,Brasil,SÃO PAULO,BARRETOS,Cerrado,56,0.0,1.0,,-20.43,-48.84
2024/10/07 22:03:27,MSG-03,Brasil,SÃO PAULO,BARRETOS,Cerrado,66,0.0,1.0,,-20.4,-48.82
2024/10/07 23:03:26,MSG-03,Brasil,SÃO PAULO,BARRETOS,Cerrado,44,0.0,1.0,,-20.43,-48.78
2024/10/07 23:03:26,MSG-03,Brasil,SÃO PAULO,BARRETOS,Cerrado,56,0.0,1.0,,-20.43,-48.84
2024/10/07 23:03:29,MSG-03,Brasil,SÃO PAULO,BARRETOS,Cerrado,37,0.0,1.0,,-20.4,-48.76
2024/10/07 23:03:29,MSG-03,Brasil,SÃO PAULO,BARRETOS,Cerrado,66,0.0,1.0,,-20.4,-48.82
2024/10/08 00:03:28,MSG-03,Brasil,SÃO PAULO,BARRETOS,Cerrado,57,0.0,1.0,,-20.43,-48.84
2024/10/08 00:03:28,MSG-03,Brasil,SÃO PAULO,BARRETOS,Cerrado,67,0.0,1.0,,-20.4,-48.82
2024/10/08 00:03:55,METOP-B,Brasil,SÃO PAULO,BARRETOS,Cerrado,42,0.0,1.0,,-20.415700912475586,-48.76729965209961
2024/10/08 00:03:55,METOP-B,Brasil,SÃO PAULO,BARRETOS,Cerrado,44,0.0,1.0,,-20.398300170898438,-48.720401763916016
2024/10/08 00:03:55,METOP-B,Brasil,SÃO PAULO,BARRETOS,Cerrado,36,0.0,1.0,,-20.40220069885254,-48.744598388671875
2024/10/08 00:03:55,METOP-B,Brasil,SÃO PAULO,BARRETOS,Cerrado,43,0.0,1.0,,-20.4060001373291,-48.76890182495117
2024/10/08 00:03:55,METOP-B,Brasil,SÃO PAULO,BARRETOS,Cerrado,52,0.0,1.0,,-20.409900665283203,-48.79330062866211
2024/10/08 00:03:55,METOP-B,Brasil,SÃO PAULO,BARRETOS,Cerrado,45,0.0,1.0,,-20.388599395751953,-48.72209930419922
2024/10/08 00:03:55,METOP-B,Brasil,SÃO PAULO,BARRETOS,Cerrado,43,0.0,1.0,,-20.396299362182617,-48.770599365234375
2024/10/08 00:03:55,METOP-B,Brasil,SÃO PAULO,BARRETOS,Cerrado,42,0.0,1.0,,-20.425399780273438,-48.76559829711914
2024/10/08 00:03:55,METOP-B,Brasil,SÃO PAULO,BARRETOS,Cerrado,43,0.0,1.0,,-20.408000946044922,-48.71870040893555
2024/10/08 00:03:55,METOP-B,Brasil,SÃO PAULO,BARRETOS,Cerrado,39,0.0,1.0,,-20.421600341796875,-48.74129867553711
2024/10/08 00:03:55,METOP-B,Brasil,SÃO PAULO,BARRETOS,Cerrado,37,0.0,1.0,,-20.41189956665039,-48.74300003051758
2024/10/08 00:03:56,METOP-B,Brasil,SÃO PAULO,BARRETOS,Cerrado,44,0.0,1.0,,-20.386699676513672,-48.77220153808594
2024/10/08 00:03:56,METOP-B,Brasil,SÃO PAULO,BARRETOS,Cerrado,45,0.0,1.0,,-20.369300842285156,-48.725399017333984
2024/10/08 00:03:56,METOP-B,Brasil,SÃO PAULO,BARRETOS,Cerrado,45,0.0,1.0,,-20.378999710083008,-48.72370147705078
2024/10/08 00:03:56,METOP-B,Brasil,SÃO PAULO,BARRETOS,Cerrado,31,0.0,1.0,,-20.38290023803711,-48.74789810180664
2024/10/08 00:33:00,TERRA_M-M,Brasil,SÃO PAULO,BARRETOS,Cerrado,55,0.0,1.0,257.8,-20.41789,-48.80928
2024/10/08 00:33:00,TERRA_M-M,Brasil,SÃO PAULO,BARRETOS,Cerrado,69,0.0,1.0,624.0,-20.38736,-48.81284
2024/10/08 00:33:00,TERRA_M-M,Brasil,SÃO PAULO,BARRETOS,Cerrado,48,0.0,1.0,118.8,-20.39975,-48.77958
2024/10/08 00:33:00,TERRA_M-M,Brasil,SÃO PAULO,BARRETOS,Cerrado,62,0.0,1.0,543.5,-20.40263,-48.81107
2024/10/08 00:33:00,TERRA_M-M,Brasil,SÃO PAULO,BARRETOS,Cerrado,74,0.0,1.0,42.3,-20.40549,-48.84243
2024/10/08 00:33:00,TERRA_M-M,Brasil,SÃO PAULO,BARRETOS,Cerrado,44,0.0,1.0,262.4,-20.41214,-48.77117
2024/10/08 00:33:00,TERRA_M-M,Brasil,SÃO PAULO,BARRETOS,Cerrado,54,0.0,1.0,474.6,-20.41483,-48.80274
2024/10/08 00:33:00,TERRA_M-M,Brasil,SÃO PAULO,BARRETOS,Cerrado,46,0.0,1.0,301.2,-20.41498,-48.7778
2024/10/08 00:33:00,TERRA_M-M,Brasil,SÃO PAULO,BARRETOS,Cerrado,63,0.0,1.0,50.0,-20.41751,-48.83413
2024/10/08 00:46:59,GOES-16,Brasil,SÃO PAULO,BARRETOS,Cerrado,40,0.0,1.0,92.3,-20.4152,-48.7589
2024/10/08 00:58:09,METOP-C,Brasil,SÃO PAULO,BARRETOS,Cerrado,46,0.0,1.0,,-20.44059944152832,-48.798099517822266
2024/10/08 00:58:09,METOP-C,Brasil,SÃO PAULO,BARRETOS,Mata Atlântica,43,0.0,1.0,,-20.453500747680664,-48.810298919677734
2024/10/08 00:58:10,METOP-C,Brasil,SÃO PAULO,BARRETOS,Cerrado,58,0.0,1.0,,-20.399900436401367,-48.80039978027344
2024/10/08 00:58:10,METOP-C,Brasil,SÃO PAULO,BARRETOS,Cerrado,55,0.0,1.0,,-20.398300170898438,-48.79309844970703
2024/10/08 00:58:10,METOP-C,Brasil,SÃO PAULO,BARRETOS,Cerrado,51,0.0,1.0,,-20.396699905395508,-48.78580093383789
2024/10/08 00:58:10,METOP-C,Brasil,SÃO PAULO,BARRETOS,Cerrado,48,0.0,1.0,,-20.395099639892578,-48.778499603271484
2024/10/08 00:58:10,METOP-C,Brasil,SÃO PAULO,BARRETOS,Cerrado,60,0.0,1.0,,-20.414499282836914,-48.81990051269531
2024/10/08 00:58:10,METOP-C,Brasil,SÃO PAULO,BARRETOS,Cerrado,58,0.0,1.0,,-20.412900924682617,-48.812599182128906
2024/10/08 00:58:10,METOP-C,Brasil,SÃO PAULO,BARRETOS,Cerrado,56,0.0,1.0,,-20.411300659179688,-48.805301666259766
2024/10/08 00:58:10,METOP-C,Brasil,SÃO PAULO,BARRETOS,Cerrado,54,0.0,1.0,,-20.409700393676758,-48.79800033569336
2024/10/08 00:58:10,METOP-C,Brasil,SÃO PAULO,BARRETOS,Cerrado,51,0.0,1.0,,-20.408100128173828,-48.79069900512695
2024/10/08 00:58:10,METOP-C,Brasil,SÃO PAULO,BARRETOS,Cerrado,49,0.0,1.0,,-20.4064998626709,-48.78340148925781
2024/10/08 00:58:10,METOP-C,Brasil,SÃO PAULO,BARRETOS,Cerrado,46,0.0,1.0,,-20.40489959716797,-48.776100158691406
2024/10/08 00:58:10,METOP-C,Brasil,SÃO PAULO,BARRETOS,Cerrado,43,0.0,1.0,,-20.403200149536133,-48.768798828125
2024/10/08 00:58:10,METOP-C,Brasil,SÃO PAULO,BARRETOS,Cerrado,54,0.0,1.0,,-20.42259979248047,-48.81019973754883
2024/10/08 00:58:10,METOP-C,Brasil,SÃO PAULO,BARRETOS,Cerrado,52,0.0,1.0,,-20.42099952697754,-48.80289840698242
2024/10/08 00:58:10,METOP-C,Brasil,SÃO PAULO,BARRETOS,Cerrado,51,0.0,1.0,,-20.41939926147461,-48.79560089111328
2024/10/08 00:58:10,METOP-C,Brasil,SÃO PAULO,BARRETOS,Cerrado,49,0.0,1.0,,-20.417800903320312,-48.788299560546875
2024/10/08 00:58:10,METOP-C,Brasil,SÃO PAULO,BARRETOS,Cerrado,66,0.0,1.0,,-20.404699325561523,-48.82229995727539
2024/10/08 00:58:10,METOP-C,Brasil,SÃO PAULO,BARRETOS,Cerrado,44,0.0,1.0,,-20.414600372314453,-48.77370071411133
2024/10/08 00:58:10,METOP-C,Brasil,SÃO PAULO,BARRETOS,Cerrado,50,0.0,1.0,,-20.385299682617188,-48.78089904785156
2024/10/08 00:58:10,METOP-C,Brasil,SÃO PAULO,BARRETOS,Cerrado,54,0.0,1.0,,-20.386899948120117,-48.78820037841797
2024/10/08 00:58:10,METOP-C,Brasil,SÃO PAULO,BARRETOS,Cerrado,58,0.0,1.0,,-20.388500213623047,-48.795501708984375
2024/10/08 00:58:10,METOP-C,Brasil,SÃO PAULO,BARRETOS,Cerrado,62,0.0,1.0,,-20.390100479125977,-48.802799224853516
2024/10/08 00:58:10,METOP-C,Brasil,SÃO PAULO,BARRETOS,Cerrado,65,0.0,1.0,,-20.391700744628906,-48.81010055541992
2024/10/08 00:58:10,METOP-C,Brasil,SÃO PAULO,BARRETOS,Cerrado,69,0.0,1.0,,-20.393299102783203,-48.817298889160156
2024/10/08 00:58:10,METOP-C,Brasil,SÃO PAULO,BARRETOS,Cerrado,47,0.0,1.0,,-20.416200637817383,-48.78099822998047
2024/10/08 00:58:10,METOP-C,Brasil,SÃO PAULO,BARRETOS,Cerrado,63,0.0,1.0,,-20.403099060058594,-48.814998626708984
2024/10/08 00:58:10,METOP-C,Brasil,SÃO PAULO,BARRETOS,Cerrado,61,0.0,1.0,,-20.401500701904297,-48.807701110839844
2024/10/08 01:03:27,MSG-03,Brasil,SÃO PAULO,BARRETOS,Cerrado,38,0.0,1.0,,-20.4,-48.76
2024/10/08 01:03:27,MSG-03,Brasil,SÃO PAULO,BARRETOS,Cerrado,57,0.0,1.0,,-20.43,-48.84
2024/10/08 01:03:27,MSG-03,Brasil,SÃO PAULO,BARRETOS,Cerrado,67,0.0,1.0,,-20.4,-48.82
2024/10/08 02:03:26,MSG-03,Brasil,SÃO PAULO,BARRETOS,Cerrado,45,0.0,1.0,,-20.43,-48.78
2024/10/08 02:03:26,MSG-03,Brasil,SÃO PAULO,BARRETOS,Cerrado,57,0.0,1.0,,-20.43,-48.84
2024/10/08 02:03:29,MSG-03,Brasil,SÃO PAULO,BARRETOS,Cerrado,67,0.0,1.0,,-20.4,-48.82
2024/10/08 02:03:29,MSG-03,Brasil,SÃO PAULO,BARRETOS,Cerrado,38,0.0,1.0,,-20.4,-48.76
2024/10/08 03:03:28,MSG-03,Brasil,SÃO PAULO,BARRETOS,Cerrado,67,0.0,1.0,,-20.4,-48.82
2024/10/08 03:03:28,MSG-03,Brasil,SÃO PAULO,BARRETOS,Cerrado,57,0.0,1.0,,-20.43,-48.84
2024/10/08 03:45:00,NOAA-20,Brasil,SÃO PAULO,BARRETOS,Cerrado,60,0.0,1.0,2.2,-20.39628,-48.80273
2024/10/08 03:45:00,NOAA-20,Brasil,SÃO PAULO,BARRETOS,Cerrado,63,0.0,1.0,2.6,-20.38991,-48.8054
2024/10/08 03:45:00,NOAA-20,Brasil,SÃO PAULO,BARRETOS,Cerrado,66,0.0,1.0,2.2,-20.38965,-48.80928
2024/10/08 03:45:00,NOAA-20,Brasil,SÃO PAULO,BARRETOS,Cerrado,80,0.0,1.0,24.7,-20.38937,-48.83376
2024/10/08 03:45:00,NOAA-20,Brasil,SÃO PAULO,BARRETOS,Cerrado,82,0.0,1.0,158.2,-20.38929,-48.83772
2024/10/08 03:45:00,NOAA-20,Brasil,SÃO PAULO,BARRETOS,Cerrado,66,0.0,1.0,2.6,-20.38904,-48.80933
2024/10/08 03:45:00,NOAA-20,Brasil,SÃO PAULO,BARRETOS,Cerrado,68,0.0,1.0,3.7,-20.38881,-48.81319
2024/10/08 03:45:00,NOAA-20,Brasil,SÃO PAULO,BARRETOS,Cerrado,83,0.0,1.0,33.5,-20.3885,-48.83766
2024/10/08 03:45:00,NOAA-20,Brasil,SÃO PAULO,BARRETOS,Cerrado,85,0.0,1.0,158.2,-20.38844,-48.84167
2024/10/08 03:45:00,NOAA-20,Brasil,SÃO PAULO,BARRETOS,Cerrado,69,0.0,1.0,7.9,-20.38817,-48.81321
2024/10/08 03:45:00,NOAA-20,Brasil,SÃO PAULO,BARRETOS,Cerrado,86,0.0,1.0,33.5,-20.38762,-48.84159
2024/10/08 03:45:00,NOAA-20,Brasil,SÃO PAULO,BARRETOS,Cerrado,62,0.0,1.0,2.6,-20.38586,-48.80009
2024/10/08 03:45:00,NOAA-20,Brasil,SÃO PAULO,BARRETOS,Cerrado,79,0.0,1.0,8.6,-20.38547,-48.82862
2024/10/08 03:45:00,NOAA-20,Brasil,SÃO PAULO,BARRETOS,Cerrado,62,0.0,1.0,2.1,-20.3853,-48.80018
2024/10/08 03:45:00,NOAA-20,Brasil,SÃO PAULO,BARRETOS,Cerrado,64,0.0,1.0,2.2,-20.38502,-48.80399
2024/10/08 03:45:00,NOAA-20,Brasil,SÃO PAULO,BARRETOS,Cerrado,64,0.0,1.0,2.7,-20.38444,-48.80406
2024/10/08 03:45:00,NOAA-20,Brasil,SÃO PAULO,BARRETOS,Cerrado,67,0.0,1.0,2.2,-20.38418,-48.80786
2024/10/08 03:45:00,NOAA-20,Brasil,SÃO PAULO,BARRETOS,Cerrado,85,0.0,1.0,37.1,-20.3838,-48.83635
2024/10/08 03:45:00,NOAA-20,Brasil,SÃO PAULO,BARRETOS,Cerrado,67,0.0,1.0,2.7,-20.38358,-48.8079
2024/10/08 03:45:00,NOAA-20,Brasil,SÃO PAULO,BARRETOS,Cerrado,51,0.0,1.0,3.1,-20.42079,-48.7963
2024/10/08 03:45:00,NOAA-20,Brasil,SÃO PAULO,BARRETOS,Cerrado,56,0.0,1.0,6.1,-20.41733,-48.81199
2024/10/08 03:45:00,NOAA-20,Brasil,SÃO PAULO,BARRETOS,Cerrado,58,0.0,1.0,6.1,-20.41647,-48.81586
2024/10/08 03:45:00,NOAA-20,Brasil,SÃO PAULO,BARRETOS,Cerrado,50,0.0,1.0,5.0,-20.41617,-48.79113
2024/10/08 03:45:00,NOAA-20,Brasil,SÃO PAULO,BARRETOS,Cerrado,60,0.0,1.0,13.7,-20.4156,-48.81976
2024/10/08 03:45:00,NOAA-20,Brasil,SÃO PAULO,BARRETOS,Cerrado,52,0.0,1.0,3.1,-20.4153,-48.79505
2024/10/08 03:45:00,NOAA-20,Brasil,SÃO PAULO,BARRETOS,Cerrado,61,0.0,1.0,13.7,-20.41474,-48.82364
2024/10/08 03:45:00,NOAA-20,Brasil,SÃO PAULO,BARRETOS,Cerrado,58,0.0,1.0,6.1,-20.41186,-48.81061
2024/10/08 03:45:00,NOAA-20,Brasil,SÃO PAULO,BARRETOS,Cerrado,60,0.0,1.0,6.1,-20.41099,-48.81452
2024/10/08 03:45:00,NOAA-20,Brasil,SÃO PAULO,BARRETOS,Cerrado,62,0.0,1.0,13.7,-20.41013,-48.81841
2024/10/08 03:45:00,NOAA-20,Brasil,SÃO PAULO,BARRETOS,Cerrado,64,0.0,1.0,13.7,-20.40927,-48.82229
2024/10/08 03:45:00,NOAA-20,Brasil,SÃO PAULO,BARRETOS,Cerrado,66,0.0,1.0,10.3,-20.4084,-48.82619
2024/10/08 03:45:00,NOAA-20,Brasil,SÃO PAULO,BARRETOS,Cerrado,68,0.0,1.0,10.3,-20.40754,-48.83007
2024/10/08 03:45:00,NOAA-20,Brasil,SÃO PAULO,BARRETOS,Cerrado,60,0.0,1.0,3.2,-20.40637,-48.80932
2024/10/08 03:45:00,NOAA-20,Brasil,SÃO PAULO,BARRETOS,Cerrado,62,0.0,1.0,3.2,-20.4055,-48.8132
2024/10/08 03:45:00,NOAA-20,Brasil,SÃO PAULO,BARRETOS,Cerrado,64,0.0,1.0,11.8,-20.40466,-48.81702
2024/10/08 03:45:00,NOAA-20,Brasil,SÃO PAULO,BARRETOS,Cerrado,66,0.0,1.0,11.8,-20.40381,-48.82085
2024/10/08 03:45:00,NOAA-20,Brasil,SÃO PAULO,BARRETOS,Cerrado,68,0.0,1.0,69.6,-20.40294,-48.82474
2024/10/08 03:45:00,NOAA-20,Brasil,SÃO PAULO,BARRETOS,Cerrado,59,0.0,1.0,2.4,-20.40231,-48.80404
2024/10/08 03:45:00,NOAA-20,Brasil,SÃO PAULO,BARRETOS,Cerrado,70,0.0,1.0,69.6,-20.40207,-48.82864
2024/10/08 03:45:00,NOAA-20,Brasil,SÃO PAULO,BARRETOS,Cerrado,61,0.0,1.0,3.4,-20.40147,-48.80797
2024/10/08 03:45:00,NOAA-20,Brasil,SÃO PAULO,BARRETOS,Cerrado,61,0.0,1.0,3.2,-20.40089,-48.808
2024/10/08 03:45:00,NOAA-20,Brasil,SÃO PAULO,BARRETOS,Cerrado,63,0.0,1.0,3.4,-20.40062,-48.8119
2024/10/08 03:45:00,NOAA-20,Brasil,SÃO PAULO,BARRETOS,Cerrado,63,0.0,1.0,3.2,-20.40002,-48.81191
2024/10/08 03:45:00,NOAA-20,Brasil,SÃO PAULO,BARRETOS,Cerrado,65,0.0,1.0,9.0,-20.39979,-48.81575
2024/10/08 03:45:00,NOAA-20,Brasil,SÃO PAULO,BARRETOS,Cerrado,53,0.0,1.0,3.9,-20.39936,-48.79097
2024/10/08 03:45:00,NOAA-20,Brasil,SÃO PAULO,BARRETOS,Cerrado,65,0.0,1.0,11.8,-20.39916,-48.81575
2024/10/08 03:45:00,NOAA-20,Brasil,SÃO PAULO,BARRETOS,Cerrado,67,0.0,1.0,9.0,-20.39897,-48.81956
2024/10/08 03:45:00,NOAA-20,Brasil,SÃO PAULO,BARRETOS,Cerrado,53,0.0,1.0,2.7,-20.39888,-48.79106
2024/10/08 03:45:00,NOAA-20,Brasil,SÃO PAULO,BARRETOS,Cerrado,55,0.0,1.0,3.9,-20.39852,-48.79489
2024/10/08 03:45:00,NOAA-20,Brasil,SÃO PAULO,BARRETOS,Cerrado,68,0.0,1.0,11.8,-20.39832,-48.81955
2024/10/08 03:45:00,NOAA-20,Brasil,SÃO PAULO,BARRETOS,Cerrado,70,0.0,1.0,24.9,-20.39815,-48.82339
2024/10/08 03:45:00,NOAA-20,Brasil,SÃO PAULO,BARRETOS,Cerrado,56,0.0,1.0,2.7,-20.39801,-48.79497
2024/10/08 03:45:00,NOAA-20,Brasil,SÃO PAULO,BARRETOS,Cerrado,58,0.0,1.0,2.4,-20.39768,-48.79878
2024/10/08 03:45:00,NOAA-20,Brasil,SÃO PAULO,BARRETOS,Cerrado,70,0.0,1.0,69.6,-20.39747,-48.82335
2024/10/08 03:45:00,NOAA-20,Brasil,SÃO PAULO,BARRETOS,Cerrado,72,0.0,1.0,24.9,-20.39733,-48.82722
2024/10/08 03:45:00,NOAA-20,Brasil,SÃO PAULO,BARRETOS,Cerrado,58,0.0,1.0,2.2,-20.39715,-48.79885
2024/10/08 03:45:00,NOAA-20,Brasil,SÃO PAULO,BARRETOS,Cerrado,60,0.0,1.0,2.4,-20.39684,-48.80267
2024/10/08 03:45:00,NOAA-20,Brasil,SÃO PAULO,BARRETOS,Cerrado,72,0.0,1.0,69.6,-20.39662,-48.82716
2024/10/08 03:45:00,NOAA-20,Brasil,SÃO PAULO,BARRETOS,Cerrado,74,0.0,1.0,55.9,-20.39649,-48.83109
2024/10/08 03:45:00,NOAA-20,Brasil,SÃO PAULO,BARRETOS,Cerrado,62,0.0,1.0,3.4,-20.39599,-48.8066
2024/10/08 03:45:00,NOAA-20,Brasil,SÃO PAULO,BARRETOS,Cerrado,75,0.0,1.0,86.6,-20.39576,-48.83102
2024/10/08 03:45:00,NOAA-20,Brasil,SÃO PAULO,BARRETOS,Cerrado,62,0.0,1.0,2.6,-20.39541,-48.80665
2024/10/08 03:45:00,NOAA-20,Brasil,SÃO PAULO,BARRETOS,Cerrado,64,0.0,1.0,3.4,-20.39514,-48.81057
2024/10/08 03:45:00,NOAA-20,Brasil,SÃO PAULO,BARRETOS,Cerrado,65,0.0,1.0,2.6,-20.39453,-48.81061
2024/10/08 03:45:00,NOAA-20,Brasil,SÃO PAULO,BARRETOS,Cerrado,67,0.0,1.0,9.0,-20.3943,-48.81448
2024/10/08 03:45:00,NOAA-20,Brasil,SÃO PAULO,BARRETOS,Cerrado,67,0.0,1.0,7.9,-20.39366,-48.81449
2024/10/08 03:45:00,NOAA-20,Brasil,SÃO PAULO,BARRETOS,Cerrado,69,0.0,1.0,9.0,-20.39347,-48.81832
2024/10/08 03:45:00,NOAA-20,Brasil,SÃO PAULO,BARRETOS,Cerrado,56,0.0,1.0,3.8,-20.39304,-48.79354
2024/10/08 03:45:00,NOAA-20,Brasil,SÃO PAULO,BARRETOS,Cerrado,70,0.0,1.0,7.9,-20.39281,-48.81832
2024/10/08 03:45:00,NOAA-20,Brasil,SÃO PAULO,BARRETOS,Cerrado,72,0.0,1.0,24.9,-20.39264,-48.82215
2024/10/08 03:45:00,NOAA-20,Brasil,SÃO PAULO,BARRETOS,Cerrado,56,0.0,1.0,2.7,-20.39253,-48.79365
2024/10/08 03:45:00,NOAA-20,Brasil,SÃO PAULO,BARRETOS,Cerrado,58,0.0,1.0,2.6,-20.39219,-48.79749
2024/10/08 03:45:00,NOAA-20,Brasil,SÃO PAULO,BARRETOS,Cerrado,72,0.0,1.0,21.9,-20.39196,-48.82215
2024/10/08 03:45:00,NOAA-20,Brasil,SÃO PAULO,BARRETOS,Cerrado,74,0.0,1.0,24.9,-20.39182,-48.826
2024/10/08 03:45:00,NOAA-20,Brasil,SÃO PAULO,BARRETOS,Cerrado,58,0.0,1.0,2.2,-20.39166,-48.79758
2024/10/08 03:45:00,NOAA-20,Brasil,SÃO PAULO,BARRETOS,Cerrado,75,0.0,1.0,21.9,-20.3911,-48.82599
2024/10/08 03:45:00,NOAA-20,Brasil,SÃO PAULO,BARRETOS,Cerrado,77,0.0,1.0,55.9,-20.39098,-48.82988
2024/10/08 03:45:00,NOAA-20,Brasil,SÃO PAULO,BARRETOS,Cerrado,70,0.0,1.0,2.7,-20.41336,-48.85603
2024/10/08 03:45:00,NOAA-20,Brasil,SÃO PAULO,BARRETOS,Cerrado,70,0.0,1.0,1.4,-20.41247,-48.86005
2024/10/08 03:45:00,NOAA-20,Brasil,SÃO PAULO,BARRETOS,Cerrado,69,0.0,1.0,1.4,-20.41159,-48.86406
2024/10/08 03:45:00,NOAA-20,Brasil,SÃO PAULO,BARRETOS,Cerrado,69,0.0,-999.0,1.3,-20.41071,-48.86802
2024/10/08 03:45:00,NOAA-20,Brasil,SÃO PAULO,BARRETOS,Cerrado,73,0.0,1.0,2.2,-20.40961,-48.84681
2024/10/08 03:45:00,NOAA-20,Brasil,SÃO PAULO,BARRETOS,Cerrado,75,0.0,1.0,1.9,-20.40875,-48.85071
2024/10/08 03:45:00,NOAA-20,Brasil,SÃO PAULO,BARRETOS,Cerrado,74,0.0,1.0,1.9,-20.40788,-48.85461
2024/10/08 03:45:00,NOAA-20,Brasil,SÃO PAULO,BARRETOS,Cerrado,74,0.0,1.0,2.5,-20.407,-48.85862
2024/10/08 03:45:00,NOAA-20,Brasil,SÃO PAULO,BARRETOS,Cerrado,70,0.0,1.0,3.6,-20.40668,-48.83394
2024/10/08 03:45:00,NOAA-20,Brasil,SÃO PAULO,BARRETOS,Cerrado,72,0.0,1.0,3.6,-20.40582,-48.83782
2024/10/08 03:45:00,NOAA-20,Brasil,SÃO PAULO,BARRETOS,Cerrado,74,0.0,1.0,2.2,-20.40496,-48.84171
2024/10/08 03:45:00,NOAA-20,Brasil,SÃO PAULO,BARRETOS,Cerrado,76,0.0,1.0,2.2,-20.4041,-48.8456
2024/10/08 03:45:00,NOAA-20,Brasil,SÃO PAULO,BARRETOS,Cerrado,79,0.0,1.0,1.9,-20.40325,-48.84943
2024/10/08 03:45:00,NOAA-20,Brasil,SÃO PAULO,BARRETOS,Cerrado,79,0.0,1.0,1.9,-20.40239,-48.85327
2024/10/08 03:45:00,NOAA-20,Brasil,SÃO PAULO,BARRETOS,Cerrado,78,0.0,1.0,2.5,-20.40151,-48.85725
2024/10/08 03:45:00,NOAA-20,Brasil,SÃO PAULO,BARRETOS,Cerrado,72,0.0,1.0,86.6,-20.40121,-48.83252
2024/10/08 03:45:00,NOAA-20,Brasil,SÃO PAULO,BARRETOS,Cerrado,77,0.0,1.0,2.5,-20.40062,-48.86128
2024/10/08 03:45:00,NOAA-20,Brasil,SÃO PAULO,BARRETOS,Cerrado,75,0.0,1.0,86.6,-20.40035,-48.8364
2024/10/08 03:45:00,NOAA-20,Brasil,SÃO PAULO,BARRETOS,Cerrado,80,0.0,1.0,145.8,-20.3986,-48.8443
2024/10/08 03:45:00,NOAA-20,Brasil,SÃO PAULO,BARRETOS,Cerrado,82,0.0,1.0,76.3,-20.39772,-48.84822
2024/10/08 03:45:00,NOAA-20,Brasil,SÃO PAULO,BARRETOS,Cerrado,83,0.0,1.0,76.3,-20.39686,-48.85211
2024/10/08 03:45:00,NOAA-20,Brasil,SÃO PAULO,BARRETOS,Cerrado,82,0.0,-999.0,9.3,-20.39599,-48.85603
2024/10/08 03:45:00,NOAA-20,Brasil,SÃO PAULO,BARRETOS,Cerrado,77,0.0,1.0,55.9,-20.39565,-48.83501
2024/10/08 03:45:00,NOAA-20,Brasil,SÃO PAULO,BARRETOS,Cerrado,77,0.0,1.0,86.6,-20.39489,-48.83494
2024/10/08 03:45:00,NOAA-20,Brasil,SÃO PAULO,BARRETOS,Cerrado,80,0.0,1.0,158.2,-20.39479,-48.83899
2024/10/08 03:45:00,NOAA-20,Brasil,SÃO PAULO,BARRETOS,Cerrado,80,0.0,1.0,145.8,-20.39401,-48.83892
2024/10/08 03:45:00,NOAA-20,Brasil,SÃO PAULO,BARRETOS,Cerrado,85,0.0,1.0,115.3,-20.39308,-48.84698
2024/10/08 03:45:00,NOAA-20,Brasil,SÃO PAULO,BARRETOS,Cerrado,77,0.0,1.0,145.8,-20.39948,-48.84033
2024/10/08 03:45:00,NOAA-20,Brasil,SÃO PAULO,BARRETOS,Cerrado,86,0.0,1.0,76.3,-20.39223,-48.84688
2024/10/08 03:45:00,NOAA-20,Brasil,SÃO PAULO,BARRETOS,Cerrado,31,0.0,1.0,0.8,-20.5735,-48.49532
2024/10/08 03:45:00,NOAA-20,Brasil,SÃO PAULO,BARRETOS,Cerrado,30,0.0,1.0,0.8,-20.57271,-48.49888
2024/10/08 03:45:00,NOAA-20,Brasil,SÃO PAULO,BARRETOS,Cerrado,31,0.0,1.0,1.9,-20.57171,-48.49557
2024/10/08 03:45:00,NOAA-20,Brasil,SÃO PAULO,BARRETOS,Cerrado,63,0.0,1.0,2.2,-20.3905,-48.80533
2024/10/08 03:45:00,NOAA-20,Brasil,SÃO PAULO,BARRETOS,Cerrado,77,0.0,1.0,24.7,-20.39024,-48.82986
2024/10/08 03:45:00,NOAA-20,Brasil,SÃO PAULO,BARRETOS,Cerrado,80,0.0,1.0,55.9,-20.39014,-48.83379
2024/10/08 04:03:27,MSG-03,Brasil,SÃO PAULO,BARRETOS,Cerrado,67,0.0,1.0,,-20.4,-48.82
2024/10/08 04:38:00,NOAA-21,Brasil,SÃO PAULO,BARRETOS,Cerrado,68,0.0,1.0,19.2,-20.39571,-48.81689
2024/10/08 04:38:00,NOAA-21,Brasil,SÃO PAULO,BARRETOS,Cerrado,55,0.0,1.0,1.3,-20.39571,-48.79224
2024/10/08 04:38:00,NOAA-21,Brasil,SÃO PAULO,BARRETOS,Cerrado,70,0.0,1.0,19.2,-20.39513,-48.82093
2024/10/08 04:38:00,NOAA-21,Brasil,SÃO PAULO,BARRETOS,Cerrado,57,0.0,1.0,1.3,-20.39513,-48.79625
2024/10/08 04:38:00,NOAA-21,Brasil,SÃO PAULO,BARRETOS,Cerrado,59,0.0,1.0,1.8,-20.39456,-48.80026
2024/10/08 04:38:00,NOAA-21,Brasil,SÃO PAULO,BARRETOS,Cerrado,72,0.0,1.0,23.4,-20.39455,-48.82496
2024/10/08 04:38:00,NOAA-21,Brasil,SÃO PAULO,BARRETOS,Cerrado,61,0.0,1.0,1.8,-20.39398,-48.80428
2024/10/08 04:38:00,NOAA-21,Brasil,SÃO PAULO,BARRETOS,Cerrado,75,0.0,1.0,23.4,-20.39397,-48.82898
2024/10/08 04:38:00,NOAA-21,Brasil,SÃO PAULO,BARRETOS,Cerrado,69,0.0,1.0,19.2,-20.39226,-48.81632
2024/10/08 04:38:00,NOAA-21,Brasil,SÃO PAULO,BARRETOS,Cerrado,71,0.0,1.0,19.2,-20.39168,-48.82034
2024/10/08 04:38:00,NOAA-21,Brasil,SÃO PAULO,BARRETOS,Cerrado,74,0.0,1.0,23.4,-20.3911,-48.82437
2024/10/08 04:38:00,NOAA-21,Brasil,SÃO PAULO,BARRETOS,Cerrado,76,0.0,1.0,23.4,-20.39053,-48.82839
2024/10/08 04:38:00,NOAA-21,Brasil,SÃO PAULO,BARRETOS,Cerrado,65,0.0,1.0,2.2,-20.38995,-48.80771
2024/10/08 04:38:00,NOAA-21,Brasil,SÃO PAULO,BARRETOS,Cerrado,75,0.0,1.0,2.0,-20.38765,-48.82378
2024/10/08 04:38:00,NOAA-21,Brasil,SÃO PAULO,BARRETOS,Cerrado,78,0.0,1.0,2.0,-20.38708,-48.8278
2024/10/08 04:38:00,NOAA-21,Brasil,SÃO PAULO,BARRETOS,Cerrado,66,0.0,1.0,2.2,-20.3865,-48.80714
2024/10/08 04:38:00,NOAA-21,Brasil,SÃO PAULO,BARRETOS,Mata Atlântica,43,0.0,1.0,1.3,-20.45123,-48.81618
2024/10/08 04:38:00,NOAA-21,Brasil,SÃO PAULO,BARRETOS,Cerrado,66,0.0,1.0,2.4,-20.41125,-48.83178
2024/10/08 04:38:00,NOAA-21,Brasil,SÃO PAULO,BARRETOS,Cerrado,68,0.0,1.0,2.2,-20.41067,-48.83581
2024/10/08 04:38:00,NOAA-21,Brasil,SÃO PAULO,BARRETOS,Cerrado,70,0.0,1.0,2.2,-20.41009,-48.83983
2024/10/08 04:38:00,NOAA-21,Brasil,SÃO PAULO,BARRETOS,Cerrado,72,0.0,1.0,3.8,-20.40951,-48.84384
2024/10/08 04:38:00,NOAA-21,Brasil,SÃO PAULO,BARRETOS,Cerrado,68,0.0,1.0,244.0,-20.40779,-48.83121
2024/10/08 04:38:00,NOAA-21,Brasil,SÃO PAULO,BARRETOS,Cerrado,70,0.0,1.0,159.1,-20.40722,-48.83523
2024/10/08 04:38:00,NOAA-21,Brasil,SÃO PAULO,BARRETOS,Cerrado,72,0.0,1.0,159.1,-20.40664,-48.83924
2024/10/08 04:38:00,NOAA-21,Brasil,SÃO PAULO,BARRETOS,Cerrado,74,0.0,1.0,4.6,-20.40606,-48.84325
2024/10/08 04:38:00,NOAA-21,Brasil,SÃO PAULO,BARRETOS,Cerrado,76,0.0,1.0,4.6,-20.40548,-48.84727
2024/10/08 04:38:00,NOAA-21,Brasil,SÃO PAULO,BARRETOS,Cerrado,77,0.0,1.0,1.8,-20.4049,-48.85129
2024/10/08 04:38:00,NOAA-21,Brasil,SÃO PAULO,BARRETOS,Cerrado,80,0.0,1.0,5.9,-20.39283,-48.83699
2024/10/08 04:38:00,NOAA-21,Brasil,SÃO PAULO,BARRETOS,Cerrado,77,0.0,1.0,5.9,-20.3934,-48.83299
2024/10/08 04:38:00,NOAA-21,Brasil,SÃO PAULO,BARRETOS,Cerrado,85,0.0,1.0,97.6,-20.39456,-48.84955
2024/10/08 04:38:00,NOAA-21,Brasil,SÃO PAULO,BARRETOS,Cerrado,80,0.0,1.0,610.6,-20.3957,-48.84155
2024/10/08 04:38:00,NOAA-21,Brasil,SÃO PAULO,BARRETOS,Cerrado,78,0.0,1.0,260.8,-20.39628,-48.83757
2024/10/08 04:38:00,NOAA-21,Brasil,SÃO PAULO,BARRETOS,Cerrado,76,0.0,1.0,260.8,-20.39685,-48.83356
2024/10/08 04:38:00,NOAA-21,Brasil,SÃO PAULO,BARRETOS,Cerrado,82,0.0,1.0,97.6,-20.39743,-48.85413
2024/10/08 04:38:00,NOAA-21,Brasil,SÃO PAULO,BARRETOS,Cerrado,83,0.0,1.0,97.6,-20.398,-48.85012
2024/10/08 04:38:00,NOAA-21,Brasil,SÃO PAULO,BARRETOS,Cerrado,81,0.0,1.0,610.6,-20.39858,-48.84611
2024/10/08 04:38:00,NOAA-21,Brasil,SÃO PAULO,BARRETOS,Cerrado,74,0.0,1.0,260.8,-20.40031,-48.83411
2024/10/08 04:38:00,NOAA-21,Brasil,SÃO PAULO,BARRETOS,Cerrado,79,0.0,1.0,1.8,-20.40087,-48.85471
2024/10/08 04:38:00,NOAA-21,Brasil,SÃO PAULO,BARRETOS,Cerrado,80,0.0,1.0,1.8,-20.40145,-48.8507
2024/10/08 04:38:00,NOAA-21,Brasil,SÃO PAULO,BARRETOS,Cerrado,78,0.0,1.0,4.6,-20.40203,-48.84668
2024/10/08 04:38:00,NOAA-21,Brasil,SÃO PAULO,BARRETOS,Cerrado,76,0.0,1.0,4.6,-20.40261,-48.84267
2024/10/08 04:38:00,NOAA-21,Brasil,SÃO PAULO,BARRETOS,Cerrado,74,0.0,1.0,159.1,-20.40318,-48.83867
2024/10/08 04:38:00,NOAA-21,Brasil,SÃO PAULO,BARRETOS,Cerrado,73,0.0,1.0,7.2,-20.39743,-48.82956
2024/10/08 04:38:00,NOAA-21,Brasil,SÃO PAULO,BARRETOS,Cerrado,50,0.0,1.0,2.3,-20.41703,-48.79163
2024/10/08 04:38:00,NOAA-21,Brasil,SÃO PAULO,BARRETOS,Cerrado,58,0.0,1.0,12.0,-20.41702,-48.81629
2024/10/08 04:38:00,NOAA-21,Brasil,SÃO PAULO,BARRETOS,Cerrado,59,0.0,1.0,22.1,-20.41644,-48.82031
2024/10/08 04:38:00,NOAA-21,Brasil,SÃO PAULO,BARRETOS,Cerrado,61,0.0,1.0,22.1,-20.41586,-48.82432
2024/10/08 04:38:00,NOAA-21,Brasil,SÃO PAULO,BARRETOS,Cerrado,63,0.0,1.0,2.4,-20.41528,-48.82834
2024/10/08 04:38:00,NOAA-21,Brasil,SÃO PAULO,BARRETOS,Cerrado,58,0.0,1.0,12.0,-20.41414,-48.81171
2024/10/08 04:38:00,NOAA-21,Brasil,SÃO PAULO,BARRETOS,Cerrado,64,0.0,1.0,2.4,-20.4147,-48.83237
2024/10/08 04:38:00,NOAA-21,Brasil,SÃO PAULO,BARRETOS,Cerrado,66,0.0,1.0,2.2,-20.41412,-48.83639
2024/10/08 04:38:00,NOAA-21,Brasil,SÃO PAULO,BARRETOS,Cerrado,32,0.0,1.0,2.9,-20.57532,-48.49332
2024/10/08 04:38:00,NOAA-21,Brasil,SÃO PAULO,BARRETOS,Cerrado,66,0.0,1.0,3.9,-20.38304,-48.80659
2024/10/08 04:38:00,NOAA-21,Brasil,SÃO PAULO,BARRETOS,Cerrado,59,0.0,1.0,12.0,-20.41356,-48.81572
2024/10/08 04:38:00,NOAA-21,Brasil,SÃO PAULO,BARRETOS,Cerrado,61,0.0,1.0,22.1,-20.41298,-48.81973
2024/10/08 04:38:00,NOAA-21,Brasil,SÃO PAULO,BARRETOS,Cerrado,63,0.0,1.0,22.1,-20.41241,-48.82374
2024/10/08 04:38:00,NOAA-21,Brasil,SÃO PAULO,BARRETOS,Cerrado,64,0.0,1.0,2.4,-20.41183,-48.82775
2024/10/08 04:38:00,NOAA-21,Brasil,SÃO PAULO,BARRETOS,Cerrado,59,0.0,1.0,5.0,-20.41068,-48.81115
2024/10/08 04:38:00,NOAA-21,Brasil,SÃO PAULO,BARRETOS,Cerrado,60,0.0,1.0,5.0,-20.41011,-48.81516
2024/10/08 04:38:00,NOAA-21,Brasil,SÃO PAULO,BARRETOS,Cerrado,62,0.0,1.0,21.2,-20.40953,-48.81917
2024/10/08 04:38:00,NOAA-21,Brasil,SÃO PAULO,BARRETOS,Cerrado,64,0.0,1.0,21.2,-20.40895,-48.82318
2024/10/08 04:38:00,NOAA-21,Brasil,SÃO PAULO,BARRETOS,Cerrado,66,0.0,1.0,244.0,-20.40837,-48.82719
2024/10/08 04:38:00,NOAA-21,Brasil,SÃO PAULO,BARRETOS,Cerrado,58,0.0,1.0,3.3,-20.40781,-48.80656
2024/10/08 04:38:00,NOAA-21,Brasil,SÃO PAULO,BARRETOS,Cerrado,60,0.0,1.0,5.0,-20.40723,-48.81057
2024/10/08 04:38:00,NOAA-21,Brasil,SÃO PAULO,BARRETOS,Cerrado,62,0.0,1.0,5.0,-20.40665,-48.81459
2024/10/08 04:38:00,NOAA-21,Brasil,SÃO PAULO,BARRETOS,Cerrado,64,0.0,1.0,21.2,-20.40607,-48.81861
2024/10/08 04:38:00,NOAA-21,Brasil,SÃO PAULO,BARRETOS,Cerrado,66,0.0,1.0,21.2,-20.40549,-48.82264
2024/10/08 04:38:00,NOAA-21,Brasil,SÃO PAULO,BARRETOS,Cerrado,68,0.0,1.0,244.0,-20.40492,-48.82664
2024/10/08 04:38:00,NOAA-21,Brasil,SÃO PAULO,BARRETOS,Cerrado,59,0.0,1.0,2.6,-20.40435,-48.80599
2024/10/08 04:38:00,NOAA-21,Brasil,SÃO PAULO,BARRETOS,Cerrado,61,0.0,1.0,3.0,-20.40377,-48.81
2024/10/08 04:38:00,NOAA-21,Brasil,SÃO PAULO,BARRETOS,Cerrado,63,0.0,1.0,3.0,-20.4032,-48.81402
2024/10/08 04:38:00,NOAA-21,Brasil,SÃO PAULO,BARRETOS,Cerrado,52,0.0,1.0,2.5,-20.4032,-48.78934
2024/10/08 04:38:00,NOAA-21,Brasil,SÃO PAULO,BARRETOS,Cerrado,54,0.0,1.0,2.8,-20.40263,-48.79335
2024/10/08 04:38:00,NOAA-21,Brasil,SÃO PAULO,BARRETOS,Cerrado,65,0.0,1.0,7.9,-20.40262,-48.81805
2024/10/08 04:38:00,NOAA-21,Brasil,SÃO PAULO,BARRETOS,Cerrado,67,0.0,1.0,7.9,-20.40204,-48.82207
2024/10/08 04:38:00,NOAA-21,Brasil,SÃO PAULO,BARRETOS,Cerrado,69,0.0,1.0,7.2,-20.40146,-48.82609
2024/10/08 04:38:00,NOAA-21,Brasil,SÃO PAULO,BARRETOS,Cerrado,60,0.0,1.0,2.6,-20.40089,-48.80542
2024/10/08 04:38:00,NOAA-21,Brasil,SÃO PAULO,BARRETOS,Cerrado,71,0.0,1.0,7.2,-20.40088,-48.8301
2024/10/08 04:38:00,NOAA-21,Brasil,SÃO PAULO,BARRETOS,Cerrado,62,0.0,1.0,3.0,-20.40032,-48.80943
2024/10/08 04:38:00,NOAA-21,Brasil,SÃO PAULO,BARRETOS,Cerrado,64,0.0,1.0,3.0,-20.39974,-48.81344
2024/10/08 04:38:00,NOAA-21,Brasil,SÃO PAULO,BARRETOS,Cerrado,66,0.0,1.0,7.9,-20.39916,-48.81747
2024/10/08 04:38:00,NOAA-21,Brasil,SÃO PAULO,BARRETOS,Cerrado,83,0.0,1.0,3.9,-20.38592,-48.83583
2024/10/08 04:38:00,NOAA-21,Brasil,SÃO PAULO,BARRETOS,Cerrado,81,0.0,1.0,3.9,-20.3865,-48.83182
2024/10/08 04:38:00,NOAA-21,Brasil,SÃO PAULO,BARRETOS,Cerrado,87,0.0,1.0,7.1,-20.38823,-48.84441
2024/10/08 04:38:00,NOAA-21,Brasil,SÃO PAULO,BARRETOS,Cerrado,84,0.0,1.0,7.1,-20.3888,-48.84041
2024/10/08 04:38:00,NOAA-21,Brasil,SÃO PAULO,BARRETOS,Cerrado,82,0.0,1.0,5.9,-20.38938,-48.83641
2024/10/08 04:38:00,NOAA-21,Brasil,SÃO PAULO,BARRETOS,Cerrado,79,0.0,1.0,5.9,-20.38995,-48.8324
2024/10/08 04:38:00,NOAA-21,Brasil,SÃO PAULO,BARRETOS,Cerrado,88,0.0,1.0,12.0,-20.3911,-48.84898
2024/10/08 04:38:00,NOAA-21,Brasil,SÃO PAULO,BARRETOS,Cerrado,85,0.0,1.0,7.1,-20.39168,-48.84497
2024/10/08 04:38:00,NOAA-21,Brasil,SÃO PAULO,BARRETOS,Cerrado,82,0.0,1.0,7.1,-20.39225,-48.84098
2024/10/08 04:38:00,NOAA-21,Brasil,SÃO PAULO,BARRETOS,Cerrado,69,0.0,1.0,7.9,-20.39859,-48.8215
2024/10/08 04:38:00,NOAA-21,Brasil,SÃO PAULO,BARRETOS,Cerrado,56,0.0,1.0,1.3,-20.39859,-48.79681
2024/10/08 04:38:00,NOAA-21,Brasil,SÃO PAULO,BARRETOS,Cerrado,58,0.0,1.0,1.8,-20.39802,-48.80084
2024/10/08 04:38:00,NOAA-21,Brasil,SÃO PAULO,BARRETOS,Cerrado,71,0.0,1.0,7.2,-20.39801,-48.82553
2024/10/08 04:38:00,NOAA-21,Brasil,SÃO PAULO,BARRETOS,Cerrado,61,0.0,1.0,1.8,-20.39744,-48.80486
2024/10/08 04:38:00,NOAA-21,Brasil,SÃO PAULO,BARRETOS,Cerrado,63,0.0,1.0,5.2,-20.39686,-48.80886
2024/10/08 04:38:00,NOAA-21,Brasil,SÃO PAULO,BARRETOS,Cerrado,46,0.0,1.0,2.8,-20.44067,-48.79955
2024/10/08 04:38:00,NOAA-21,Brasil,SÃO PAULO,BARRETOS,Cerrado,54,0.0,1.0,2.8,-20.42163,-48.80883
2024/10/08 04:38:00,NOAA-21,Brasil,SÃO PAULO,BARRETOS,Cerrado,55,0.0,1.0,6.1,-20.42105,-48.81284
2024/10/08 04:38:00,NOAA-21,Brasil,SÃO PAULO,BARRETOS,Cerrado,57,0.0,1.0,6.1,-20.42047,-48.81686
2024/10/08 04:38:00,NOAA-21,Brasil,SÃO PAULO,BARRETOS,Cerrado,58,0.0,1.0,3.8,-20.41989,-48.82089
2024/10/08 04:38:00,NOAA-21,Brasil,SÃO PAULO,BARRETOS,Cerrado,49,0.0,1.0,2.3,-20.41761,-48.78761
2024/10/08 04:38:00,NOAA-21,Brasil,SÃO PAULO,BARRETOS,Cerrado,56,0.0,1.0,12.0,-20.41759,-48.81227
2024/10/08 04:59:00,NPP-375D,Brasil,SÃO PAULO,BARRETOS,Cerrado,68,0.0,1.0,12.1,-20.40468,-48.82606
2024/10/08 04:59:00,NPP-375D,Brasil,SÃO PAULO,BARRETOS,Cerrado,59,0.0,1.0,2.2,-20.39722,-48.80088
2024/10/08 04:59:00,NPP-375D,Brasil,SÃO PAULO,BARRETOS,Cerrado,83,0.0,1.0,42.8,-20.39714,-48.84913
2024/10/08 04:59:00,NPP-375D,Brasil,SÃO PAULO,BARRETOS,Cerrado,62,0.0,1.0,2.2,-20.39659,-48.80682
2024/10/08 04:59:00,NPP-375D,Brasil,SÃO PAULO,BARRETOS,Cerrado,65,0.0,1.0,8.7,-20.39596,-48.81271
2024/10/08 04:59:00,NPP-375D,Brasil,SÃO PAULO,BARRETOS,Cerrado,69,0.0,1.0,8.7,-20.39532,-48.81876
2024/10/08 04:59:00,NPP-375D,Brasil,SÃO PAULO,BARRETOS,Cerrado,72,0.0,1.0,13.3,-20.39467,-48.82483
2024/10/08 04:59:00,NPP-375D,Brasil,SÃO PAULO,BARRETOS,Cerrado,79,0.0,1.0,4.4,-20.3934,-48.83675
2024/10/08 04:59:00,NPP-375D,Brasil,SÃO PAULO,BARRETOS,Cerrado,83,0.0,1.0,4.4,-20.39278,-48.84258
2024/10/08 04:59:00,NPP-375D,Brasil,SÃO PAULO,BARRETOS,Cerrado,60,0.0,1.0,2.2,-20.39222,-48.80016
2024/10/08 04:59:00,NPP-375D,Brasil,SÃO PAULO,BARRETOS,Cerrado,87,0.0,1.0,15.5,-20.39215,-48.84848
2024/10/08 04:59:00,NPP-375D,Brasil,SÃO PAULO,BARRETOS,Cerrado,71,0.0,1.0,8.7,-20.39033,-48.81801
2024/10/08 04:59:00,NPP-375D,Brasil,SÃO PAULO,BARRETOS,Cerrado,74,0.0,1.0,13.3,-20.38969,-48.82403
2024/10/08 04:59:00,NPP-375D,Brasil,SÃO PAULO,BARRETOS,Cerrado,78,0.0,1.0,13.3,-20.38905,-48.83003
2024/10/08 04:59:00,NPP-375D,Brasil,SÃO PAULO,BARRETOS,Cerrado,82,0.0,1.0,4.4,-20.38842,-48.83599
2024/10/08 04:59:00,NPP-375D,Brasil,SÃO PAULO,BARRETOS,Cerrado,86,0.0,1.0,4.4,-20.38779,-48.84191
2024/10/08 04:59:00,NPP-375D,Brasil,SÃO PAULO,BARRETOS,Cerrado,65,0.0,1.0,1.7,-20.38659,-48.8054
2024/10/08 04:59:00,NPP-375D,Brasil,SÃO PAULO,BARRETOS,Mata Atlântica,44,0.0,1.0,3.8,-20.45102,-48.81953
2024/10/08 04:59:00,NPP-375D,Brasil,SÃO PAULO,BARRETOS,Cerrado,76,0.0,1.0,27.4,-20.3984,-48.83739
2024/10/08 04:59:00,NPP-375D,Brasil,SÃO PAULO,BARRETOS,Cerrado,70,0.0,1.0,12.1,-20.40404,-48.83198
2024/10/08 04:59:00,NPP-375D,Brasil,SÃO PAULO,BARRETOS,Cerrado,74,0.0,1.0,27.4,-20.40341,-48.83793
2024/10/08 04:59:00,NPP-375D,Brasil,SÃO PAULO,BARRETOS,Cerrado,77,0.0,1.0,27.4,-20.40277,-48.84388
2024/10/08 04:59:00,NPP-375D,Brasil,SÃO PAULO,BARRETOS,Cerrado,64,0.0,1.0,5.1,-20.40096,-48.81341
2024/10/08 04:59:00,NPP-375D,Brasil,SÃO PAULO,BARRETOS,Cerrado,67,0.0,1.0,5.1,-20.40031,-48.81947
2024/10/08 04:59:00,NPP-375D,Brasil,SÃO PAULO,BARRETOS,Cerrado,70,0.0,1.0,12.1,-20.39967,-48.82548
2024/10/08 04:59:00,NPP-375D,Brasil,SÃO PAULO,BARRETOS,Cerrado,73,0.0,1.0,12.1,-20.39903,-48.83146
2024/10/08 04:59:00,NPP-375D,Brasil,SÃO PAULO,BARRETOS,Cerrado,62,0.0,1.0,10.8,-20.41032,-48.82071
2024/10/08 04:59:00,NPP-375D,Brasil,SÃO PAULO,BARRETOS,Cerrado,65,0.0,1.0,7.9,-20.40968,-48.82665
2024/10/08 04:59:00,NPP-375D,Brasil,SÃO PAULO,BARRETOS,Cerrado,68,0.0,1.0,7.9,-20.40904,-48.83265
2024/10/08 04:59:00,NPP-375D,Brasil,SÃO PAULO,BARRETOS,Cerrado,62,0.0,1.0,5.1,-20.40596,-48.8141
2024/10/08 04:59:00,NPP-375D,Brasil,SÃO PAULO,BARRETOS,Cerrado,31,0.0,1.0,1.0,-20.57639,-48.49593
2024/10/08 04:59:00,NPP-375D,Brasil,SÃO PAULO,BARRETOS,Cerrado,61,0.0,1.0,4.9,-20.4016,-48.80746
2024/10/08 04:59:00,NPP-375D,Brasil,SÃO PAULO,BARRETOS,Cerrado,56,0.0,1.0,4.9,-20.4166,-48.80946
2024/10/08 04:59:00,NPP-375D,Brasil,SÃO PAULO,BARRETOS,Cerrado,58,0.0,1.0,10.8,-20.41596,-48.81542
2024/10/08 04:59:00,NPP-375D,Brasil,SÃO PAULO,BARRETOS,Cerrado,60,0.0,1.0,10.8,-20.41532,-48.82137
2024/10/08 04:59:00,NPP-375D,Brasil,SÃO PAULO,BARRETOS,Cerrado,56,0.0,1.0,3.1,-20.42096,-48.8161
2024/10/08 04:59:00,NPP-375D,Brasil,SÃO PAULO,BARRETOS,Cerrado,60,0.0,1.0,10.8,-20.41096,-48.81476
2024/10/08 04:59:00,NPP-375D,Brasil,SÃO PAULO,BARRETOS,Cerrado,65,0.0,1.0,5.1,-20.40531,-48.82014
2024/10/08 04:59:00,NPP-375D,Brasil,SÃO PAULO,BARRETOS,Cerrado,80,0.0,1.0,27.4,-20.39777,-48.84323
2024/10/08 05:36:00,AQUA_M-M,Brasil,SÃO PAULO,BARRETOS,Cerrado,49,0.0,1.0,25.1,-20.40861,-48.78571
2024/10/08 05:36:00,AQUA_M-M,Brasil,SÃO PAULO,BARRETOS,Cerrado,57,0.0,1.0,59.7,-20.41549,-48.81141
2024/10/08 05:36:00,AQUA_M-M,Brasil,SÃO PAULO,BARRETOS,Cerrado,53,0.0,1.0,18.3,-20.4255,-48.81291
2024/10/08 05:36:00,AQUA_M-M,Brasil,SÃO PAULO,BARRETOS,Cerrado,72,0.0,1.0,37.7,-20.40232,-48.83416
2024/10/08 05:36:00,AQUA_M-M,Brasil,SÃO PAULO,BARRETOS,Cerrado,66,0.0,1.0,26.0,-20.40389,-48.8221
2024/10/08 05:36:00,AQUA_M-M,Brasil,SÃO PAULO,BARRETOS,Cerrado,60,0.0,1.0,16.4,-20.40547,-48.80996
2024/10/08 05:36:00,AQUA_M-M,Brasil,SÃO PAULO,BARRETOS,Cerrado,62,0.0,1.0,73.8,-20.41391,-48.82351
2024/10/08 05:36:00,AQUA_M-M,Brasil,SÃO PAULO,BARRETOS,Cerrado,78,0.0,1.0,16.6,-20.39231,-48.83277
2024/10/08 05:36:00,AQUA_M-M,Brasil,SÃO PAULO,BARRETOS,Cerrado,70,0.0,1.0,44.5,-20.39388,-48.82061
2024/10/08 05:36:00,AQUA_M-M,Brasil,SÃO PAULO,BARRETOS,Cerrado,79,0.0,1.0,30.9,-20.40076,-48.84622
2024/10/08 11:46:59,GOES-16,Brasil,SÃO PAULO,BARRETOS,Cerrado,65,0.0,1.0,113.2,-20.3935,-48.8096
2024/10/08 13:01:00,TERRA_M-T,Brasil,SÃO PAULO,BARRETOS,Cerrado,72,0.0,1.0,41.9,-20.40046,-48.83097
2024/10/08 13:01:00,TERRA_M-T,Brasil,SÃO PAULO,BARRETOS,Mata Atlântica,44,0.0,1.0,46.2,-20.44869,-48.81292
2024/10/08 13:01:00,TERRA_M-T,Brasil,SÃO PAULO,BARRETOS,Mata Atlântica,41,0.0,1.0,121.0,-20.45981,-48.81425
2024/10/08 16:13:00,NOAA-20,Brasil,SÃO PAULO,BARRETOS,Cerrado,69,0.0,1.0,12.9,-20.4075,-48.83399
2024/10/08 16:13:00,NOAA-20,Brasil,SÃO PAULO,BARRETOS,Cerrado,49,0.0,1.0,34.2,-20.4384,-48.81968
2024/10/08 16:13:00,NOAA-20,Brasil,SÃO PAULO,BARRETOS,Cerrado,49,0.0,1.0,34.2,-20.43804,-48.81609
2024/10/08 16:13:00,NOAA-20,Brasil,SÃO PAULO,BARRETOS,Cerrado,48,0.0,1.0,14.3,-20.43768,-48.81251
2024/10/08 16:13:00,NOAA-20,Brasil,SÃO PAULO,BARRETOS,Cerrado,47,0.0,1.0,15.0,-20.43629,-48.79857
2024/10/08 16:13:00,NOAA-20,Brasil,SÃO PAULO,BARRETOS,Cerrado,52,0.0,1.0,30.8,-20.43342,-48.82371
2024/10/08 16:13:00,NOAA-20,Brasil,SÃO PAULO,BARRETOS,Cerrado,52,0.0,1.0,34.2,-20.43307,-48.82018
2024/10/08 16:13:00,NOAA-20,Brasil,SÃO PAULO,BARRETOS,Cerrado,50,0.0,1.0,37.5,-20.39171,-48.78254
2024/10/08 16:13:00,NOAA-20,Brasil,SÃO PAULO,BARRETOS,Cerrado,46,0.0,1.0,26.1,-20.42918,-48.78132
2024/10/08 16:13:00,NOAA-20,Brasil,SÃO PAULO,BARRETOS,Cerrado,45,0.0,1.0,13.7,-20.42883,-48.77784
2024/10/08 16:13:00,NOAA-20,Brasil,SÃO PAULO,BARRETOS,Cerrado,54,0.0,1.0,20.4,-20.42773,-48.82072
2024/10/08 16:13:00,NOAA-20,Brasil,SÃO PAULO,BARRETOS,Cerrado,58,0.0,1.0,73.7,-20.42276,-48.82489
2024/10/08 16:13:00,NOAA-20,Brasil,SÃO PAULO,BARRETOS,Cerrado,57,0.0,1.0,20.4,-20.42242,-48.8214
2024/10/08 16:13:00,NOAA-20,Brasil,SÃO PAULO,BARRETOS,Cerrado,45,0.0,1.0,6.8,-20.41257,-48.77632
2024/10/08 16:13:00,NOAA-20,Brasil,SÃO PAULO,BARRETOS,Cerrado,44,0.0,1.0,10.2,-20.41222,-48.77279
2024/10/08 16:13:00,NOAA-20,Brasil,SÃO PAULO,BARRETOS,Cerrado,64,0.0,1.0,10.9,-20.41214,-48.82637
2024/10/08 16:13:00,NOAA-20,Brasil,SÃO PAULO,BARRETOS,Cerrado,46,0.0,1.0,6.8,-20.40727,-48.77703
2024/10/08 16:13:00,NOAA-20,Brasil,SÃO PAULO,BARRETOS,Cerrado,43,0.0,1.0,10.2,-20.40658,-48.76997
2024/10/08 16:13:00,NOAA-20,Brasil,SÃO PAULO,BARRETOS,Cerrado,42,0.0,1.0,5.6,-20.40623,-48.76643
2024/10/08 16:13:00,NOAA-20,Brasil,SÃO PAULO,BARRETOS,Cerrado,50,0.0,1.0,14.6,-20.40267,-48.78477
2024/10/08 16:13:00,NOAA-20,Brasil,SÃO PAULO,BARRETOS,Cerrado,48,0.0,1.0,18.4,-20.40232,-48.78123
2024/10/08 16:13:00,NOAA-20,Brasil,SÃO PAULO,BARRETOS,Cerrado,47,0.0,1.0,18.4,-20.40197,-48.77771
2024/10/08 16:13:00,NOAA-20,Brasil,SÃO PAULO,BARRETOS,Cerrado,45,0.0,1.0,17.0,-20.40163,-48.77421
2024/10/08 16:13:00,NOAA-20,Brasil,SÃO PAULO,BARRETOS,Cerrado,43,0.0,1.0,17.0,-20.40129,-48.77071
2024/10/08 16:13:00,NOAA-20,Brasil,SÃO PAULO,BARRETOS,Cerrado,42,0.0,1.0,28.2,-20.40094,-48.76717
2024/10/08 16:13:00,NOAA-20,Brasil,SÃO PAULO,BARRETOS,Cerrado,53,0.0,1.0,14.6,-20.3977,-48.78888
2024/10/08 16:13:00,NOAA-20,Brasil,SÃO PAULO,BARRETOS,Cerrado,51,0.0,1.0,14.6,-20.39735,-48.78534
2024/10/08 16:13:00,NOAA-20,Brasil,SÃO PAULO,BARRETOS,Cerrado,49,0.0,1.0,18.4,-20.39701,-48.78182
2024/10/08 16:13:00,NOAA-20,Brasil,SÃO PAULO,BARRETOS,Cerrado,47,0.0,1.0,18.4,-20.39666,-48.77833
2024/10/08 16:13:00,NOAA-20,Brasil,SÃO PAULO,BARRETOS,Cerrado,46,0.0,1.0,17.0,-20.39633,-48.77489
2024/10/08 16:13:00,NOAA-20,Brasil,SÃO PAULO,BARRETOS,Cerrado,44,0.0,1.0,17.0,-20.39599,-48.77146
2024/10/08 16:13:00,NOAA-20,Brasil,SÃO PAULO,BARRETOS,Cerrado,56,0.0,1.0,18.5,-20.39274,-48.79312
2024/10/08 16:13:00,NOAA-20,Brasil,SÃO PAULO,BARRETOS,Cerrado,54,0.0,1.0,20.6,-20.39239,-48.78956
2024/10/08 16:13:00,NOAA-20,Brasil,SÃO PAULO,BARRETOS,Cerrado,52,0.0,1.0,20.6,-20.39205,-48.78603
2024/10/08 16:13:00,NOAA-20,Brasil,SÃO PAULO,BARRETOS,Cerrado,48,0.0,1.0,37.5,-20.39137,-48.77907
2024/10/08 16:13:00,NOAA-20,Brasil,SÃO PAULO,BARRETOS,Cerrado,46,0.0,1.0,15.3,-20.39103,-48.77563
2024/10/08 16:13:00,NOAA-20,Brasil,SÃO PAULO,BARRETOS,Cerrado,44,0.0,1.0,15.3,-20.3907,-48.77221
2024/10/08 16:13:00,NOAA-20,Brasil,SÃO PAULO,BARRETOS,Mata Atlântica,49,0.0,1.0,30.8,-20.43876,-48.82324
2024/10/08 16:13:00,NOAA-20,Brasil,SÃO PAULO,BARRETOS,Mata Atlântica,43,0.0,1.0,11.0,-20.45336,-48.80782
2024/10/08 16:13:00,NOAA-20,Brasil,SÃO PAULO,BARRETOS,Mata Atlântica,44,0.0,1.0,19.1,-20.4498,-48.82594
2024/10/08 16:13:00,NOAA-20,Brasil,SÃO PAULO,BARRETOS,Mata Atlântica,46,0.0,1.0,19.1,-20.4441,-48.82274
2024/10/08 16:13:00,NOAA-20,Brasil,SÃO PAULO,BARRETOS,Mata Atlântica,46,0.0,1.0,40.8,-20.44374,-48.81917
2024/10/08 16:13:00,NOAA-20,Brasil,SÃO PAULO,BARRETOS,Mata Atlântica,46,0.0,1.0,40.8,-20.44338,-48.8156
2024/10/08 17:05:00,NOAA-21,Brasil,SÃO PAULO,BARRETOS,Mata Atlântica,44,0.0,1.0,28.3,-20.4492,-48.82679
2024/10/08 17:05:00,NOAA-21,Brasil,SÃO PAULO,BARRETOS,Cerrado,21,0.0,1.0,270.6,-20.46072,-48.66837
2024/10/08 17:05:00,NOAA-21,Brasil,SÃO PAULO,BARRETOS,Cerrado,23,0.0,1.0,8.4,-20.46585,-48.67648
2024/10/08 17:05:00,NOAA-21,Brasil,SÃO PAULO,BARRETOS,Cerrado,47,0.0,1.0,145.1,-20.38518,-48.77658
2024/10/08 17:05:00,NOAA-21,Brasil,SÃO PAULO,BARRETOS,Cerrado,50,0.0,1.0,172.1,-20.38594,-48.78093
2024/10/08 17:05:00,NOAA-21,Brasil,SÃO PAULO,BARRETOS,Cerrado,52,0.0,1.0,172.1,-20.38669,-48.78529
2024/10/08 17:05:00,NOAA-21,Brasil,SÃO PAULO,BARRETOS,Cerrado,46,0.0,1.0,122.6,-20.38877,-48.7759
2024/10/08 17:05:00,NOAA-21,Brasil,SÃO PAULO,BARRETOS,Cerrado,49,0.0,1.0,22.0,-20.38952,-48.78027
2024/10/08 17:05:00,NOAA-21,Brasil,SÃO PAULO,BARRETOS,Cerrado,51,0.0,1.0,22.0,-20.39027,-48.78461
2024/10/08 17:05:00,NOAA-21,Brasil,SÃO PAULO,BARRETOS,Cerrado,52,0.0,1.0,17.4,-20.39818,-48.78759
2024/10/08 17:05:00,NOAA-21,Brasil,SÃO PAULO,BARRETOS,Cerrado,49,0.0,1.0,32.7,-20.40101,-48.78256
2024/10/08 17:05:00,NOAA-21,Brasil,SÃO PAULO,BARRETOS,Cerrado,51,0.0,1.0,17.4,-20.40176,-48.78689
2024/10/08 17:05:00,NOAA-21,Brasil,SÃO PAULO,BARRETOS,Cerrado,43,0.0,1.0,86.5,-20.40235,-48.76886
2024/10/08 17:05:00,NOAA-21,Brasil,SÃO PAULO,BARRETOS,Cerrado,46,0.0,1.0,114.9,-20.41101,-48.77619
2024/10/08 17:05:00,NOAA-21,Brasil,SÃO PAULO,BARRETOS,Cerrado,44,0.0,1.0,48.0,-20.41385,-48.77118
2024/10/08 17:05:00,NOAA-21,Brasil,SÃO PAULO,BARRETOS,Cerrado,59,0.0,1.0,104.9,-20.41919,-48.82383
2024/10/08 17:05:00,NOAA-21,Brasil,SÃO PAULO,BARRETOS,Cerrado,60,0.0,1.0,338.9,-20.41993,-48.82817
2024/10/08 17:05:00,NOAA-21,Brasil,SÃO PAULO,BARRETOS,Cerrado,57,0.0,1.0,104.9,-20.42276,-48.82316
2024/10/08 17:05:00,NOAA-21,Brasil,SÃO PAULO,BARRETOS,Cerrado,58,0.0,1.0,338.9,-20.4235,-48.82749
2024/10/08 17:05:00,NOAA-21,Brasil,SÃO PAULO,BARRETOS,Cerrado,59,0.0,1.0,338.9,-20.42425,-48.83183
2024/10/08 17:05:00,NOAA-21,Brasil,SÃO PAULO,BARRETOS,Cerrado,55,0.0,1.0,108.9,-20.42633,-48.82248
2024/10/08 17:05:00,NOAA-21,Brasil,SÃO PAULO,BARRETOS,Cerrado,56,0.0,1.0,155.0,-20.42708,-48.82681
2024/10/08 17:05:00,NOAA-21,Brasil,SÃO PAULO,BARRETOS,Cerrado,51,0.0,1.0,11.2,-20.43347,-48.82107
2024/10/08 17:05:00,NOAA-21,Brasil,SÃO PAULO,BARRETOS,Cerrado,52,0.0,1.0,24.4,-20.43421,-48.82539
2024/10/08 17:05:00,NOAA-21,Brasil,SÃO PAULO,BARRETOS,Cerrado,50,0.0,1.0,11.2,-20.43704,-48.82035
2024/10/08 17:05:00,NOAA-21,Brasil,SÃO PAULO,BARRETOS,Cerrado,23,0.0,1.0,8.4,-20.46661,-48.68084
2024/10/08 17:05:00,NOAA-21,Brasil,SÃO PAULO,BARRETOS,Mata Atlântica,46,0.0,1.0,25.4,-20.44491,-48.82324
2024/10/08 17:05:00,NOAA-21,Brasil,SÃO PAULO,BARRETOS,Mata Atlântica,45,0.0,1.0,28.3,-20.44847,-48.8225
2024/10/08 17:05:00,NOAA-21,Brasil,SÃO PAULO,BARRETOS,Mata Atlântica,43,0.0,1.0,14.6,-20.45207,-48.80963
2024/10/08 17:05:00,NOAA-21,Brasil,SÃO PAULO,BARRETOS,Mata Atlântica,42,0.0,1.0,12.8,-20.45413,-48.8124
2024/10/08 17:05:00,NOAA-21,Brasil,SÃO PAULO,BARRETOS,Mata Atlântica,43,0.0,1.0,10.4,-20.4534,-48.80807
2024/10/08 17:05:00,NOAA-21,Brasil,SÃO PAULO,BARRETOS,Cerrado,22,0.0,1.0,270.6,-20.45789,-48.67344
2024/10/08 17:05:00,NOAA-21,Brasil,SÃO PAULO,BARRETOS,Cerrado,22,0.0,1.0,270.6,-20.46149,-48.67277
2024/10/08 17:05:00,NOAA-21,Brasil,SÃO PAULO,BARRETOS,Cerrado,23,0.0,1.0,625.9,-20.46225,-48.67714
2024/10/08 17:30:00,NPP-375,Brasil,SÃO PAULO,BARRETOS,Cerrado,48,0.0,1.0,146.0,-20.38257,-48.7784
2024/10/08 17:30:00,NPP-375,Brasil,SÃO PAULO,BARRETOS,Cerrado,44,0.0,1.0,17.5,-20.38659,-48.77245
2024/10/08 17:30:00,NPP-375,Brasil,SÃO PAULO,BARRETOS,Cerrado,45,0.0,1.0,23.1,-20.38708,-48.77387
2024/10/08 17:30:00,NPP-375,Brasil,SÃO PAULO,BARRETOS,Cerrado,47,0.0,1.0,21.2,-20.38732,-48.77583
2024/10/08 17:30:00,NPP-375,Brasil,SÃO PAULO,BARRETOS,Cerrado,47,0.0,1.0,17.6,-20.38778,-48.77727
2024/10/08 17:30:00,NPP-375,Brasil,SÃO PAULO,BARRETOS,Cerrado,48,0.0,1.0,21.2,-20.38804,-48.77922
2024/10/08 17:30:00,NPP-375,Brasil,SÃO PAULO,BARRETOS,Cerrado,49,0.0,1.0,17.6,-20.38849,-48.78064
2024/10/08 17:30:00,NPP-375,Brasil,SÃO PAULO,BARRETOS,Cerrado,50,0.0,1.0,17.3,-20.38877,-48.78257
2024/10/08 17:30:00,NPP-375,Brasil,SÃO PAULO,BARRETOS,Cerrado,51,0.0,1.0,30.4,-20.38918,-48.78399
2024/10/08 17:30:00,NPP-375,Brasil,SÃO PAULO,BARRETOS,Cerrado,52,0.0,1.0,17.3,-20.38949,-48.7859
2024/10/08 17:30:00,NPP-375,Brasil,SÃO PAULO,BARRETOS,Cerrado,70,0.0,1.0,9.6,-20.39086,-48.81818
2024/10/08 17:30:00,NPP-375,Brasil,SÃO PAULO,BARRETOS,Cerrado,53,0.0,1.0,9.0,-20.39542,-48.78815
2024/10/08 17:30:00,NPP-375,Brasil,SÃO PAULO,BARRETOS,Cerrado,54,0.0,1.0,9.0,-20.39612,-48.79141
2024/10/08 17:30:00,NPP-375,Brasil,SÃO PAULO,BARRETOS,Cerrado,50,0.0,1.0,6.5,-20.39991,-48.78367
2024/10/08 17:30:00,NPP-375,Brasil,SÃO PAULO,BARRETOS,Cerrado,50,0.0,1.0,20.6,-20.40029,-48.78505
2024/10/08 17:30:00,NPP-375,Brasil,SÃO PAULO,BARRETOS,Cerrado,52,0.0,1.0,13.7,-20.40097,-48.78834
2024/10/08 17:30:00,NPP-375,Brasil,SÃO PAULO,BARRETOS,Cerrado,53,0.0,1.0,8.0,-20.40132,-48.79023
2024/10/08 17:30:00,NPP-375,Brasil,SÃO PAULO,BARRETOS,Cerrado,43,0.0,1.0,8.9,-20.40228,-48.7693
2024/10/08 17:30:00,NPP-375,Brasil,SÃO PAULO,BARRETOS,Cerrado,47,0.0,1.0,6.5,-20.4044,-48.77922
2024/10/08 17:30:00,NPP-375,Brasil,SÃO PAULO,BARRETOS,Cerrado,71,0.0,1.0,8.9,-20.40533,-48.83428
2024/10/08 17:30:00,NPP-375,Brasil,SÃO PAULO,BARRETOS,Cerrado,71,0.0,1.0,7.9,-20.40537,-48.83579
2024/10/08 17:30:00,NPP-375,Brasil,SÃO PAULO,BARRETOS,Cerrado,42,0.0,1.0,11.7,-20.4075,-48.76824
2024/10/08 17:30:00,NPP-375,Brasil,SÃO PAULO,BARRETOS,Cerrado,45,0.0,1.0,33.5,-20.40891,-48.77483
2024/10/08 17:30:00,NPP-375,Brasil,SÃO PAULO,BARRETOS,Cerrado,46,0.0,1.0,30.3,-20.40962,-48.77813
2024/10/08 17:30:00,NPP-375,Brasil,SÃO PAULO,BARRETOS,Cerrado,66,0.0,1.0,12.2,-20.40981,-48.82983
2024/10/08 17:30:00,NPP-375,Brasil,SÃO PAULO,BARRETOS,Cerrado,67,0.0,1.0,12.1,-20.40988,-48.83133
2024/10/08 17:30:00,NPP-375,Brasil,SÃO PAULO,BARRETOS,Cerrado,67,0.0,1.0,5.2,-20.41053,-48.83319
2024/10/08 17:30:00,NPP-375,Brasil,SÃO PAULO,BARRETOS,Cerrado,43,0.0,1.0,33.5,-20.41342,-48.77044
2024/10/08 17:30:00,NPP-375,Brasil,SÃO PAULO,BARRETOS,Cerrado,62,0.0,1.0,10.6,-20.41369,-48.82353
2024/10/08 17:30:00,NPP-375,Brasil,SÃO PAULO,BARRETOS,Cerrado,45,0.0,1.0,33.5,-20.41413,-48.77375
2024/10/08 17:30:00,NPP-375,Brasil,SÃO PAULO,BARRETOS,Cerrado,46,0.0,1.0,30.3,-20.41484,-48.77705
2024/10/08 17:30:00,NPP-375,Brasil,SÃO PAULO,BARRETOS,Cerrado,59,0.0,1.0,5.1,-20.41951,-48.82436
2024/10/08 17:30:00,NPP-375,Brasil,SÃO PAULO,BARRETOS,Cerrado,56,0.0,1.0,5.1,-20.4247,-48.82327
2024/10/08 17:30:00,NPP-375,Brasil,SÃO PAULO,BARRETOS,Cerrado,57,0.0,1.0,5.1,-20.42541,-48.82658
2024/10/08 17:30:00,NPP-375,Brasil,SÃO PAULO,BARRETOS,Cerrado,45,0.0,1.0,19.8,-20.42596,-48.77814
2024/10/08 17:30:00,NPP-375,Brasil,SÃO PAULO,BARRETOS,Cerrado,46,0.0,1.0,15.5,-20.42667,-48.78146
2024/10/08 17:30:00,NPP-375,Brasil,SÃO PAULO,BARRETOS,Cerrado,47,0.0,1.0,15.5,-20.42737,-48.78476
2024/10/08 17:30:00,NPP-375,Brasil,SÃO PAULO,BARRETOS,Cerrado,51,0.0,1.0,6.0,-20.43505,-48.82084
2024/10/08 17:30:00,NPP-375,Brasil,SÃO PAULO,BARRETOS,Cerrado,51,0.0,1.0,6.0,-20.43574,-48.82411
2024/10/08 17:30:00,NPP-375,Brasil,SÃO PAULO,BARRETOS,Cerrado,53,0.0,1.0,17.5,-20.39578,-48.78954
2024/10/08 17:30:00,NPP-375,Brasil,SÃO PAULO,BARRETOS,Cerrado,120,0.0,1.0,6.0,-20.32228,-48.62159
2024/10/08 17:30:00,NPP-375,Brasil,SÃO PAULO,BARRETOS,Mata Atlântica,45,0.0,1.0,13.8,-20.44674,-48.82476
2024/10/08 17:30:00,NPP-375,Brasil,SÃO PAULO,BARRETOS,Mata Atlântica,45,0.0,1.0,13.8,-20.44742,-48.82797
2024/10/08 17:30:00,NPP-375,Brasil,SÃO PAULO,BARRETOS,Mata Atlântica,45,0.0,1.0,11.6,-20.44811,-48.83123
2024/10/08 17:30:00,NPP-375,Brasil,SÃO PAULO,BARRETOS,Mata Atlântica,43,0.0,-999.0,11.5,-20.45256,-48.82661
2024/10/08 17:30:00,NPP-375,Brasil,SÃO PAULO,BARRETOS,Mata Atlântica,42,0.0,1.0,5.1,-20.45427,-48.80901
2024/10/08 17:30:00,NPP-375,Brasil,SÃO PAULO,BARRETOS,Cerrado,17,0.0,1.0,7.8,-20.45373,-48.65101
2024/10/08 17:30:00,NPP-375,Brasil,SÃO PAULO,BARRETOS,Cerrado,18,0.0,1.0,36.3,-20.45445,-48.65443
2024/10/08 17:30:00,NPP-375,Brasil,SÃO PAULO,BARRETOS,Cerrado,19,0.0,1.0,36.3,-20.45517,-48.65785
2024/10/08 17:30:00,NPP-375,Brasil,SÃO PAULO,BARRETOS,Cerrado,19,0.0,1.0,183.0,-20.45589,-48.66131
2024/10/08 17:30:00,NPP-375,Brasil,SÃO PAULO,BARRETOS,Cerrado,21,0.0,1.0,66.1,-20.45734,-48.66818
2024/10/08 17:30:00,NPP-375,Brasil,SÃO PAULO,BARRETOS,Cerrado,22,0.0,1.0,66.1,-20.45806,-48.67161
2024/10/08 17:30:00,NPP-375,Brasil,SÃO PAULO,BARRETOS,Cerrado,17,0.0,1.0,9.6,-20.45828,-48.64653
2024/10/08 17:30:00,NPP-375,Brasil,SÃO PAULO,BARRETOS,Cerrado,23,0.0,1.0,12.4,-20.45877,-48.67501
2024/10/08 17:30:00,NPP-375,Brasil,SÃO PAULO,BARRETOS,Cerrado,17,0.0,1.0,9.6,-20.45898,-48.64989
2024/10/08 17:30:00,NPP-375,Brasil,SÃO PAULO,BARRETOS,Cerrado,23,0.0,1.0,12.4,-20.45948,-48.6784
2024/10/08 17:30:00,NPP-375,Brasil,SÃO PAULO,BARRETOS,Cerrado,17,0.0,1.0,105.7,-20.45969,-48.65326
2024/10/08 17:30:00,NPP-375,Brasil,SÃO PAULO,BARRETOS,Cerrado,18,0.0,1.0,105.7,-20.46041,-48.65671
2024/10/08 17:30:00,NPP-375,Brasil,SÃO PAULO,BARRETOS,Cerrado,19,0.0,1.0,61.6,-20.46115,-48.66022
2024/10/08 17:30:00,NPP-375,Brasil,SÃO PAULO,BARRETOS,Cerrado,20,0.0,1.0,61.6,-20.46188,-48.66371
2024/10/08 17:30:00,NPP-375,Brasil,SÃO PAULO,BARRETOS,Cerrado,21,0.0,1.0,119.7,-20.4626,-48.66716
2024/10/08 17:30:00,NPP-375,Brasil,SÃO PAULO,BARRETOS,Cerrado,21,0.0,1.0,119.7,-20.46332,-48.67059
2024/10/08 17:30:00,NPP-375,Brasil,SÃO PAULO,BARRETOS,Cerrado,18,0.0,1.0,9.6,-20.46355,-48.64553
2024/10/08 17:30:00,NPP-375,Brasil,SÃO PAULO,BARRETOS,Cerrado,22,0.0,1.0,54.7,-20.46403,-48.67396
2024/10/08 17:30:00,NPP-375,Brasil,SÃO PAULO,BARRETOS,Cerrado,17,0.0,1.0,9.6,-20.46424,-48.64885
2024/10/08 17:30:00,NPP-375,Brasil,SÃO PAULO,BARRETOS,Cerrado,23,0.0,1.0,54.7,-20.46473,-48.6773
2024/10/08 17:30:00,NPP-375,Brasil,SÃO PAULO,BARRETOS,Cerrado,17,0.0,1.0,105.7,-20.46494,-48.65215
2024/10/08 17:30:00,NPP-375,Brasil,SÃO PAULO,BARRETOS,Cerrado,18,0.0,1.0,105.7,-20.46565,-48.65554
2024/10/08 17:30:00,NPP-375,Brasil,SÃO PAULO,BARRETOS,Cerrado,19,0.0,1.0,61.6,-20.46638,-48.65906
2024/10/08 17:30:00,NPP-375,Brasil,SÃO PAULO,BARRETOS,Cerrado,19,0.0,1.0,61.6,-20.46712,-48.66256
2024/10/08 17:30:00,NPP-375,Brasil,SÃO PAULO,BARRETOS,Cerrado,20,0.0,1.0,119.7,-20.46785,-48.66605
2024/10/08 17:30:00,NPP-375,Brasil,SÃO PAULO,BARRETOS,Cerrado,17,0.0,1.0,14.8,-20.46843,-48.64925
2024/10/08 17:30:00,NPP-375,Brasil,SÃO PAULO,BARRETOS,Cerrado,21,0.0,1.0,119.7,-20.46857,-48.66952
2024/10/08 17:30:00,NPP-375,Brasil,SÃO PAULO,BARRETOS,Cerrado,17,0.0,1.0,14.8,-20.46914,-48.65254
2024/10/08 17:30:00,NPP-375,Brasil,SÃO PAULO,BARRETOS,Cerrado,21,0.0,1.0,54.7,-20.46928,-48.67292
2024/10/08 17:30:00,NPP-375,Brasil,SÃO PAULO,BARRETOS,Cerrado,18,0.0,1.0,65.1,-20.46988,-48.65592
2024/10/08 17:30:00,NPP-375,Brasil,SÃO PAULO,BARRETOS,Cerrado,22,0.0,1.0,54.7,-20.46998,-48.67625
2024/10/08 17:30:00,NPP-375,Brasil,SÃO PAULO,BARRETOS,Cerrado,17,0.0,1.0,20.5,-20.47019,-48.65105
2024/10/08 17:30:00,NPP-375,Brasil,SÃO PAULO,BARRETOS,Cerrado,19,0.0,1.0,65.1,-20.47063,-48.65942
2024/10/08 17:30:00,NPP-375,Brasil,SÃO PAULO,BARRETOS,Cerrado,17,0.0,1.0,20.5,-20.47089,-48.6544
2024/10/08 17:30:00,NPP-375,Brasil,SÃO PAULO,BARRETOS,Cerrado,19,0.0,1.0,69.5,-20.47139,-48.66291
2024/10/08 17:30:00,NPP-375,Brasil,SÃO PAULO,BARRETOS,Cerrado,18,0.0,1.0,99.9,-20.47161,-48.65786
2024/10/08 17:30:00,NPP-375,Brasil,SÃO PAULO,BARRETOS,Cerrado,20,0.0,1.0,69.5,-20.47214,-48.66639
2024/10/08 17:30:00,NPP-375,Brasil,SÃO PAULO,BARRETOS,Cerrado,19,0.0,1.0,99.9,-20.47234,-48.66135
2024/10/08 17:30:00,NPP-375,Brasil,SÃO PAULO,BARRETOS,Cerrado,21,0.0,1.0,28.1,-20.47289,-48.66985
2024/10/08 17:30:00,NPP-375,Brasil,SÃO PAULO,BARRETOS,Cerrado,20,0.0,1.0,67.5,-20.47307,-48.66483
2024/10/08 17:30:00,NPP-375,Brasil,SÃO PAULO,BARRETOS,Cerrado,21,0.0,1.0,28.1,-20.47362,-48.67323
2024/10/08 17:30:00,NPP-375,Brasil,SÃO PAULO,BARRETOS,Cerrado,20,0.0,1.0,67.5,-20.4738,-48.66832
2024/10/08 17:30:00,NPP-375,Brasil,SÃO PAULO,BARRETOS,Cerrado,21,0.0,1.0,15.3,-20.47451,-48.67176
2024/10/08 17:30:00,NPP-375,Brasil,SÃO PAULO,BARRETOS,Cerrado,18,0.0,1.0,65.1,-20.47586,-48.65821
2024/10/08 17:30:00,NPP-375,Brasil,SÃO PAULO,BARRETOS,Cerrado,19,0.0,1.0,69.5,-20.4766,-48.66163
2024/10/08 17:30:00,NPP-375,Brasil,SÃO PAULO,BARRETOS,Cerrado,19,0.0,1.0,69.5,-20.47735,-48.6651
2024/10/08 17:30:00,NPP-375,Brasil,SÃO PAULO,BARRETOS,Cerrado,32,0.0,1.0,6.4,-20.57658,-48.49246
2024/10/08 17:30:00,NPP-375,Brasil,SÃO PAULO,BARRETOS,Cerrado,51,0.0,1.0,8.0,-20.40061,-48.78696
2024/10/08 17:30:00,NPP-375,Brasil,SÃO PAULO,BARRETOS,Cerrado,48,0.0,1.0,6.5,-20.3992,-48.78039
2024/10/08 17:43:00,AQUA_M-T,Brasil,SÃO PAULO,BARRETOS,Cerrado,23,0.0,1.0,410.4,-20.455,-48.67479
2024/10/08 17:43:00,AQUA_M-T,Brasil,SÃO PAULO,BARRETOS,Cerrado,53,0.0,1.0,23.8,-20.43074,-48.8244
2024/10/08 17:43:00,AQUA_M-T,Brasil,SÃO PAULO,BARRETOS,Cerrado,58,0.0,1.0,44.0,-20.42182,-48.82586
2024/10/08 17:43:00,AQUA_M-T,Brasil,SÃO PAULO,BARRETOS,Cerrado,51,0.0,1.0,37.4,-20.40753,-48.78928
2024/10/08 17:43:00,AQUA_M-T,Brasil,SÃO PAULO,BARRETOS,Cerrado,68,0.0,1.0,13.4,-20.40316,-48.82491
2024/10/08 17:43:00,AQUA_M-T,Brasil,SÃO PAULO,BARRETOS,Cerrado,54,0.0,1.0,19.8,-20.38882,-48.78836
2024/10/08 17:43:00,AQUA_M-T,Brasil,SÃO PAULO,BARRETOS,Cerrado,19,0.0,1.0,14.6,-20.47143,-48.66239
2024/10/08 17:43:00,AQUA_M-T,Brasil,SÃO PAULO,BARRETOS,Cerrado,22,0.0,1.0,278.7,-20.46389,-48.67332
2024/10/08 17:43:00,AQUA_M-T,Brasil,SÃO PAULO,BARRETOS,Cerrado,20,0.0,1.0,626.0,-20.46253,-48.66385
2024/10/08 17:43:00,AQUA_M-T,Brasil,SÃO PAULO,BARRETOS,Cerrado,18,0.0,1.0,41.1,-20.46118,-48.6544
2024/10/08 17:43:00,AQUA_M-T,Brasil,SÃO PAULO,BARRETOS,Cerrado,21,0.0,1.0,359.5,-20.45364,-48.66532
2024/10/08 17:43:00,AQUA_M-T,Brasil,SÃO PAULO,BARRETOS,Cerrado,19,0.0,1.0,88.8,-20.45229,-48.65585
2024/10/08 17:43:00,AQUA_M-T,Brasil,SÃO PAULO,BARRETOS,Cerrado,28,0.0,1.0,28.5,-20.44745,-48.68569
2024/10/08 17:43:00,AQUA_M-T,Brasil,SÃO PAULO,BARRETOS,Cerrado,27,0.0,1.0,71.6,-20.4461,-48.67622
2024/10/08 17:43:00,AQUA_M-T,Brasil,SÃO PAULO,BARRETOS,Cerrado,25,0.0,1.0,82.4,-20.44474,-48.66676
2024/10/08 17:43:00,AQUA_M-T,Brasil,SÃO PAULO,BARRETOS,Cerrado,25,0.0,1.0,62.4,-20.44339,-48.65729
2024/10/08 17:43:00,AQUA_M-T,Brasil,SÃO PAULO,BARRETOS,Cerrado,54,0.0,1.0,76.0,-20.43209,-48.83393
2024/10/08 21:03:28,MSG-03,Brasil,SÃO PAULO,BARRETOS,Cerrado,45,0.0,1.0,,-20.43,-48.78
2024/10/08 21:03:28,MSG-03,Brasil,SÃO PAULO,BARRETOS,Cerrado,57,0.0,1.0,,-20.43,-48.84
2024/10/08 22:16:59,GOES-16,Brasil,SÃO PAULO,BARRETOS,Cerrado,46,0.0,1.0,105.7,-20.396,-48.7172
2024/10/08 22:16:59,GOES-16,Brasil,SÃO PAULO,BARRETOS,Cerrado,47,0.0,1.0,538.1,-20.3755,-48.7217
2024/10/08 22:16:59,GOES-16,Brasil,SÃO PAULO,BARRETOS,Cerrado,62,0.0,1.0,248.4,-20.3761,-48.6986
2024/10/08 22:36:59,GOES-16,Brasil,SÃO PAULO,BARRETOS,Cerrado,47,0.0,1.0,838.8,-20.3755,-48.7217
2024/10/08 22:36:59,GOES-16,Brasil,SÃO PAULO,BARRETOS,Cerrado,62,0.0,1.0,268.4,-20.3761,-48.6986
2024/10/08 23:26:59,GOES-16,Brasil,SÃO PAULO,BARRETOS,Cerrado,47,0.0,1.0,567.8,-20.3755,-48.7217
2024/10/08 23:26:59,GOES-16,Brasil,SÃO PAULO,BARRETOS,Cerrado,62,0.0,1.0,180.0,-20.3761,-48.6986
2024/10/08 23:36:59,GOES-16,Brasil,SÃO PAULO,BARRETOS,Cerrado,62,0.0,1.0,155.4,-20.3761,-48.6986
2024/10/08 23:36:59,GOES-16,Brasil,SÃO PAULO,BARRETOS,Cerrado,47,0.0,1.0,542.7,-20.3755,-48.7217
2024/10/09 00:16:59,GOES-16,Brasil,SÃO PAULO,BARRETOS,Cerrado,64,0.1,1.0,105.0,-20.4133,-48.8282
2024/10/09 00:26:59,GOES-16,Brasil,SÃO PAULO,BARRETOS,Cerrado,48,0.0,1.0,212.6,-20.3755,-48.7217
2024/10/09 00:26:59,GOES-16,Brasil,SÃO PAULO,BARRETOS,Cerrado,62,0.0,1.0,130.2,-20.3761,-48.6986
2024/10/09 00:37:43,METOP-C,Brasil,SÃO PAULO,BARRETOS,Mata Atlântica,44,0.1,-999.0,,-20.453899383544922,-48.832401275634766
2024/10/09 00:37:43,METOP-C,Brasil,SÃO PAULO,BARRETOS,Mata Atlântica,48,0.1,1.0,,-20.44420051574707,-48.83440017700195
2024/10/09 00:37:43,METOP-C,Brasil,SÃO PAULO,BARRETOS,Mata Atlântica,48,0.1,1.0,,-20.442100524902344,-48.82310104370117
2024/10/09 00:37:43,METOP-C,Brasil,SÃO PAULO,BARRETOS,Mata Atlântica,44,0.1,1.0,,-20.451799392700195,-48.82109832763672
2024/10/09 00:37:44,METOP-C,Brasil,SÃO PAULO,BARRETOS,Cerrado,58,0.0,1.0,,-20.360000610351562,-48.71200180053711
2024/10/09 00:37:44,METOP-C,Brasil,SÃO PAULO,BARRETOS,Cerrado,57,0.0,1.0,,-20.369699478149414,-48.70989990234375
2024/10/09 00:37:44,METOP-C,Brasil,SÃO PAULO,BARRETOS,Cerrado,49,0.0,1.0,,-20.37179946899414,-48.72100067138672
2024/10/09 00:37:44,METOP-C,Brasil,SÃO PAULO,BARRETOS,Cerrado,67,0.06,1.0,,-20.400800704956055,-48.81990051269531
2024/10/09 00:37:44,METOP-C,Brasil,SÃO PAULO,BARRETOS,Cerrado,71,0.1,1.0,,-20.402999877929688,-48.831199645996094
2024/10/09 00:37:44,METOP-C,Brasil,SÃO PAULO,BARRETOS,Cerrado,75,0.1,1.0,,-20.405099868774414,-48.84260177612305
2024/10/09 00:46:59,GOES-16,Brasil,SÃO PAULO,BARRETOS,Cerrado,48,0.0,1.0,186.0,-20.3755,-48.7217
2024/10/09 00:46:59,GOES-16,Brasil,SÃO PAULO,BARRETOS,Cerrado,64,0.1,1.0,109.2,-20.4133,-48.8282
2024/10/09 00:46:59,GOES-16,Brasil,SÃO PAULO,BARRETOS,Cerrado,62,0.0,1.0,134.4,-20.3761,-48.6986
2024/10/09 00:56:59,GOES-16,Brasil,SÃO PAULO,BARRETOS,Cerrado,64,0.1,1.0,122.5,-20.4133,-48.8282
2024/10/09 00:56:59,GOES-16,Brasil,SÃO PAULO,BARRETOS,Cerrado,62,0.0,1.0,131.7,-20.3761,-48.6986
2024/10/09 00:56:59,GOES-16,Brasil,SÃO PAULO,BARRETOS,Cerrado,48,0.0,1.0,169.4,-20.3755,-48.7217
2024/10/09 01:06:59,GOES-16,Brasil,SÃO PAULO,BARRETOS,Cerrado,48,0.0,1.0,136.1,-20.3755,-48.7217
2024/10/09 01:06:59,GOES-16,Brasil,SÃO PAULO,BARRETOS,Cerrado,64,0.1,1.0,98.7,-20.4133,-48.8282
2024/10/09 01:11:00,TERRA_M-M,Brasil,SÃO PAULO,BARRETOS,Cerrado,73,0.1,1.0,53.9,-20.40459,-48.8377
2024/10/09 01:11:00,TERRA_M-M,Brasil,SÃO PAULO,BARRETOS,Cerrado,54,0.0,1.0,38.8,-20.36839,-48.71499
2024/10/09 01:11:00,TERRA_M-M,Brasil,SÃO PAULO,BARRETOS,Cerrado,76,0.1,1.0,22.2,-20.40599,-48.84735
2024/10/09 01:11:00,TERRA_M-M,Brasil,SÃO PAULO,BARRETOS,Cerrado,46,0.0,1.0,19.2,-20.3698,-48.72467
2024/10/09 01:16:59,GOES-16,Brasil,SÃO PAULO,BARRETOS,Cerrado,62,0.0,1.0,106.4,-20.3761,-48.6986
2024/10/09 01:16:59,GOES-16,Brasil,SÃO PAULO,BARRETOS,Cerrado,48,0.0,1.0,139.0,-20.3755,-48.7217
2024/10/09 01:23:26,METOP-B,Brasil,SÃO PAULO,BARRETOS,Cerrado,71,0.0,1.0,,-20.390899658203125,-48.818199157714844
2024/10/09 01:23:26,METOP-B,Brasil,SÃO PAULO,BARRETOS,Cerrado,48,0.1,1.0,,-20.438899993896484,-48.803199768066406
2024/10/09 01:23:26,METOP-B,Brasil,SÃO PAULO,BARRETOS,Cerrado,65,0.03,1.0,,-20.40049934387207,-48.81520080566406
2024/10/09 01:26:59,GOES-16,Brasil,SÃO PAULO,BARRETOS,Cerrado,48,0.0,1.0,147.1,-20.3755,-48.7217
2024/10/09 01:26:59,GOES-16,Brasil,SÃO PAULO,BARRETOS,Cerrado,62,0.0,1.0,111.9,-20.3761,-48.6986
2024/10/09 01:36:59,GOES-16,Brasil,SÃO PAULO,BARRETOS,Cerrado,62,0.0,1.0,108.3,-20.3761,-48.6986
2024/10/09 01:36:59,GOES-16,Brasil,SÃO PAULO,BARRETOS,Cerrado,48,0.0,1.0,148.3,-20.3755,-48.7217
2024/10/09 01:46:59,GOES-16,Brasil,SÃO PAULO,BARRETOS,Cerrado,62,0.0,1.0,239.3,-20.3761,-48.6986
2024/10/09 01:46:59,GOES-16,Brasil,SÃO PAULO,BARRETOS,Cerrado,48,0.0,1.0,237.5,-20.3755,-48.7217
2024/10/09 01:56:59,GOES-16,Brasil,SÃO PAULO,BARRETOS,Cerrado,48,0.0,1.0,119.8,-20.3755,-48.7217
2024/10/09 01:56:59,GOES-16,Brasil,SÃO PAULO,BARRETOS,Cerrado,62,0.0,1.0,94.4,-20.3761,-48.6986
2024/10/09 02:06:59,GOES-16,Brasil,SÃO PAULO,BARRETOS,Cerrado,48,0.0,1.0,107.7,-20.3755,-48.7217
2024/10/09 02:26:59,GOES-16,Brasil,SÃO PAULO,BARRETOS,Cerrado,48,0.0,1.0,93.0,-20.3755,-48.7217
2024/10/09 03:25:00,NOAA-20,Brasil,SÃO PAULO,BARRETOS,Cerrado,44,0.0,1.0,1.7,-20.36568,-48.72821
2024/10/09 03:25:00,NOAA-20,Brasil,SÃO PAULO,BARRETOS,Cerrado,72,0.1,1.0,3.5,-20.40819,-48.84031
2024/10/09 04:17:00,NOAA-21,Brasil,SÃO PAULO,BARRETOS,Cerrado,47,0.0,1.0,1.5,-20.36579,-48.72385
2024/10/09 04:17:00,NOAA-21,Brasil,SÃO PAULO,BARRETOS,Cerrado,69,0.1,1.0,3.1,-20.4106,-48.83677
2024/10/09 04:17:00,NOAA-21,Brasil,SÃO PAULO,BARRETOS,Cerrado,71,0.1,1.0,3.1,-20.40991,-48.84083
2024/10/09 04:17:00,NOAA-21,Brasil,SÃO PAULO,BARRETOS,Cerrado,71,0.1,1.0,4.2,-20.40714,-48.83614
2024/10/09 04:17:00,NOAA-21,Brasil,SÃO PAULO,BARRETOS,Cerrado,73,0.1,1.0,4.2,-20.40644,-48.84019
2024/10/09 04:17:00,NOAA-21,Brasil,SÃO PAULO,BARRETOS,Cerrado,75,0.1,1.0,1.8,-20.40575,-48.84426
2024/10/09 04:17:00,NOAA-21,Brasil,SÃO PAULO,BARRETOS,Mata Atlântica,44,0.1,-999.0,4.1,-20.45349,-48.83672
2024/10/09 04:17:00,NOAA-21,Brasil,SÃO PAULO,BARRETOS,Mata Atlântica,45,0.1,-999.0,3.4,-20.45003,-48.83603
2024/10/09 04:17:00,NOAA-21,Brasil,SÃO PAULO,BARRETOS,Cerrado,40,0.0,1.0,1.1,-20.3713,-48.73323
2024/10/09 04:17:00,NOAA-21,Brasil,SÃO PAULO,BARRETOS,Cerrado,41,0.0,1.0,2.8,-20.36785,-48.73257
2024/10/09 04:17:00,NOAA-21,Brasil,SÃO PAULO,BARRETOS,Cerrado,47,0.0,1.0,1.0,-20.36687,-48.72452
2024/10/09 04:17:00,NOAA-21,Brasil,SÃO PAULO,BARRETOS,Cerrado,44,0.0,1.0,1.8,-20.36619,-48.72856
2024/10/09 04:17:00,NOAA-21,Brasil,SÃO PAULO,BARRETOS,Cerrado,44,0.0,1.0,2.8,-20.3651,-48.72789
2024/10/09 04:42:00,NPP-375D,Brasil,SÃO PAULO,BARRETOS,Mata Atlântica,45,0.1,1.0,5.6,-20.44969,-48.83511
2024/10/09 04:42:00,NPP-375D,Brasil,SÃO PAULO,BARRETOS,Cerrado,74,0.1,1.0,2.6,-20.40545,-48.84064
2024/10/09 04:42:00,NPP-375D,Brasil,SÃO PAULO,BARRETOS,Cerrado,72,0.1,1.0,2.6,-20.40608,-48.83602
2024/10/09 04:42:00,NPP-375D,Brasil,SÃO PAULO,BARRETOS,Cerrado,70,0.1,1.0,1.6,-20.40979,-48.83662
2024/10/09 04:42:00,NPP-375D,Brasil,SÃO PAULO,BARRETOS,Cerrado,76,0.1,1.0,1.6,-20.40483,-48.84526
2024/10/09 04:42:00,NPP-375D,Brasil,SÃO PAULO,BARRETOS,Mata Atlântica,45,0.1,-999.0,4.7,-20.45124,-48.8381
2024/10/09 04:42:00,NPP-375D,Brasil,SÃO PAULO,BARRETOS,Mata Atlântica,47,0.1,1.0,4.7,-20.44752,-48.83759
2024/10/09 04:42:00,NPP-375D,Brasil,SÃO PAULO,BARRETOS,Mata Atlântica,46,0.1,1.0,4.8,-20.44908,-48.83975
2024/10/09 05:06:00,NOAA-20,Brasil,SÃO PAULO,BARRETOS,Mata Atlântica,45,0.1,-999.0,1.6,-20.45169,-48.83731
2024/10/09 05:06:00,NOAA-20,Brasil,SÃO PAULO,BARRETOS,Mata Atlântica,44,0.1,-999.0,2.2,-20.45211,-48.84035
2024/10/09 05:06:00,NOAA-20,Brasil,SÃO PAULO,BARRETOS,Mata Atlântica,45,0.1,-999.0,1.6,-20.45132,-48.84115
2024/10/09 05:06:00,NOAA-20,Brasil,SÃO PAULO,BARRETOS,Cerrado,46,0.0,1.0,3.7,-20.36785,-48.72609
2024/10/09 15:56:00,NOAA-20,Brasil,SÃO PAULO,BARRETOS,Cerrado,60,0.0,1.0,64.6,-20.37341,-48.70292
2024/10/09 15:56:00,NOAA-20,Brasil,SÃO PAULO,BARRETOS,Cerrado,65,0.0,1.0,63.2,-20.37288,-48.69583
2024/10/09 15:56:00,NOAA-20,Brasil,SÃO PAULO,BARRETOS,Cerrado,70,0.0,1.0,63.2,-20.37237,-48.68883
2024/10/09 15:56:00,NOAA-20,Brasil,SÃO PAULO,BARRETOS,Cerrado,67,0.01,1.0,67.3,-20.37938,-48.68803
2024/10/09 15:56:00,NOAA-20,Brasil,SÃO PAULO,BARRETOS,Cerrado,71,0.03,1.0,42.3,-20.37888,-48.68124
2024/10/09 15:56:00,NOAA-20,Brasil,SÃO PAULO,BARRETOS,Cerrado,56,0.1,1.0,10.2,-20.42943,-48.82807
2024/10/09 15:56:00,NOAA-20,Brasil,SÃO PAULO,BARRETOS,Cerrado,63,0.03,1.0,67.3,-20.38642,-48.68762
2024/10/09 15:56:00,NOAA-20,Brasil,SÃO PAULO,BARRETOS,Cerrado,45,0.0,1.0,11.8,-20.38207,-48.72429
2024/10/09 15:56:00,NOAA-20,Brasil,SÃO PAULO,BARRETOS,Cerrado,49,0.0,1.0,11.8,-20.38153,-48.71705
2024/10/09 15:56:00,NOAA-20,Brasil,SÃO PAULO,BARRETOS,Cerrado,54,0.0,1.0,42.7,-20.38099,-48.70969
2024/10/09 15:56:00,NOAA-20,Brasil,SÃO PAULO,BARRETOS,Cerrado,58,0.0,1.0,42.7,-20.38044,-48.70227
2024/10/09 15:56:00,NOAA-20,Brasil,SÃO PAULO,BARRETOS,Cerrado,63,0.0,1.0,67.3,-20.3799,-48.69498
2024/10/09 15:56:00,NOAA-20,Brasil,SÃO PAULO,BARRETOS,Cerrado,46,0.0,1.0,11.2,-20.37502,-48.7248
2024/10/09 15:56:00,NOAA-20,Brasil,SÃO PAULO,BARRETOS,Cerrado,51,0.0,1.0,11.2,-20.37448,-48.71742
2024/10/09 15:56:00,NOAA-20,Brasil,SÃO PAULO,BARRETOS,Cerrado,56,0.0,1.0,64.6,-20.37394,-48.71008
2024/10/09 16:48:00,NOAA-21,Brasil,SÃO PAULO,BARRETOS,Cerrado,63,0.0,1.0,28.2,-20.3804,-48.69358
2024/10/09 16:48:00,NOAA-21,Brasil,SÃO PAULO,BARRETOS,Cerrado,70,0.0,1.0,137.8,-20.36974,-48.69144
2024/10/09 16:48:00,NOAA-21,Brasil,SÃO PAULO,BARRETOS,Cerrado,74,0.0,1.0,144.0,-20.372,-48.68327
2024/10/09 16:48:00,NOAA-21,Brasil,SÃO PAULO,BARRETOS,Cerrado,73,0.0,1.0,321.4,-20.36919,-48.68763
2024/10/09 16:48:00,NOAA-21,Brasil,SÃO PAULO,BARRETOS,Cerrado,74,0.0,1.0,321.4,-20.36582,-48.6882
2024/10/09 16:48:00,NOAA-21,Brasil,SÃO PAULO,BARRETOS,Cerrado,66,0.0,1.0,28.2,-20.37985,-48.68977
2024/10/09 16:48:00,NOAA-21,Brasil,SÃO PAULO,BARRETOS,Cerrado,71,0.0,1.0,144.0,-20.37256,-48.68707
2024/10/09 16:48:00,NOAA-21,Brasil,SÃO PAULO,BARRETOS,Cerrado,71,0.0,1.0,137.8,-20.36637,-48.69199
2024/10/13 22:37:00,GOES-16,Brasil,SÃO PAULO,BARRETOS,Cerrado,0,0.19,1.0,96.6,-20.5662,-48.4486
2024/10/30 17:17:00,NPP-375,Brasil,SÃO PAULO,BARRETOS,Cerrado,1,3.63,0.11,4.8,-20.45221,-48.53981
2024/11/09 17:47:00,AQUA_M-T,Brasil,SÃO PAULO,BARRETOS,Cerrado,0,0.34,0.0,6.3,-20.43913,-48.73701
2024/11/12 00:31:00,METOP-C,Brasil,SÃO PAULO,BARRETOS,Mata Atlântica,2,1.44,0.14,,-20.63520050048828,-48.83599853515625
2024/11/12 00:56:00,TERRA_M-M,Brasil,SÃO PAULO,BARRETOS,Mata Atlântica,2,1.45,0.15,12.2,-20.63918,-48.8349
2024/11/12 04:04:00,NPP-375D,Brasil,SÃO PAULO,BARRETOS,Mata Atlântica,2,1.44,0.14,1.1,-20.63518,-48.83606
2024/11/12 04:04:00,NPP-375D,Brasil,SÃO PAULO,BARRETOS,Mata Atlântica,2,1.43,0.15,1.1,-20.6393,-48.83689
2024/11/12 04:27:00,NOAA-20,Brasil,SÃO PAULO,BARRETOS,Mata Atlântica,2,1.44,0.14,1.2,-20.636,-48.83609
2024/11/12 04:27:00,NOAA-20,Brasil,SÃO PAULO,BARRETOS,Mata Atlântica,2,1.43,0.15,1.2,-20.63933,-48.83667
2024/11/26 00:38:00,METOP-C,Brasil,SÃO PAULO,BARRETOS,Cerrado,4,0.0,0.22,,-20.402700424194336,-48.76089859008789
2024/11/26 00:38:00,METOP-C,Brasil,SÃO PAULO,BARRETOS,Cerrado,4,0.0,0.19,,-20.404499053955078,-48.769798278808594
2024/11/26 04:21:00,NOAA-21,Brasil,SÃO PAULO,BARRETOS,Cerrado,4,0.0,0.19,1.9,-20.40655,-48.76908
2024/11/26 04:21:00,NOAA-21,Brasil,SÃO PAULO,BARRETOS,Cerrado,4,0.0,0.22,1.2,-20.42305,-48.77626
2024/11/26 04:21:00,NOAA-21,Brasil,SÃO PAULO,BARRETOS,Cerrado,4,0.0,0.3,0.9,-20.47823,-48.72118
2024/11/26 04:42:00,NPP-375D,Brasil,SÃO PAULO,BARRETOS,Cerrado,4,0.0,0.21,1.3,-20.40633,-48.77097
2024/11/26 04:42:00,NPP-375D,Brasil,SÃO PAULO,BARRETOS,Cerrado,4,0.0,0.3,1.0,-20.47869,-48.72157
2024/11/26 04:42:00,NPP-375D,Brasil,SÃO PAULO,BARRETOS,Cerrado,4,0.0,0.3,1.0,-20.47752,-48.72422
2024/11/28 04:04:00,NPP-375D,Brasil,SÃO PAULO,BARRETOS,Cerrado,5,2.4,0.17,1.5,-20.42563,-48.78024
2024/11/28 04:27:00,NOAA-20,Brasil,SÃO PAULO,BARRETOS,Cerrado,5,2.36,0.17,2.6,-20.4256,-48.77875
2024/12/29 16:30:00,NOAA-21,Brasil,SÃO PAULO,BARRETOS,Cerrado,0,0.7,0.0,9.0,-20.34703,-48.52633
2024/12/31 17:49:00,AQUA_M-T,Brasil,SÃO PAULO,BARRETOS,Cerrado,0,4.21,0.0,5.2,-20.38414,-48.7417
