DataHora,Satelite,Pais,Estado,Municipio,Bioma,DiaSemChuva,Precipitacao,RiscoFogo,FRP,Latitude,Longitude
2023/01/19 17:09:00,NPP-375,Brasil,SÃO PAULO,BARRETOS,Cerrado,2,14.89,0.0,10.2,-20.43035,-48.57195
2023/01/25 17:04:00,AQUA_M-T,Brasil,SÃO PAULO,BARRETOS,Cerrado,0,0.0,-999.0,7.2,-20.53086,-48.56231
2023/01/27 04:36:00,NOAA-20,Brasil,SÃO PAULO,BARRETOS,Cerrado,1,1.75,0.01,1.0,-20.51666,-48.55715
2023/02/08 17:32:00,NPP-375,Brasil,SÃO PAULO,BARRETOS,Cerrado,0,2.42,0.04,11.0,-20.33592,-48.54633
2023/02/09 16:22:00,NOAA-20,Brasil,SÃO PAULO,BARRETOS,Cerrado,1,7.29,0.0,13.9,-20.41553,-48.54639
2023/02/20 17:09:00,NPP-375,Brasil,SÃO PAULO,BARRETOS,Cerrado,0,9.87,0.0,3.8,-20.53412,-48.54421
2023/02/22 17:15:00,AQUA_M-T,Brasil,SÃO PAULO,BARRETOS,Cerrado,0,5.18,0.0,14.5,-20.45008,-48.49127
2023/02/28 16:15:00,NPP-375,Brasil,SÃO PAULO,BARRETOS,Mata Atlântica,0,3.16,0.02,2.4,-20.45664,-48.77943
2023/03/09 16:47:00,NPP-375,Brasil,SÃO PAULO,BARRETOS,Cerrado,2,0.0,0.04,3.5,-20.35522,-48.66748
2023/03/22 17:22:00,AQUA_M-T,Brasil,SÃO PAULO,BARRETOS,Mata Atlântica,0,0.4,0.0,6.7,-20.52424,-48.8453
2023/03/24 17:07:00,NPP-375,Brasil,SÃO PAULO,BARRETOS,Cerrado,2,0.0,0.01,16.0,-20.45143,-48.7509
2023/04/03 02:13:00,TERRA_M-M,Brasil,SÃO PAULO,BARRETOS,Cerrado,0,11.86,0.02,32.7,-20.44085,-48.5561
2023/04/03 02:13:00,TERRA_M-M,Brasil,SÃO PAULO,BARRETOS,Cerrado,0,11.62,0.01,30.6,-20.44763,-48.59005
2023/04/03 02:13:00,TERRA_M-M,Brasil,SÃO PAULO,BARRETOS,Cerrado,0,11.46,0.01,33.1,-20.45571,-48.58134
2023/04/03 02:16:59,GOES-16,Brasil,SÃO PAULO,BARRETOS,Cerrado,0,11.84,0.01,110.1,-20.4407,-48.5691
2023/04/03 03:57:00,NOAA-20,Brasil,SÃO PAULO,BARRETOS,Cerrado,0,11.76,0.01,6.9,-20.44482,-48.57444
2023/04/03 03:57:00,NOAA-20,Brasil,SÃO PAULO,BARRETOS,Cerrado,0,11.82,0.01,6.9,-20.43944,-48.57826
2023/04/03 03:57:00,NOAA-20,Brasil,SÃO PAULO,BARRETOS,Cerrado,0,11.84,0.01,4.4,-20.44135,-48.56877
2023/04/03 03:57:00,NOAA-20,Brasil,SÃO PAULO,BARRETOS,Cerrado,0,11.73,0.01,6.9,-20.44386,-48.5792
2023/04/03 03:57:00,NOAA-20,Brasil,SÃO PAULO,BARRETOS,Cerrado,0,11.78,0.01,4.4,-20.44578,-48.56968
2023/04/03 03:57:00,NOAA-20,Brasil,SÃO PAULO,BARRETOS,Cerrado,0,11.64,0.01,2.0,-20.44924,-48.57537
2023/04/03 03:57:00,NOAA-20,Brasil,SÃO PAULO,BARRETOS,Cerrado,0,11.64,0.01,2.2,-20.4502,-48.5706
2023/04/03 04:51:00,NPP-375D,Brasil,SÃO PAULO,BARRETOS,Cerrado,0,11.62,0.01,0.5,-20.4534,-48.56123
2023/04/03 04:51:00,NPP-375D,Brasil,SÃO PAULO,BARRETOS,Cerrado,0,11.6,0.01,1.2,-20.45292,-48.56518
2023/04/03 04:51:00,NPP-375D,Brasil,SÃO PAULO,BARRETOS,Cerrado,0,11.68,0.01,2.0,-20.44732,-48.57621
2023/04/03 04:51:00,NPP-375D,Brasil,SÃO PAULO,BARRETOS,Cerrado,0,11.75,0.01,1.6,-20.44269,-48.57945
2023/04/03 13:06:00,TERRA_M-T,Brasil,SÃO PAULO,BARRETOS,Cerrado,0,11.5,0.01,22.0,-20.4555,-48.56846
2023/04/29 16:41:00,NOAA-20,Brasil,SÃO PAULO,BARRETOS,Cerrado,2,0.0,0.13,3.8,-20.51088,-48.60154
2023/05/02 16:35:00,NPP-375,Brasil,SÃO PAULO,BARRETOS,Cerrado,6,0.0,0.19,2.7,-20.54479,-48.65987
2023/05/02 16:41:00,AQUA_M-T,Brasil,SÃO PAULO,BARRETOS,Cerrado,5,0.0,0.19,18.0,-20.5413,-48.6581
2023/05/02 19:17:00,GOES-16,Brasil,SÃO PAULO,BARRETOS,Cerrado,6,0.0,0.17,79.3,-20.5797,-48.6992
2023/05/03 16:18:00,NPP-375,Brasil,SÃO PAULO,BARRETOS,Cerrado,7,0.0,0.24,29.9,-20.57436,-48.70766
2023/05/03 16:18:00,NPP-375,Brasil,SÃO PAULO,BARRETOS,Cerrado,7,0.0,0.24,41.3,-20.57368,-48.70051
2023/05/03 16:18:00,NPP-375,Brasil,SÃO PAULO,BARRETOS,Cerrado,7,0.0,0.24,29.9,-20.57402,-48.70409
2023/05/03 16:18:00,NPP-375,Brasil,SÃO PAULO,BARRETOS,Cerrado,7,0.0,0.24,29.9,-20.57935,-48.70343
2023/05/03 16:18:00,NPP-375,Brasil,SÃO PAULO,BARRETOS,Cerrado,7,0.0,0.24,34.1,-20.5763,-48.70634
2023/05/03 16:18:00,NPP-375,Brasil,SÃO PAULO,BARRETOS,Cerrado,7,0.0,0.24,34.1,-20.57593,-48.70278
2023/05/03 16:18:00,NPP-375,Brasil,SÃO PAULO,BARRETOS,Cerrado,7,0.0,0.23,34.1,-20.58127,-48.70219
2023/05/13 04:00:00,NPP-375D,Brasil,SÃO PAULO,BARRETOS,Cerrado,2,0.0,0.8,0.7,-20.51856,-48.55904
2023/05/15 16:41:00,NOAA-20,Brasil,SÃO PAULO,BARRETOS,Cerrado,5,0.0,0.72,4.3,-20.58249,-48.65871
2023/05/15 17:32:00,NPP-375,Brasil,SÃO PAULO,BARRETOS,Cerrado,5,0.0,0.72,4.9,-20.58087,-48.65813
2023/05/15 17:32:00,NPP-375,Brasil,SÃO PAULO,BARRETOS,Cerrado,5,0.0,0.72,2.8,-20.58228,-48.65688
2023/05/15 17:32:00,NPP-375,Brasil,SÃO PAULO,BARRETOS,Cerrado,5,0.0,0.72,2.8,-20.58301,-48.66039
2023/05/15 17:32:00,NPP-375,Brasil,SÃO PAULO,BARRETOS,Cerrado,3,0.0,0.7,2.4,-20.61358,-48.52791
2023/05/19 13:25:00,TERRA_M-T,Brasil,SÃO PAULO,BARRETOS,Cerrado,9,0.0,0.95,13.4,-20.58505,-48.66437
2023/05/19 13:25:00,TERRA_M-T,Brasil,SÃO PAULO,BARRETOS,Cerrado,9,0.0,0.96,9.7,-20.57868,-48.6568
2023/05/19 16:18:00,NPP-375,Brasil,SÃO PAULO,BARRETOS,Cerrado,9,0.0,0.95,2.1,-20.58334,-48.65937
2023/05/19 17:05:00,NOAA-20,Brasil,SÃO PAULO,BARRETOS,Cerrado,9,0.0,0.95,7.5,-20.58253,-48.65989
2023/05/19 17:09:00,AQUA_M-T,Brasil,SÃO PAULO,BARRETOS,Cerrado,9,0.0,0.95,10.6,-20.58402,-48.6653
2023/05/20 04:17:00,NOAA-20,Brasil,SÃO PAULO,BARRETOS,Cerrado,9,0.0,-999.0,1.3,-20.58348,-48.56101
2023/05/20 04:17:00,NOAA-20,Brasil,SÃO PAULO,BARRETOS,Cerrado,9,0.0,-999.0,1.3,-20.5828,-48.56497
2023/05/23 17:32:00,NOAA-20,Brasil,SÃO PAULO,BARRETOS,Cerrado,0,0.0,0.34,7.3,-20.58235,-48.65678
2023/05/24 17:24:00,AQUA_M-T,Brasil,SÃO PAULO,BARRETOS,Cerrado,2,0.0,0.63,13.9,-20.58348,-48.65842
2023/05/26 04:06:00,NOAA-20,Brasil,SÃO PAULO,BARRETOS,Cerrado,4,0.0,0.99,2.8,-20.38645,-48.771
2023/05/26 04:06:00,NOAA-20,Brasil,SÃO PAULO,BARRETOS,Cerrado,4,0.0,0.99,2.8,-20.38719,-48.76715
2023/05/26 04:55:00,NPP-375D,Brasil,SÃO PAULO,BARRETOS,Cerrado,4,0.0,0.99,3.0,-20.38754,-48.77176
2023/05/27 01:24:00,TERRA_M-M,Brasil,SÃO PAULO,BARRETOS,Cerrado,4,0.34,1.0,8.5,-20.38658,-48.77347
2023/05/27 04:38:00,NPP-375D,Brasil,SÃO PAULO,BARRETOS,Cerrado,4,0.29,1.0,1.4,-20.38595,-48.76933
2023/06/03 04:06:00,NPP-375D,Brasil,SÃO PAULO,BARRETOS,Cerrado,3,0.0,0.36,3.6,-20.38719,-48.76965
2023/06/03 04:55:00,NOAA-20,Brasil,SÃO PAULO,BARRETOS,Cerrado,3,0.0,0.37,3.3,-20.3861,-48.76994
2023/06/04 04:38:00,NOAA-20,Brasil,SÃO PAULO,BARRETOS,Cerrado,3,0.0,0.74,0.6,-20.51877,-48.55845
2023/06/06 04:00:00,NOAA-20,Brasil,SÃO PAULO,BARRETOS,Cerrado,6,0.0,0.92,4.3,-20.38493,-48.77217
2023/06/06 04:00:00,NOAA-20,Brasil,SÃO PAULO,BARRETOS,Cerrado,6,0.0,0.9,4.7,-20.38439,-48.76999
2023/06/06 04:51:00,NPP-375D,Brasil,SÃO PAULO,BARRETOS,Cerrado,6,0.0,0.92,4.7,-20.38532,-48.77207
2023/06/06 23:56:59,GOES-16,Brasil,SÃO PAULO,BARRETOS,Cerrado,6,0.0,0.83,58.4,-20.357,-48.6568
2023/06/07 00:06:59,GOES-16,Brasil,SÃO PAULO,BARRETOS,Cerrado,7,0.0,0.87,56.7,-20.357,-48.6568
2023/06/07 00:16:59,GOES-16,Brasil,SÃO PAULO,BARRETOS,Cerrado,7,0.0,0.87,52.2,-20.357,-48.6568
2023/06/07 00:22:27,METOP-B,Brasil,SÃO PAULO,BARRETOS,Cerrado,6,0.0,0.86,,-20.342599868774414,-48.64670181274414
2023/06/07 00:22:27,METOP-B,Brasil,SÃO PAULO,BARRETOS,Cerrado,6,0.0,0.88,,-20.352399826049805,-48.644901275634766
2023/06/07 00:22:27,METOP-B,Brasil,SÃO PAULO,BARRETOS,Cerrado,7,0.0,0.81,,-20.339500427246094,-48.62839889526367
2023/06/07 00:26:59,GOES-16,Brasil,SÃO PAULO,BARRETOS,Cerrado,7,0.0,0.87,62.7,-20.357,-48.6568
2023/06/07 03:40:00,NOAA-20,Brasil,SÃO PAULO,BARRETOS,Cerrado,7,0.0,0.94,2.1,-20.38772,-48.77001
2023/06/07 04:32:00,NPP-375D,Brasil,SÃO PAULO,BARRETOS,Cerrado,7,0.0,0.94,2.2,-20.38485,-48.76784
2023/06/07 04:32:00,NPP-375D,Brasil,SÃO PAULO,BARRETOS,Cerrado,7,0.0,0.94,0.7,-20.38681,-48.76756
2023/06/08 04:12:00,NPP-375D,Brasil,SÃO PAULO,BARRETOS,Cerrado,8,0.0,0.96,2.7,-20.38504,-48.77064
2023/06/08 04:12:00,NPP-375D,Brasil,SÃO PAULO,BARRETOS,Cerrado,8,0.0,0.97,0.9,-20.3888,-48.7714
2023/06/08 05:01:00,NOAA-20,Brasil,SÃO PAULO,BARRETOS,Cerrado,8,0.0,0.96,2.6,-20.38502,-48.76933
2023/06/09 00:07:00,GOES-16,Brasil,SÃO PAULO,BARRETOS,Cerrado,9,0.0,0.93,55.9,-20.357,-48.6568
2023/06/09 00:33:38,METOP-C,Brasil,SÃO PAULO,BARRETOS,Cerrado,9,0.0,0.82,,-20.350799560546875,-48.66590118408203
2023/06/10 00:34:46,NOAA-19D,Brasil,SÃO PAULO,BARRETOS,Cerrado,9,0.0,1.0,,-20.433467865,-48.6762886047
2023/06/10 00:34:46,NOAA-19D,Brasil,SÃO PAULO,BARRETOS,Cerrado,9,0.0,1.0,,-20.4430065155,-48.6733207703
2023/06/10 04:23:00,NOAA-20,Brasil,SÃO PAULO,BARRETOS,Cerrado,10,0.0,1.0,0.6,-20.38426,-48.77353
2023/06/10 04:23:00,NOAA-20,Brasil,SÃO PAULO,BARRETOS,Cerrado,10,0.0,1.0,1.8,-20.38486,-48.7698
2023/06/12 17:07:00,NPP-375,Brasil,SÃO PAULO,BARRETOS,Cerrado,12,0.0,1.0,1.3,-20.50299,-48.63881
2023/06/13 00:26:59,GOES-16,Brasil,SÃO PAULO,BARRETOS,Cerrado,12,0.27,0.94,66.6,-20.357,-48.6568
2023/06/13 00:36:59,GOES-16,Brasil,SÃO PAULO,BARRETOS,Cerrado,12,0.29,0.94,61.4,-20.3768,-48.6754
2023/06/13 00:36:59,GOES-16,Brasil,SÃO PAULO,BARRETOS,Cerrado,12,0.27,0.94,73.2,-20.357,-48.6568
2023/06/13 03:28:00,NOAA-20,Brasil,SÃO PAULO,BARRETOS,Cerrado,11,0.68,0.94,3.1,-20.383,-48.77734
2023/06/18 16:54:00,NPP-375,Brasil,SÃO PAULO,BARRETOS,Cerrado,1,0.0,0.94,2.3,-20.50779,-48.44186
2023/06/21 03:28:00,NPP-375D,Brasil,SÃO PAULO,BARRETOS,Cerrado,4,0.0,1.0,0.9,-20.3822,-48.77983
2023/06/21 03:28:00,NPP-375D,Brasil,SÃO PAULO,BARRETOS,Cerrado,4,0.0,1.0,1.8,-20.39134,-48.7739
2023/06/21 03:28:00,NPP-375D,Brasil,SÃO PAULO,BARRETOS,Cerrado,4,0.0,1.0,2.7,-20.39017,-48.77861
2023/06/21 03:28:00,NPP-375D,Brasil,SÃO PAULO,BARRETOS,Cerrado,4,0.0,1.0,1.9,-20.38941,-48.78164
2023/06/21 03:28:00,NPP-375D,Brasil,SÃO PAULO,BARRETOS,Cerrado,4,0.0,1.0,1.1,-20.38297,-48.77679
2023/06/21 04:17:00,NOAA-20,Brasil,SÃO PAULO,BARRETOS,Cerrado,4,0.0,1.0,0.4,-20.51857,-48.5583
2023/06/21 04:17:00,NOAA-20,Brasil,SÃO PAULO,BARRETOS,Cerrado,4,0.0,1.0,5.9,-20.38761,-48.77126
2023/06/21 05:08:00,NPP-375D,Brasil,SÃO PAULO,BARRETOS,Cerrado,4,0.0,1.0,1.8,-20.38726,-48.77242
2023/06/21 05:08:00,NPP-375D,Brasil,SÃO PAULO,BARRETOS,Cerrado,4,0.0,1.0,3.5,-20.38874,-48.77469
2023/06/21 05:08:00,NPP-375D,Brasil,SÃO PAULO,BARRETOS,Cerrado,4,0.0,1.0,1.8,-20.38689,-48.77628
2023/06/22 02:09:25,NOAA-18D,Brasil,SÃO PAULO,BARRETOS,Cerrado,5,0.0,1.0,,-20.4216766357,-48.789516449
2023/06/22 04:00:00,NOAA-20,Brasil,SÃO PAULO,BARRETOS,Cerrado,5,0.0,1.0,2.2,-20.3883,-48.77251
2023/06/22 04:51:00,NPP-375D,Brasil,SÃO PAULO,BARRETOS,Cerrado,5,0.0,1.0,1.0,-20.38991,-48.77217
2023/06/22 04:51:00,NPP-375D,Brasil,SÃO PAULO,BARRETOS,Cerrado,5,0.0,1.0,1.0,-20.38536,-48.77535
2023/06/23 03:40:00,NOAA-20,Brasil,SÃO PAULO,BARRETOS,Cerrado,5,3.42,0.96,2.3,-20.38527,-48.77227
2023/06/23 03:40:00,NOAA-20,Brasil,SÃO PAULO,BARRETOS,Cerrado,5,3.45,0.96,2.1,-20.38367,-48.77345
2023/06/23 04:32:00,NPP-375D,Brasil,SÃO PAULO,BARRETOS,Cerrado,5,3.41,0.98,1.8,-20.38822,-48.77528
2023/06/23 04:32:00,NPP-375D,Brasil,SÃO PAULO,BARRETOS,Cerrado,5,3.45,0.97,1.8,-20.38488,-48.7747
2023/06/23 04:32:00,NPP-375D,Brasil,SÃO PAULO,BARRETOS,Cerrado,5,3.35,0.97,1.4,-20.38879,-48.77156
2023/06/23 04:32:00,NPP-375D,Brasil,SÃO PAULO,BARRETOS,Cerrado,5,3.4,0.96,1.4,-20.38545,-48.77098
2023/06/23 05:23:00,NOAA-20,Brasil,SÃO PAULO,BARRETOS,Cerrado,5,3.39,0.96,1.6,-20.38592,-48.77053
2023/06/23 05:23:00,NOAA-20,Brasil,SÃO PAULO,BARRETOS,Cerrado,5,3.45,0.96,0.8,-20.38342,-48.77356
2023/06/23 05:23:00,NOAA-20,Brasil,SÃO PAULO,BARRETOS,Cerrado,5,3.46,0.99,1.2,-20.38544,-48.77687
2023/06/23 05:23:00,NOAA-20,Brasil,SÃO PAULO,BARRETOS,Cerrado,5,3.36,0.98,0.8,-20.39016,-48.77428
2023/06/24 04:12:00,NPP-375D,Brasil,SÃO PAULO,BARRETOS,Cerrado,5,2.51,0.89,0.9,-20.38805,-48.77268
2023/06/25 16:22:00,NPP-375,Brasil,SÃO PAULO,BARRETOS,Cerrado,0,0.1,0.96,34.8,-20.51102,-48.5291
2023/06/25 16:22:00,NPP-375,Brasil,SÃO PAULO,BARRETOS,Cerrado,0,0.04,0.94,6.5,-20.52051,-48.52771
2023/06/25 16:22:00,NPP-375,Brasil,SÃO PAULO,BARRETOS,Cerrado,0,0.05,0.95,41.3,-20.51636,-48.53381
2023/06/25 16:22:00,NPP-375,Brasil,SÃO PAULO,BARRETOS,Cerrado,0,0.07,0.96,41.3,-20.51161,-48.53448
2023/06/25 16:22:00,NPP-375,Brasil,SÃO PAULO,BARRETOS,Cerrado,0,0.09,0.95,34.8,-20.51577,-48.5284
2023/06/25 16:26:59,GOES-16,Brasil,SÃO PAULO,BARRETOS,Cerrado,0,0.1,0.98,154.1,-20.5028,-48.5321
2023/06/25 16:27:00,GOES-16,Brasil,SÃO PAULO,BARRETOS,Cerrado,0,0.02,0.93,319.2,-20.5233,-48.5275
2023/06/25 17:13:00,NOAA-20,Brasil,SÃO PAULO,BARRETOS,Cerrado,0,0.0,1.0,1.6,-20.53361,-48.58575
2023/06/27 04:06:00,NOAA-20,Brasil,SÃO PAULO,BARRETOS,Cerrado,2,0.0,1.0,13.1,-20.4506,-48.57526
2023/06/27 04:06:00,NOAA-20,Brasil,SÃO PAULO,BARRETOS,Cerrado,3,0.0,1.0,10.2,-20.45606,-48.57182
2023/06/27 04:06:00,NOAA-20,Brasil,SÃO PAULO,BARRETOS,Cerrado,3,0.0,1.0,13.1,-20.45532,-48.5723
2023/06/27 04:06:00,NOAA-20,Brasil,SÃO PAULO,BARRETOS,Cerrado,2,0.0,1.0,4.6,-20.45278,-48.56717
2023/06/27 04:06:00,NOAA-20,Brasil,SÃO PAULO,BARRETOS,Cerrado,2,0.0,1.0,10.2,-20.45206,-48.57094
2023/06/27 04:06:00,NOAA-20,Brasil,SÃO PAULO,BARRETOS,Cerrado,2,0.0,1.0,5.2,-20.45201,-48.56765
2023/06/27 04:06:00,NOAA-20,Brasil,SÃO PAULO,BARRETOS,Cerrado,2,0.0,1.0,10.2,-20.45132,-48.57476
2023/06/27 04:06:00,NOAA-20,Brasil,SÃO PAULO,BARRETOS,Cerrado,2,0.0,1.0,13.1,-20.45131,-48.57143
2023/06/27 04:06:00,NOAA-20,Brasil,SÃO PAULO,BARRETOS,Cerrado,2,0.0,1.0,0.7,-20.44659,-48.57445
2023/06/27 04:06:00,NOAA-20,Brasil,SÃO PAULO,BARRETOS,Cerrado,3,0.0,1.0,0.9,-20.38902,-48.77076
2023/06/27 04:06:00,NOAA-20,Brasil,SÃO PAULO,BARRETOS,Cerrado,3,0.0,1.0,0.8,-20.38496,-48.76988
2023/06/27 04:29:00,AQUA_M-M,Brasil,SÃO PAULO,BARRETOS,Cerrado,2,0.0,1.0,20.5,-20.45375,-48.57486
2023/06/27 04:29:00,AQUA_M-M,Brasil,SÃO PAULO,BARRETOS,Cerrado,2,0.0,1.0,19.3,-20.44177,-48.57253
2023/06/27 04:55:00,NPP-375D,Brasil,SÃO PAULO,BARRETOS,Cerrado,3,0.0,1.0,1.0,-20.38933,-48.77264
2023/06/27 04:55:00,NPP-375D,Brasil,SÃO PAULO,BARRETOS,Cerrado,2,0.0,1.0,11.2,-20.45307,-48.57977
2023/06/27 04:55:00,NPP-375D,Brasil,SÃO PAULO,BARRETOS,Cerrado,2,0.0,1.0,13.7,-20.45362,-48.57501
2023/06/27 04:55:00,NPP-375D,Brasil,SÃO PAULO,BARRETOS,Cerrado,2,0.0,1.0,13.7,-20.45418,-48.57022
2023/06/27 04:55:00,NPP-375D,Brasil,SÃO PAULO,BARRETOS,Cerrado,2,0.0,1.0,5.9,-20.4496,-48.56957
2023/06/27 04:55:00,NPP-375D,Brasil,SÃO PAULO,BARRETOS,Cerrado,2,0.0,1.0,5.9,-20.44905,-48.57435
2023/06/27 05:56:59,GOES-16,Brasil,SÃO PAULO,BARRETOS,Cerrado,3,0.0,1.0,48.4,-20.4612,-48.5645
2023/06/27 06:06:59,GOES-16,Brasil,SÃO PAULO,BARRETOS,Cerrado,3,0.0,1.0,51.3,-20.4612,-48.5645
2023/06/27 06:26:59,GOES-16,Brasil,SÃO PAULO,BARRETOS,Cerrado,3,0.0,1.0,49.7,-20.4612,-48.5645
2023/06/28 00:18:52,NOAA-19D,Brasil,SÃO PAULO,BARRETOS,Mata Atlântica,4,0.0,1.0,,-20.4508457184,-48.7718696594
2023/06/28 00:18:52,NOAA-19D,Brasil,SÃO PAULO,BARRETOS,Mata Atlântica,4,0.0,1.0,,-20.4508075714,-48.7718849182
2023/06/28 03:47:00,NOAA-20,Brasil,SÃO PAULO,BARRETOS,Cerrado,4,0.0,1.0,1.6,-20.38827,-48.77198
2023/06/28 04:38:00,NPP-375D,Brasil,SÃO PAULO,BARRETOS,Cerrado,4,0.0,1.0,1.2,-20.39024,-48.77135
2023/06/28 04:38:00,NPP-375D,Brasil,SÃO PAULO,BARRETOS,Cerrado,4,0.0,1.0,1.2,-20.38677,-48.77078
2023/06/29 00:06:50,NOAA-19D,Brasil,SÃO PAULO,BARRETOS,Cerrado,5,0.0,1.0,,-20.387752533,-48.7727432251
2023/06/29 01:06:56,METOP-B,Brasil,SÃO PAULO,BARRETOS,Cerrado,5,0.0,1.0,,-20.386199951171875,-48.76530075073242
2023/06/29 04:17:00,NPP-375D,Brasil,SÃO PAULO,BARRETOS,Cerrado,5,0.0,0.86,4.1,-20.4577,-48.59004
2023/06/29 04:17:00,NPP-375D,Brasil,SÃO PAULO,BARRETOS,Cerrado,5,0.0,0.94,1.4,-20.45701,-48.59409
2023/06/29 04:17:00,NPP-375D,Brasil,SÃO PAULO,BARRETOS,Cerrado,4,0.0,1.0,0.4,-20.45354,-48.59344
2023/06/29 04:17:00,NPP-375D,Brasil,SÃO PAULO,BARRETOS,Cerrado,5,0.0,1.0,0.6,-20.51811,-48.55868
2023/06/29 04:17:00,NPP-375D,Brasil,SÃO PAULO,BARRETOS,Cerrado,5,0.0,1.0,0.6,-20.38747,-48.77007
2023/06/29 05:08:00,NOAA-20,Brasil,SÃO PAULO,BARRETOS,Cerrado,5,0.0,0.95,1.9,-20.45705,-48.59535
2023/06/29 05:08:00,NOAA-20,Brasil,SÃO PAULO,BARRETOS,Cerrado,5,0.0,0.89,1.9,-20.45745,-48.59136
2023/06/29 17:37:00,NOAA-20,Brasil,SÃO PAULO,BARRETOS,Mata Atlântica,5,0.0,1.0,2.0,-20.5928,-48.73463
2023/06/29 23:54:40,NOAA-19,Brasil,SÃO PAULO,BARRETOS,Cerrado,5,0.0,0.82,,-20.4620475769,-48.5949745178
2023/06/29 23:54:40,NOAA-19,Brasil,SÃO PAULO,BARRETOS,Cerrado,5,0.0,1.0,,-20.4633102417,-48.6036529541
2023/06/29 23:54:40,NOAA-19,Brasil,SÃO PAULO,BARRETOS,Cerrado,5,0.0,1.0,,-20.4645748138,-48.6123428345
2023/06/30 00:46:34,METOP-B,Brasil,SÃO PAULO,BARRETOS,Cerrado,5,0.0,1.0,,-20.449499130249023,-48.58169937133789
2023/06/30 01:39:00,TERRA_M-M,Brasil,SÃO PAULO,BARRETOS,Cerrado,5,0.0,1.0,15.1,-20.44979,-48.58905
2023/06/30 02:12:00,NOAA-18D,Brasil,SÃO PAULO,BARRETOS,Cerrado,5,0.0,1.0,,-20.4973468781,-48.6045875549
2023/06/30 02:12:00,NOAA-18D,Brasil,SÃO PAULO,BARRETOS,Cerrado,6,0.0,1.0,,-20.4876613617,-48.6072502136
2023/06/30 02:12:00,NOAA-18D,Brasil,SÃO PAULO,BARRETOS,Cerrado,5,0.0,1.0,,-20.4956970215,-48.5953559875
2023/06/30 04:00:00,NPP-375D,Brasil,SÃO PAULO,BARRETOS,Cerrado,5,0.0,1.0,1.2,-20.45176,-48.58801
2023/06/30 04:00:00,NPP-375D,Brasil,SÃO PAULO,BARRETOS,Cerrado,6,0.0,0.99,16.4,-20.4553,-48.59374
2023/06/30 04:00:00,NPP-375D,Brasil,SÃO PAULO,BARRETOS,Cerrado,6,0.0,0.95,16.4,-20.45624,-48.58897
2023/06/30 04:00:00,NPP-375D,Brasil,SÃO PAULO,BARRETOS,Cerrado,6,0.0,1.0,0.9,-20.3863,-48.77447
2023/06/30 04:00:00,NPP-375D,Brasil,SÃO PAULO,BARRETOS,Cerrado,6,0.0,1.0,0.9,-20.38729,-48.76959
2023/06/30 04:51:00,NOAA-20,Brasil,SÃO PAULO,BARRETOS,Cerrado,5,0.0,1.0,1.5,-20.45264,-48.58863
2023/06/30 04:51:00,NOAA-20,Brasil,SÃO PAULO,BARRETOS,Cerrado,6,0.0,0.92,25.3,-20.45678,-48.58927
2023/06/30 04:51:00,NOAA-20,Brasil,SÃO PAULO,BARRETOS,Cerrado,6,0.0,1.0,0.6,-20.38958,-48.77182
2023/06/30 04:51:00,NOAA-20,Brasil,SÃO PAULO,BARRETOS,Cerrado,6,0.0,1.0,0.6,-20.38548,-48.77122
2023/06/30 04:55:00,AQUA_M-M,Brasil,SÃO PAULO,BARRETOS,Cerrado,6,0.0,0.99,12.3,-20.45531,-48.59352
2023/06/30 04:55:00,AQUA_M-M,Brasil,SÃO PAULO,BARRETOS,Cerrado,6,0.0,0.97,19.7,-20.45671,-48.58382
2023/07/01 04:29:00,NOAA-20,Brasil,SÃO PAULO,BARRETOS,Cerrado,7,0.0,1.0,2.8,-20.38959,-48.77058
2023/07/04 03:34:00,NOAA-20,Brasil,SÃO PAULO,BARRETOS,Cerrado,10,0.0,1.0,2.5,-20.38619,-48.77084
2023/07/04 04:25:00,NPP-375D,Brasil,SÃO PAULO,BARRETOS,Cerrado,10,0.0,1.0,1.4,-20.38794,-48.77155
2023/07/04 04:25:00,NPP-375D,Brasil,SÃO PAULO,BARRETOS,Cerrado,10,0.0,1.0,1.4,-20.38854,-48.7678
2023/07/04 05:14:00,NOAA-20,Brasil,SÃO PAULO,BARRETOS,Cerrado,10,0.0,1.0,1.2,-20.38614,-48.77208
2023/07/05 01:47:00,TERRA_M-M,Brasil,SÃO PAULO,BARRETOS,Cerrado,11,0.0,1.0,15.7,-20.38968,-48.77352
2023/07/05 04:06:00,NPP-375D,Brasil,SÃO PAULO,BARRETOS,Cerrado,11,0.0,1.0,2.1,-20.3871,-48.76899
2023/07/05 04:06:00,NPP-375D,Brasil,SÃO PAULO,BARRETOS,Cerrado,11,0.0,1.0,2.1,-20.39122,-48.76983
2023/07/05 04:55:00,NOAA-20,Brasil,SÃO PAULO,BARRETOS,Cerrado,11,0.0,1.0,1.3,-20.38779,-48.77235
2023/07/05 04:55:00,NOAA-20,Brasil,SÃO PAULO,BARRETOS,Cerrado,11,0.0,1.0,1.3,-20.38833,-48.76748
2023/07/05 04:55:00,NOAA-20,Brasil,SÃO PAULO,BARRETOS,Cerrado,11,0.0,1.0,1.7,-20.38709,-48.77095
2023/07/05 17:20:00,AQUA_M-T,Brasil,SÃO PAULO,BARRETOS,Cerrado,11,0.0,1.0,4.8,-20.45799,-48.45987
2023/07/06 00:22:57,NOAA-19D,Brasil,SÃO PAULO,BARRETOS,Cerrado,11,0.0,1.0,,-20.4484272003,-48.769153595
2023/07/06 01:14:59,METOP-C,Brasil,SÃO PAULO,BARRETOS,Cerrado,12,0.0,1.0,,-20.38640022277832,-48.774600982666016
2023/07/06 03:49:00,NPP-375D,Brasil,SÃO PAULO,BARRETOS,Cerrado,12,0.0,1.0,1.7,-20.38587,-48.77143
2023/07/06 04:38:00,NOAA-20,Brasil,SÃO PAULO,BARRETOS,Cerrado,12,0.0,1.0,2.0,-20.38706,-48.76793
2023/07/06 04:38:00,NOAA-20,Brasil,SÃO PAULO,BARRETOS,Cerrado,12,0.0,1.0,2.0,-20.38649,-48.77198
2023/07/07 00:10:51,NOAA-19D,Brasil,SÃO PAULO,BARRETOS,Cerrado,13,0.0,1.0,,-20.3878421783,-48.7613296509
2023/07/07 00:54:14,METOP-C,Brasil,SÃO PAULO,BARRETOS,Cerrado,13,0.0,1.0,,-20.394500732421875,-48.769100189208984
2023/07/07 01:32:00,TERRA_M-M,Brasil,SÃO PAULO,BARRETOS,Cerrado,13,0.0,1.0,7.8,-20.39171,-48.77139
2023/07/07 04:17:00,NOAA-20,Brasil,SÃO PAULO,BARRETOS,Cerrado,13,0.0,1.0,2.0,-20.38829,-48.77072
2023/07/07 17:37:00,NPP-375,Brasil,SÃO PAULO,BARRETOS,Cerrado,13,0.0,1.0,3.0,-20.57997,-48.65855
2023/07/07 17:37:00,NPP-375,Brasil,SÃO PAULO,BARRETOS,Cerrado,12,0.0,1.0,2.9,-20.58114,-48.65977
2023/07/08 04:00:00,NOAA-20,Brasil,SÃO PAULO,BARRETOS,Cerrado,14,0.0,1.0,2.9,-20.40188,-48.76767
2023/07/08 04:00:00,NOAA-20,Brasil,SÃO PAULO,BARRETOS,Cerrado,14,0.0,1.0,1.7,-20.40339,-48.76894
2023/07/08 04:51:00,NPP-375D,Brasil,SÃO PAULO,BARRETOS,Cerrado,14,0.0,1.0,2.3,-20.40399,-48.76753
2023/07/10 04:12:00,NPP-375D,Brasil,SÃO PAULO,BARRETOS,Cerrado,16,0.0,1.0,2.9,-20.64305,-48.56059
2023/07/10 04:12:00,NPP-375D,Brasil,SÃO PAULO,BARRETOS,Cerrado,16,0.0,1.0,2.9,-20.63935,-48.55988
2023/07/10 04:12:00,NPP-375D,Brasil,SÃO PAULO,BARRETOS,Cerrado,16,0.0,1.0,2.9,-20.6422,-48.56527
2023/07/11 04:44:00,NOAA-20,Brasil,SÃO PAULO,BARRETOS,Cerrado,17,0.0,1.0,2.6,-20.40138,-48.76822
2023/07/12 03:34:00,NPP-375D,Brasil,SÃO PAULO,BARRETOS,Cerrado,18,0.0,1.0,2.1,-20.39848,-48.76716
2023/07/12 03:34:00,NPP-375D,Brasil,SÃO PAULO,BARRETOS,Cerrado,18,0.0,1.0,3.1,-20.40182,-48.76845
2023/07/12 03:34:00,NPP-375D,Brasil,SÃO PAULO,BARRETOS,Cerrado,18,0.0,1.0,2.4,-20.397,-48.7734
2023/07/12 04:23:00,NOAA-20,Brasil,SÃO PAULO,BARRETOS,Cerrado,18,0.0,0.98,0.3,-20.45574,-48.58925
2023/07/12 04:23:00,NOAA-20,Brasil,SÃO PAULO,BARRETOS,Cerrado,17,0.0,1.0,0.2,-20.4535,-48.58618
2023/07/12 04:23:00,NOAA-20,Brasil,SÃO PAULO,BARRETOS,Cerrado,18,0.0,1.0,3.8,-20.40056,-48.76697
2023/07/12 21:36:59,GOES-16,Brasil,SÃO PAULO,BARRETOS,Cerrado,18,0.0,0.89,85.9,-20.4606,-48.5877
2023/07/13 04:55:00,NPP-375D,Brasil,SÃO PAULO,BARRETOS,Cerrado,18,0.0,1.0,4.4,-20.40369,-48.76995
2023/07/13 04:55:00,NPP-375D,Brasil,SÃO PAULO,BARRETOS,Cerrado,18,0.0,1.0,4.4,-20.39916,-48.76926
2023/07/15 04:17:00,NPP-375D,Brasil,SÃO PAULO,BARRETOS,Cerrado,0,0.0,1.0,1.3,-20.40369,-48.76804
2023/07/15 04:17:00,NPP-375D,Brasil,SÃO PAULO,BARRETOS,Cerrado,0,0.0,1.0,1.3,-20.4002,-48.76739
2023/07/15 04:17:00,NPP-375D,Brasil,SÃO PAULO,BARRETOS,Cerrado,0,0.0,1.0,1.0,-20.51895,-48.55963
2023/07/15 05:08:00,NOAA-20,Brasil,SÃO PAULO,BARRETOS,Cerrado,0,0.0,1.0,1.8,-20.40304,-48.76799
2023/07/20 04:12:00,AQUA_M-M,Brasil,SÃO PAULO,BARRETOS,Cerrado,3,0.0,1.0,43.7,-20.61087,-48.53236
2023/07/20 04:17:01,GOES-16,Brasil,SÃO PAULO,BARRETOS,Cerrado,3,0.0,1.0,98.7,-20.604,-48.5555
2023/07/20 04:17:01,GOES-16,Brasil,SÃO PAULO,BARRETOS,Cerrado,2,0.0,1.0,80.7,-20.6047,-48.5323
2023/07/20 04:25:00,NPP-375D,Brasil,SÃO PAULO,BARRETOS,Cerrado,2,0.0,1.0,40.7,-20.59904,-48.54708
2023/07/20 04:25:00,NPP-375D,Brasil,SÃO PAULO,BARRETOS,Cerrado,0,0.0,1.0,0.6,-20.45054,-48.5935
2023/07/20 04:25:00,NPP-375D,Brasil,SÃO PAULO,BARRETOS,Cerrado,1,0.0,1.0,0.9,-20.4051,-48.76916
2023/07/20 04:25:00,NPP-375D,Brasil,SÃO PAULO,BARRETOS,Cerrado,1,0.0,1.0,0.9,-20.40175,-48.76855
2023/07/20 04:25:00,NPP-375D,Brasil,SÃO PAULO,BARRETOS,Cerrado,3,0.0,1.0,9.1,-20.60631,-48.54456
2023/07/20 04:25:00,NPP-375D,Brasil,SÃO PAULO,BARRETOS,Cerrado,3,0.0,1.0,6.4,-20.60571,-48.54827
2023/07/20 04:25:00,NPP-375D,Brasil,SÃO PAULO,BARRETOS,Cerrado,2,0.0,1.0,45.0,-20.60298,-48.54396
2023/07/20 04:25:00,NPP-375D,Brasil,SÃO PAULO,BARRETOS,Cerrado,3,0.0,1.0,40.7,-20.60238,-48.54767
2023/07/20 04:27:01,GOES-16,Brasil,SÃO PAULO,BARRETOS,Cerrado,2,0.0,1.0,61.7,-20.6047,-48.5323
2023/07/22 04:38:00,NOAA-20,Brasil,SÃO PAULO,BARRETOS,Cerrado,3,0.0,1.0,2.5,-20.40206,-48.7705
2023/07/22 17:07:00,NOAA-20,Brasil,SÃO PAULO,BARRETOS,Mata Atlântica,5,0.0,1.0,380.1,-20.48971,-48.85334
2023/07/22 17:07:00,NOAA-20,Brasil,SÃO PAULO,BARRETOS,Mata Atlântica,5,0.0,1.0,43.4,-20.49045,-48.8577
2023/07/22 17:07:00,NOAA-20,Brasil,SÃO PAULO,BARRETOS,Mata Atlântica,5,0.0,1.0,96.3,-20.48537,-48.84962
2023/07/22 17:43:00,AQUA_M-T,Brasil,SÃO PAULO,BARRETOS,Mata Atlântica,5,0.0,1.0,72.0,-20.48715,-48.86217
2023/07/22 18:26:59,GOES-16,Brasil,SÃO PAULO,BARRETOS,Mata Atlântica,5,0.0,1.0,82.0,-20.4939,-48.8563
2023/07/22 19:56:59,GOES-16,Brasil,SÃO PAULO,BARRETOS,Mata Atlântica,5,0.0,1.0,78.7,-20.4933,-48.8794
2023/07/22 20:16:59,GOES-16,Brasil,SÃO PAULO,BARRETOS,Mata Atlântica,6,0.0,1.0,113.8,-20.515,-48.8286
2023/07/22 20:16:59,GOES-16,Brasil,SÃO PAULO,BARRETOS,Mata Atlântica,6,0.0,1.0,343.8,-20.5144,-48.8518
2023/07/22 20:16:59,GOES-16,Brasil,SÃO PAULO,BARRETOS,Mata Atlântica,5,0.0,1.0,172.8,-20.4945,-48.8332
2023/07/22 20:16:59,GOES-16,Brasil,SÃO PAULO,BARRETOS,Mata Atlântica,5,0.0,1.0,493.7,-20.4939,-48.8563
2023/07/22 20:16:59,GOES-16,Brasil,SÃO PAULO,BARRETOS,Mata Atlântica,5,0.0,1.0,177.5,-20.4933,-48.8794
2023/07/24 22:26:59,GOES-16,Brasil,SÃO PAULO,BARRETOS,Cerrado,4,0.0,1.0,199.9,-20.4401,-48.5923
2023/07/24 22:26:59,GOES-16,Brasil,SÃO PAULO,BARRETOS,Cerrado,5,0.0,1.0,118.0,-20.4394,-48.6155
2023/07/24 22:26:59,GOES-16,Brasil,SÃO PAULO,BARRETOS,Cerrado,5,0.0,0.89,82.8,-20.4606,-48.5877
2023/07/24 22:36:59,GOES-16,Brasil,SÃO PAULO,BARRETOS,Cerrado,5,0.0,0.89,79.3,-20.4606,-48.5877
2023/07/24 22:36:59,GOES-16,Brasil,SÃO PAULO,BARRETOS,Cerrado,4,0.0,1.0,138.2,-20.4401,-48.5923
2023/07/24 22:36:59,GOES-16,Brasil,SÃO PAULO,BARRETOS,Cerrado,5,0.0,1.0,67.6,-20.4394,-48.6155
2023/07/24 22:46:59,GOES-16,Brasil,SÃO PAULO,BARRETOS,Cerrado,4,0.0,1.0,123.2,-20.4401,-48.5923
2023/07/24 22:46:59,GOES-16,Brasil,SÃO PAULO,BARRETOS,Cerrado,5,0.0,1.0,78.2,-20.4394,-48.6155
2023/07/24 23:54:40,NOAA-19,Brasil,SÃO PAULO,BARRETOS,Cerrado,5,0.0,1.0,,-20.4379463196,-48.6167564392
2023/07/25 03:40:00,NOAA-20,Brasil,SÃO PAULO,BARRETOS,Cerrado,6,0.0,1.0,3.8,-20.39552,-48.77049
2023/07/25 03:40:00,NOAA-20,Brasil,SÃO PAULO,BARRETOS,Cerrado,6,0.0,1.0,5.5,-20.39661,-48.76563
2023/07/25 03:40:00,NOAA-20,Brasil,SÃO PAULO,BARRETOS,Cerrado,6,0.0,1.0,5.6,-20.39794,-48.76772
2023/07/25 04:32:00,NPP-375D,Brasil,SÃO PAULO,BARRETOS,Cerrado,6,0.0,1.0,2.0,-20.39997,-48.76341
2023/07/25 04:32:00,NPP-375D,Brasil,SÃO PAULO,BARRETOS,Cerrado,6,0.0,1.0,0.5,-20.51852,-48.55727
2023/07/25 04:32:00,NPP-375D,Brasil,SÃO PAULO,BARRETOS,Cerrado,6,0.0,1.0,10.1,-20.39941,-48.76713
2023/07/25 05:23:00,NOAA-20,Brasil,SÃO PAULO,BARRETOS,Cerrado,6,0.0,1.0,4.4,-20.39669,-48.76433
2023/07/25 05:23:00,NOAA-20,Brasil,SÃO PAULO,BARRETOS,Cerrado,6,0.0,1.0,4.4,-20.39618,-48.77053
2023/07/25 05:23:00,NOAA-20,Brasil,SÃO PAULO,BARRETOS,Cerrado,6,0.0,1.0,8.4,-20.39851,-48.76605
2023/07/26 01:22:00,TERRA_M-M,Brasil,SÃO PAULO,BARRETOS,Cerrado,7,0.0,1.0,7.7,-20.39779,-48.76322
2023/07/26 05:01:00,NOAA-20,Brasil,SÃO PAULO,BARRETOS,Cerrado,7,0.0,1.0,1.6,-20.39607,-48.7688
2023/07/26 05:01:00,NOAA-20,Brasil,SÃO PAULO,BARRETOS,Cerrado,7,0.0,1.0,2.5,-20.39639,-48.76574
2023/07/27 00:39:45,METOP-C,Brasil,SÃO PAULO,BARRETOS,Cerrado,7,0.0,1.0,,-20.39550018310547,-48.75790023803711
2023/07/27 03:53:00,NPP-375D,Brasil,SÃO PAULO,BARRETOS,Cerrado,7,0.0,1.0,6.0,-20.39332,-48.76715
2023/07/27 03:53:00,NPP-375D,Brasil,SÃO PAULO,BARRETOS,Cerrado,7,0.0,1.0,21.5,-20.47305,-48.61029
2023/07/27 03:53:00,NPP-375D,Brasil,SÃO PAULO,BARRETOS,Cerrado,7,0.0,1.0,5.8,-20.46814,-48.60915
2023/07/27 03:53:00,NPP-375D,Brasil,SÃO PAULO,BARRETOS,Cerrado,7,0.0,1.0,2.6,-20.39916,-48.76742
2023/07/27 03:53:00,NPP-375D,Brasil,SÃO PAULO,BARRETOS,Cerrado,7,0.0,1.0,3.2,-20.39832,-48.7682
2023/07/27 03:53:00,NPP-375D,Brasil,SÃO PAULO,BARRETOS,Cerrado,7,0.0,1.0,2.6,-20.39417,-48.76636
2023/07/27 04:44:00,NOAA-20,Brasil,SÃO PAULO,BARRETOS,Cerrado,7,0.0,1.0,3.0,-20.39772,-48.76439
2023/07/27 04:44:00,NOAA-20,Brasil,SÃO PAULO,BARRETOS,Cerrado,7,0.0,1.0,3.3,-20.3967,-48.76659
2023/07/27 04:44:00,NOAA-20,Brasil,SÃO PAULO,BARRETOS,Cerrado,7,0.0,1.0,2.6,-20.39336,-48.76852
2023/07/27 04:44:00,NOAA-20,Brasil,SÃO PAULO,BARRETOS,Cerrado,7,0.0,1.0,2.7,-20.46768,-48.61217
2023/07/27 04:44:00,NOAA-20,Brasil,SÃO PAULO,BARRETOS,Cerrado,7,0.0,1.0,2.6,-20.39711,-48.76913
2023/07/27 04:44:00,NOAA-20,Brasil,SÃO PAULO,BARRETOS,Cerrado,7,0.0,1.0,9.0,-20.47213,-48.60778
2023/07/27 04:44:00,NOAA-20,Brasil,SÃO PAULO,BARRETOS,Cerrado,7,0.0,1.0,0.6,-20.47592,-48.60835
2023/07/27 04:44:00,NOAA-20,Brasil,SÃO PAULO,BARRETOS,Cerrado,7,0.0,1.0,2.7,-20.47147,-48.61274
2023/07/27 04:44:00,NOAA-20,Brasil,SÃO PAULO,BARRETOS,Cerrado,7,0.0,1.0,3.3,-20.39295,-48.76598
2023/07/27 16:24:00,NPP-375,Brasil,SÃO PAULO,BARRETOS,Cerrado,7,0.0,1.0,4.4,-20.473,-48.6102
2023/07/27 16:24:00,NPP-375,Brasil,SÃO PAULO,BARRETOS,Cerrado,7,0.0,1.0,8.3,-20.51369,-48.49786
2023/07/27 17:13:00,NOAA-20,Brasil,SÃO PAULO,BARRETOS,Cerrado,7,0.0,1.0,10.7,-20.50974,-48.50072
2023/07/27 17:13:00,NOAA-20,Brasil,SÃO PAULO,BARRETOS,Cerrado,7,0.0,1.0,8.4,-20.51373,-48.5
2023/07/27 17:13:00,NOAA-20,Brasil,SÃO PAULO,BARRETOS,Cerrado,7,0.0,1.0,87.6,-20.51272,-48.49456
2023/07/27 17:56:00,AQUA_M-T,Brasil,SÃO PAULO,BARRETOS,Cerrado,7,0.0,1.0,35.7,-20.51787,-48.53198
2023/07/27 17:56:00,AQUA_M-T,Brasil,SÃO PAULO,BARRETOS,Cerrado,6,0.0,1.0,135.9,-20.51912,-48.50237
2023/07/27 17:56:00,AQUA_M-T,Brasil,SÃO PAULO,BARRETOS,Cerrado,7,0.0,1.0,101.5,-20.5104,-48.49646
2023/07/27 21:46:59,GOES-16,Brasil,SÃO PAULO,BARRETOS,Cerrado,7,0.0,1.0,144.1,-20.5041,-48.4857
2023/07/27 21:46:59,GOES-16,Brasil,SÃO PAULO,BARRETOS,Cerrado,7,0.0,1.0,110.6,-20.4836,-48.4903
2023/07/27 22:06:59,GOES-16,Brasil,SÃO PAULO,BARRETOS,Cerrado,7,0.0,1.0,65.3,-20.4836,-48.4903
2023/07/27 22:06:59,GOES-16,Brasil,SÃO PAULO,BARRETOS,Cerrado,7,0.0,1.0,124.0,-20.5041,-48.4857
2023/07/28 01:05:00,TERRA_M-M,Brasil,SÃO PAULO,BARRETOS,Cerrado,9,0.0,1.0,17.8,-20.47247,-48.60606
2023/07/28 01:06:29,METOP-B,Brasil,SÃO PAULO,BARRETOS,Cerrado,9,0.0,0.91,,-20.466100692749023,-48.59510040283203
2023/07/28 01:06:29,METOP-B,Brasil,SÃO PAULO,BARRETOS,Cerrado,9,0.0,1.0,,-20.468000411987305,-48.60329818725586
2023/07/28 01:30:29,NOAA-18D,Brasil,SÃO PAULO,BARRETOS,Cerrado,11,0.0,1.0,,-20.4895343781,-48.6644172668
2023/07/28 02:57:00,GOES-16,Brasil,SÃO PAULO,BARRETOS,Cerrado,12,0.0,1.0,58.1,-20.6848,-48.5834
2023/07/28 03:17:00,GOES-16,Brasil,SÃO PAULO,BARRETOS,Cerrado,12,0.0,1.0,53.1,-20.6848,-48.5834
2023/07/28 03:34:00,NPP-375D,Brasil,SÃO PAULO,BARRETOS,Cerrado,9,0.0,1.0,2.8,-20.39194,-48.76753
2023/07/28 03:34:00,NPP-375D,Brasil,SÃO PAULO,BARRETOS,Cerrado,9,0.0,1.0,2.8,-20.39856,-48.76904
2023/07/28 04:23:00,NOAA-20,Brasil,SÃO PAULO,BARRETOS,Cerrado,9,0.0,1.0,2.9,-20.4742,-48.60886
2023/07/28 04:23:00,NOAA-20,Brasil,SÃO PAULO,BARRETOS,Cerrado,9,0.0,1.0,2.9,-20.47088,-48.60826
2023/07/28 04:23:00,NOAA-20,Brasil,SÃO PAULO,BARRETOS,Cerrado,9,0.0,1.0,0.9,-20.39816,-48.76644
2023/07/28 04:23:00,NOAA-20,Brasil,SÃO PAULO,BARRETOS,Cerrado,9,0.0,1.0,11.9,-20.39484,-48.76584
2023/07/28 04:51:00,AQUA_M-M,Brasil,SÃO PAULO,BARRETOS,Cerrado,9,0.0,1.0,6.4,-20.3974,-48.76864
2023/07/28 05:16:00,NPP-375D,Brasil,SÃO PAULO,BARRETOS,Cerrado,9,0.0,1.0,4.6,-20.39502,-48.76831
2023/07/28 05:16:00,NPP-375D,Brasil,SÃO PAULO,BARRETOS,Cerrado,9,0.0,1.0,5.1,-20.39617,-48.7676
2023/07/28 05:16:00,NPP-375D,Brasil,SÃO PAULO,BARRETOS,Cerrado,9,0.0,1.0,0.7,-20.47101,-48.61352
2023/07/28 05:16:00,NPP-375D,Brasil,SÃO PAULO,BARRETOS,Cerrado,9,0.0,1.0,0.7,-20.47148,-48.6081
2023/07/29 00:45:53,METOP-B,Brasil,SÃO PAULO,BARRETOS,Cerrado,10,0.0,1.0,,-20.470600128173828,-48.60419845581055
2023/07/29 00:45:53,METOP-B,Brasil,SÃO PAULO,BARRETOS,Cerrado,10,0.0,0.86,,-20.467300415039062,-48.58789825439453
2023/07/29 00:45:53,METOP-B,Brasil,SÃO PAULO,BARRETOS,Cerrado,10,0.0,0.95,,-20.468900680541992,-48.59600067138672
2023/07/29 01:45:00,TERRA_M-M,Brasil,SÃO PAULO,BARRETOS,Cerrado,10,0.0,1.0,9.8,-20.46881,-48.60845
2023/07/29 04:06:00,NOAA-20,Brasil,SÃO PAULO,BARRETOS,Cerrado,10,0.0,1.0,2.1,-20.46871,-48.61034
2023/07/29 04:06:00,NOAA-20,Brasil,SÃO PAULO,BARRETOS,Cerrado,10,0.0,1.0,2.1,-20.47447,-48.60721
2023/07/29 04:06:00,NOAA-20,Brasil,SÃO PAULO,BARRETOS,Cerrado,10,0.0,1.0,2.1,-20.47338,-48.60756
2023/07/29 04:06:00,NOAA-20,Brasil,SÃO PAULO,BARRETOS,Cerrado,10,0.0,1.0,2.1,-20.47047,-48.60639
2023/07/29 04:06:00,NOAA-20,Brasil,SÃO PAULO,BARRETOS,Cerrado,10,0.0,1.0,2.1,-20.46978,-48.61
2023/07/29 04:06:00,NOAA-20,Brasil,SÃO PAULO,BARRETOS,Cerrado,10,0.0,1.0,2.1,-20.46938,-48.60672
2023/07/29 04:55:00,NPP-375D,Brasil,SÃO PAULO,BARRETOS,Cerrado,10,0.0,1.0,1.3,-20.47259,-48.60743
2023/07/29 04:55:00,NPP-375D,Brasil,SÃO PAULO,BARRETOS,Cerrado,10,0.0,1.0,1.3,-20.4674,-48.61195
2023/07/29 04:55:00,NPP-375D,Brasil,SÃO PAULO,BARRETOS,Cerrado,10,0.0,1.0,1.3,-20.46799,-48.6068
2023/07/31 23:36:59,GOES-16,Brasil,SÃO PAULO,BARRETOS,Cerrado,13,0.0,0.9,61.3,-20.5015,-48.5785
2023/07/31 23:46:59,GOES-16,Brasil,SÃO PAULO,BARRETOS,Cerrado,13,0.0,0.9,57.9,-20.5015,-48.5785
2023/07/31 23:56:59,GOES-16,Brasil,SÃO PAULO,BARRETOS,Cerrado,13,0.0,0.9,71.1,-20.5015,-48.5785
2023/07/31 23:56:59,GOES-16,Brasil,SÃO PAULO,BARRETOS,Cerrado,13,0.0,1.0,56.9,-20.481,-48.5831
2023/08/01 00:06:59,GOES-16,Brasil,SÃO PAULO,BARRETOS,Cerrado,13,0.0,0.94,65.0,-20.5015,-48.5785
2023/08/01 00:06:59,GOES-16,Brasil,SÃO PAULO,BARRETOS,Cerrado,13,0.0,1.0,56.4,-20.481,-48.5831
2023/08/01 00:16:59,GOES-16,Brasil,SÃO PAULO,BARRETOS,Cerrado,13,0.0,0.94,56.8,-20.5015,-48.5785
2023/08/01 00:26:59,GOES-16,Brasil,SÃO PAULO,BARRETOS,Cerrado,13,0.0,1.0,84.3,-20.481,-48.5831
2023/08/01 00:26:59,GOES-16,Brasil,SÃO PAULO,BARRETOS,Cerrado,13,0.0,0.94,95.6,-20.5015,-48.5785
2023/08/01 00:36:59,GOES-16,Brasil,SÃO PAULO,BARRETOS,Cerrado,13,0.0,0.94,70.8,-20.5015,-48.5785
2023/08/01 00:36:59,GOES-16,Brasil,SÃO PAULO,BARRETOS,Cerrado,13,0.0,1.0,65.2,-20.481,-48.5831
2023/08/01 00:46:59,GOES-16,Brasil,SÃO PAULO,BARRETOS,Cerrado,13,0.0,1.0,52.3,-20.4804,-48.6063
2023/08/01 00:46:59,GOES-16,Brasil,SÃO PAULO,BARRETOS,Cerrado,13,0.0,0.94,70.8,-20.5015,-48.5785
2023/08/01 00:46:59,GOES-16,Brasil,SÃO PAULO,BARRETOS,Cerrado,13,0.0,1.0,96.8,-20.481,-48.5831
2023/08/01 00:56:59,GOES-16,Brasil,SÃO PAULO,BARRETOS,Cerrado,13,0.0,0.94,68.9,-20.5015,-48.5785
2023/08/01 00:56:59,GOES-16,Brasil,SÃO PAULO,BARRETOS,Cerrado,13,0.0,1.0,73.2,-20.481,-48.5831
2023/08/01 01:06:59,GOES-16,Brasil,SÃO PAULO,BARRETOS,Cerrado,13,0.0,1.0,61.8,-20.4804,-48.6063
2023/08/01 01:06:59,GOES-16,Brasil,SÃO PAULO,BARRETOS,Cerrado,13,0.0,1.0,88.6,-20.481,-48.5831
2023/08/01 01:06:59,GOES-16,Brasil,SÃO PAULO,BARRETOS,Cerrado,13,0.0,0.94,70.2,-20.5015,-48.5785
2023/08/01 01:16:59,GOES-16,Brasil,SÃO PAULO,BARRETOS,Cerrado,13,0.0,1.0,61.8,-20.4804,-48.6063
2023/08/01 01:16:59,GOES-16,Brasil,SÃO PAULO,BARRETOS,Cerrado,13,0.0,0.94,64.4,-20.5015,-48.5785
2023/08/01 01:16:59,GOES-16,Brasil,SÃO PAULO,BARRETOS,Cerrado,13,0.0,1.0,98.9,-20.481,-48.5831
2023/08/01 01:26:59,GOES-16,Brasil,SÃO PAULO,BARRETOS,Cerrado,13,0.0,0.94,63.7,-20.5015,-48.5785
2023/08/01 01:26:59,GOES-16,Brasil,SÃO PAULO,BARRETOS,Cerrado,13,0.0,1.0,68.5,-20.481,-48.5831
2023/08/01 01:36:59,GOES-16,Brasil,SÃO PAULO,BARRETOS,Cerrado,13,0.0,1.0,67.8,-20.481,-48.5831
2023/08/01 01:46:59,GOES-16,Brasil,SÃO PAULO,BARRETOS,Cerrado,13,0.0,1.0,58.6,-20.481,-48.5831
2023/08/01 02:09:00,TERRA_M-M,Brasil,SÃO PAULO,BARRETOS,Cerrado,13,0.0,1.0,60.2,-20.486,-48.59356
2023/08/01 02:09:00,TERRA_M-M,Brasil,SÃO PAULO,BARRETOS,Cerrado,13,0.0,1.0,43.6,-20.47927,-48.60185
2023/08/01 02:56:59,GOES-16,Brasil,SÃO PAULO,BARRETOS,Cerrado,13,0.0,1.0,53.9,-20.481,-48.5831
2023/08/01 02:56:59,GOES-16,Brasil,SÃO PAULO,BARRETOS,Cerrado,13,0.0,1.0,47.9,-20.4804,-48.6063
2023/08/01 03:06:59,GOES-16,Brasil,SÃO PAULO,BARRETOS,Cerrado,13,0.0,1.0,55.7,-20.481,-48.5831
2023/08/01 03:16:59,GOES-16,Brasil,SÃO PAULO,BARRETOS,Cerrado,13,0.0,1.0,97.4,-20.481,-48.5831
2023/08/01 03:16:59,GOES-16,Brasil,SÃO PAULO,BARRETOS,Cerrado,13,0.0,0.94,62.0,-20.5015,-48.5785
2023/08/01 03:16:59,GOES-16,Brasil,SÃO PAULO,BARRETOS,Cerrado,13,0.0,1.0,65.5,-20.4804,-48.6063
2023/08/01 03:26:59,GOES-16,Brasil,SÃO PAULO,BARRETOS,Cerrado,13,0.0,1.0,92.5,-20.481,-48.5831
2023/08/01 03:26:59,GOES-16,Brasil,SÃO PAULO,BARRETOS,Cerrado,14,0.0,1.0,54.2,-20.5009,-48.6017
2023/08/01 03:26:59,GOES-16,Brasil,SÃO PAULO,BARRETOS,Cerrado,13,0.0,0.94,104.0,-20.5015,-48.5785
2023/08/01 03:26:59,GOES-16,Brasil,SÃO PAULO,BARRETOS,Cerrado,13,0.0,1.0,72.5,-20.4804,-48.6063
2023/08/01 04:00:00,NPP-375D,Brasil,SÃO PAULO,BARRETOS,Cerrado,13,0.34,1.0,1.2,-20.39457,-48.76635
2023/08/01 04:00:00,NPP-375D,Brasil,SÃO PAULO,BARRETOS,Cerrado,13,0.35,1.0,2.3,-20.39909,-48.76726
2023/08/01 04:00:00,NPP-375D,Brasil,SÃO PAULO,BARRETOS,Cerrado,13,0.0,1.0,18.9,-20.46812,-48.60937
2023/08/01 04:00:00,NPP-375D,Brasil,SÃO PAULO,BARRETOS,Cerrado,13,0.0,1.0,18.9,-20.47257,-48.61035
2023/08/01 04:00:00,NPP-375D,Brasil,SÃO PAULO,BARRETOS,Cerrado,13,0.0,1.0,18.9,-20.47348,-48.60577
2023/08/01 04:00:00,NPP-375D,Brasil,SÃO PAULO,BARRETOS,Cerrado,13,0.0,1.0,39.8,-20.48076,-48.59243
2023/08/01 04:00:00,NPP-375D,Brasil,SÃO PAULO,BARRETOS,Cerrado,13,0.0,1.0,39.8,-20.48169,-48.58775
2023/08/01 04:00:00,NPP-375D,Brasil,SÃO PAULO,BARRETOS,Cerrado,13,0.0,1.0,39.8,-20.4852,-48.59346
2023/08/01 04:00:00,NPP-375D,Brasil,SÃO PAULO,BARRETOS,Cerrado,13,0.0,1.0,39.8,-20.48614,-48.58872
2023/08/01 04:00:00,NPP-375D,Brasil,SÃO PAULO,BARRETOS,Cerrado,13,0.38,1.0,1.4,-20.39389,-48.76826
2023/08/01 04:00:00,NPP-375D,Brasil,SÃO PAULO,BARRETOS,Cerrado,13,0.39,1.0,1.4,-20.39841,-48.76919
2023/08/01 04:06:59,GOES-16,Brasil,SÃO PAULO,BARRETOS,Cerrado,13,0.0,1.0,58.9,-20.4804,-48.6063
2023/08/01 04:06:59,GOES-16,Brasil,SÃO PAULO,BARRETOS,Cerrado,13,0.0,1.0,73.5,-20.481,-48.5831
2023/08/01 04:06:59,GOES-16,Brasil,SÃO PAULO,BARRETOS,Cerrado,13,0.0,0.94,67.0,-20.5015,-48.5785
2023/08/01 04:16:59,GOES-16,Brasil,SÃO PAULO,BARRETOS,Cerrado,13,0.0,0.94,63.2,-20.5015,-48.5785
2023/08/01 04:16:59,GOES-16,Brasil,SÃO PAULO,BARRETOS,Cerrado,13,0.0,1.0,68.4,-20.481,-48.5831
2023/08/01 04:16:59,GOES-16,Brasil,SÃO PAULO,BARRETOS,Cerrado,13,0.0,1.0,59.0,-20.4804,-48.6063
2023/08/01 04:21:00,AQUA_M-M,Brasil,SÃO PAULO,BARRETOS,Cerrado,13,0.0,1.0,36.4,-20.48594,-48.56826
2023/08/01 04:21:00,AQUA_M-M,Brasil,SÃO PAULO,BARRETOS,Cerrado,13,0.0,1.0,27.9,-20.46275,-48.61379
2023/08/01 04:21:00,AQUA_M-M,Brasil,SÃO PAULO,BARRETOS,Cerrado,13,0.0,0.92,38.3,-20.46751,-48.58966
2023/08/01 04:21:00,AQUA_M-M,Brasil,SÃO PAULO,BARRETOS,Cerrado,13,0.0,1.0,38.1,-20.46964,-48.61039
2023/08/01 04:21:00,AQUA_M-M,Brasil,SÃO PAULO,BARRETOS,Cerrado,13,0.0,0.99,78.2,-20.47423,-48.58615
2023/08/01 04:21:00,AQUA_M-M,Brasil,SÃO PAULO,BARRETOS,Cerrado,13,0.0,1.0,73.6,-20.48118,-48.59252
2023/08/01 04:26:59,GOES-16,Brasil,SÃO PAULO,BARRETOS,Cerrado,13,0.0,1.0,59.3,-20.481,-48.5831
2023/08/01 04:26:59,GOES-16,Brasil,SÃO PAULO,BARRETOS,Cerrado,13,0.0,1.0,67.3,-20.4804,-48.6063
2023/08/01 04:36:59,GOES-16,Brasil,SÃO PAULO,BARRETOS,Cerrado,13,0.0,1.0,57.0,-20.4804,-48.6063
2023/08/01 04:36:59,GOES-16,Brasil,SÃO PAULO,BARRETOS,Cerrado,13,0.0,1.0,56.8,-20.481,-48.5831
2023/08/01 04:46:59,GOES-16,Brasil,SÃO PAULO,BARRETOS,Cerrado,13,0.0,1.0,53.7,-20.4804,-48.6063
2023/08/01 04:46:59,GOES-16,Brasil,SÃO PAULO,BARRETOS,Cerrado,13,0.0,1.0,60.4,-20.481,-48.5831
2023/08/01 04:51:00,NOAA-20,Brasil,SÃO PAULO,BARRETOS,Cerrado,13,0.0,1.0,16.7,-20.48636,-48.58768
2023/08/01 04:51:00,NOAA-20,Brasil,SÃO PAULO,BARRETOS,Cerrado,13,0.0,1.0,16.7,-20.48588,-48.59167
2023/08/01 04:51:00,NOAA-20,Brasil,SÃO PAULO,BARRETOS,Cerrado,13,0.0,1.0,11.2,-20.47091,-48.60985
2023/08/01 04:51:00,NOAA-20,Brasil,SÃO PAULO,BARRETOS,Cerrado,13,0.0,1.0,9.1,-20.46724,-48.60515
2023/08/01 04:51:00,NOAA-20,Brasil,SÃO PAULO,BARRETOS,Cerrado,13,0.0,1.0,6.9,-20.46675,-48.60926
2023/08/01 04:51:00,NOAA-20,Brasil,SÃO PAULO,BARRETOS,Cerrado,13,0.33,1.0,0.8,-20.39899,-48.76635
2023/08/01 04:51:00,NOAA-20,Brasil,SÃO PAULO,BARRETOS,Cerrado,13,0.32,1.0,0.8,-20.39488,-48.76569
2023/08/01 04:51:00,NOAA-20,Brasil,SÃO PAULO,BARRETOS,Cerrado,13,0.0,1.0,16.7,-20.4817,-48.59109
2023/08/01 04:51:00,NOAA-20,Brasil,SÃO PAULO,BARRETOS,Cerrado,13,0.0,1.0,16.7,-20.48219,-48.58708
2023/08/01 04:51:00,NOAA-20,Brasil,SÃO PAULO,BARRETOS,Cerrado,13,0.0,1.0,11.4,-20.47559,-48.60635
2023/08/01 04:51:00,NOAA-20,Brasil,SÃO PAULO,BARRETOS,Cerrado,13,0.0,1.0,11.2,-20.47508,-48.61044
2023/08/01 04:51:00,NOAA-20,Brasil,SÃO PAULO,BARRETOS,Cerrado,13,0.0,1.0,11.4,-20.47142,-48.60574
2023/08/01 04:56:59,GOES-16,Brasil,SÃO PAULO,BARRETOS,Cerrado,13,0.0,1.0,49.3,-20.4804,-48.6063
2023/08/01 05:06:59,GOES-16,Brasil,SÃO PAULO,BARRETOS,Cerrado,13,0.0,1.0,48.0,-20.4804,-48.6063
2023/08/01 13:04:00,TERRA_M-T,Brasil,SÃO PAULO,BARRETOS,Cerrado,13,0.0,1.0,6.3,-20.46861,-48.60318
2023/08/01 16:30:00,NPP-375,Brasil,SÃO PAULO,BARRETOS,Cerrado,13,0.0,1.0,4.5,-20.46964,-48.60589
2023/08/01 16:30:00,NPP-375,Brasil,SÃO PAULO,BARRETOS,Cerrado,13,0.0,1.0,4.5,-20.47391,-48.60533
2023/08/01 17:20:00,NOAA-20,Brasil,SÃO PAULO,BARRETOS,Cerrado,13,0.0,1.0,2.9,-20.47367,-48.60545
2023/08/02 00:26:59,GOES-16,Brasil,SÃO PAULO,BARRETOS,Cerrado,14,0.0,1.0,82.6,-20.481,-48.5831
2023/08/02 00:36:59,GOES-16,Brasil,SÃO PAULO,BARRETOS,Cerrado,14,0.0,1.0,80.0,-20.481,-48.5831
2023/08/02 00:37:00,GOES-16,Brasil,SÃO PAULO,BARRETOS,Cerrado,14,0.0,0.94,101.7,-20.5015,-48.5785
2023/08/02 00:46:59,GOES-16,Brasil,SÃO PAULO,BARRETOS,Cerrado,14,0.0,1.0,103.4,-20.481,-48.5831
2023/08/02 00:47:00,GOES-16,Brasil,SÃO PAULO,BARRETOS,Cerrado,14,0.0,0.94,89.4,-20.5015,-48.5785
2023/08/02 00:56:59,GOES-16,Brasil,SÃO PAULO,BARRETOS,Cerrado,14,0.0,1.0,100.8,-20.481,-48.5831
2023/08/02 00:57:00,GOES-16,Brasil,SÃO PAULO,BARRETOS,Cerrado,14,0.0,0.94,59.1,-20.5015,-48.5785
2023/08/02 01:06:59,GOES-16,Brasil,SÃO PAULO,BARRETOS,Cerrado,14,0.0,1.0,75.9,-20.481,-48.5831
2023/08/02 01:07:00,GOES-16,Brasil,SÃO PAULO,BARRETOS,Cerrado,14,0.0,0.94,91.1,-20.5015,-48.5785
2023/08/02 01:11:00,TERRA_M-M,Brasil,SÃO PAULO,BARRETOS,Cerrado,14,0.0,0.99,9.6,-20.49611,-48.57811
2023/08/02 01:11:00,TERRA_M-M,Brasil,SÃO PAULO,BARRETOS,Cerrado,14,0.0,1.0,67.4,-20.48703,-48.59364
2023/08/02 01:11:00,TERRA_M-M,Brasil,SÃO PAULO,BARRETOS,Cerrado,14,0.0,1.0,112.0,-20.48539,-48.57952
2023/08/02 01:11:00,TERRA_M-M,Brasil,SÃO PAULO,BARRETOS,Cerrado,12,0.0,1.0,14.3,-20.3942,-48.77072
2023/08/02 01:16:59,GOES-16,Brasil,SÃO PAULO,BARRETOS,Cerrado,14,0.0,1.0,70.5,-20.481,-48.5831
2023/08/02 01:17:00,GOES-16,Brasil,SÃO PAULO,BARRETOS,Cerrado,14,0.0,0.94,70.9,-20.5015,-48.5785
2023/08/02 01:26:59,GOES-16,Brasil,SÃO PAULO,BARRETOS,Cerrado,14,0.0,1.0,66.0,-20.481,-48.5831
2023/08/02 01:47:00,GOES-16,Brasil,SÃO PAULO,BARRETOS,Cerrado,14,0.0,0.94,56.2,-20.5015,-48.5785
2023/08/02 02:27:00,GOES-16,Brasil,SÃO PAULO,BARRETOS,Cerrado,14,0.0,0.94,60.5,-20.5015,-48.5785
2023/08/02 02:36:59,GOES-16,Brasil,SÃO PAULO,BARRETOS,Cerrado,14,0.0,1.0,69.0,-20.481,-48.5831
2023/08/02 02:37:00,GOES-16,Brasil,SÃO PAULO,BARRETOS,Cerrado,14,0.0,0.94,55.9,-20.5015,-48.5785
2023/08/02 02:47:00,GOES-16,Brasil,SÃO PAULO,BARRETOS,Cerrado,14,0.0,0.94,66.2,-20.5015,-48.5785
2023/08/02 02:57:00,GOES-16,Brasil,SÃO PAULO,BARRETOS,Cerrado,14,0.0,0.94,58.3,-20.5015,-48.5785
2023/08/02 03:42:00,NPP-375D,Brasil,SÃO PAULO,BARRETOS,Cerrado,14,0.0,1.0,9.0,-20.48818,-48.58286
2023/08/02 03:42:00,NPP-375D,Brasil,SÃO PAULO,BARRETOS,Cerrado,14,0.0,1.0,9.0,-20.4871,-48.58753
2023/08/02 03:42:00,NPP-375D,Brasil,SÃO PAULO,BARRETOS,Cerrado,12,0.0,1.0,2.6,-20.39448,-48.76932
2023/08/02 04:32:00,NOAA-20,Brasil,SÃO PAULO,BARRETOS,Cerrado,14,0.0,1.0,6.7,-20.49054,-48.58522
2023/08/02 04:32:00,NOAA-20,Brasil,SÃO PAULO,BARRETOS,Cerrado,13,0.0,1.0,3.1,-20.39822,-48.76506
2023/08/02 04:32:00,NOAA-20,Brasil,SÃO PAULO,BARRETOS,Cerrado,14,0.0,1.0,1.3,-20.46984,-48.6086
2023/08/02 04:32:00,NOAA-20,Brasil,SÃO PAULO,BARRETOS,Cerrado,14,0.0,1.0,1.3,-20.47041,-48.60484
2023/08/02 04:32:00,NOAA-20,Brasil,SÃO PAULO,BARRETOS,Cerrado,14,0.0,1.0,1.3,-20.47319,-48.60917
2023/08/02 04:32:00,NOAA-20,Brasil,SÃO PAULO,BARRETOS,Cerrado,14,0.0,1.0,6.7,-20.48719,-48.58466
2023/08/02 04:32:00,NOAA-20,Brasil,SÃO PAULO,BARRETOS,Cerrado,14,0.0,1.0,5.0,-20.48776,-48.58091
2023/08/02 04:32:00,NOAA-20,Brasil,SÃO PAULO,BARRETOS,Cerrado,14,0.0,1.0,5.0,-20.49111,-48.58147
2023/08/02 05:04:00,AQUA_M-M,Brasil,SÃO PAULO,BARRETOS,Cerrado,14,0.0,1.0,14.1,-20.48808,-48.57833
2023/08/02 05:23:00,NPP-375D,Brasil,SÃO PAULO,BARRETOS,Cerrado,14,0.0,1.0,4.8,-20.46819,-48.61029
2023/08/02 05:23:00,NPP-375D,Brasil,SÃO PAULO,BARRETOS,Cerrado,14,0.0,1.0,2.9,-20.4908,-48.58554
2023/08/02 05:23:00,NPP-375D,Brasil,SÃO PAULO,BARRETOS,Cerrado,14,0.0,1.0,2.9,-20.48394,-48.58493
2023/08/03 16:41:00,NOAA-20,Brasil,SÃO PAULO,BARRETOS,Cerrado,18,0.0,1.0,1.6,-20.52399,-48.64198
2023/08/05 03:34:00,NOAA-20,Brasil,SÃO PAULO,BARRETOS,Cerrado,16,0.0,1.0,6.2,-20.39629,-48.76863
2023/08/05 03:34:00,NOAA-20,Brasil,SÃO PAULO,BARRETOS,Cerrado,16,0.0,1.0,3.8,-20.3946,-48.76854
2023/08/05 03:34:00,NOAA-20,Brasil,SÃO PAULO,BARRETOS,Cerrado,16,0.0,1.0,4.7,-20.39773,-48.76246
2023/08/05 03:34:00,NOAA-20,Brasil,SÃO PAULO,BARRETOS,Cerrado,16,0.0,1.0,3.8,-20.39608,-48.76241
2023/08/05 04:25:00,NPP-375D,Brasil,SÃO PAULO,BARRETOS,Cerrado,17,0.0,1.0,17.0,-20.33827,-48.55398
2023/08/05 04:25:00,NPP-375D,Brasil,SÃO PAULO,BARRETOS,Cerrado,16,0.0,1.0,3.8,-20.39671,-48.76732
2023/08/05 04:25:00,NPP-375D,Brasil,SÃO PAULO,BARRETOS,Cerrado,17,0.0,1.0,8.5,-20.3422,-48.55087
2023/08/05 04:25:00,NPP-375D,Brasil,SÃO PAULO,BARRETOS,Cerrado,16,0.0,1.0,3.8,-20.39731,-48.76358
2023/08/05 04:25:00,NPP-375D,Brasil,SÃO PAULO,BARRETOS,Cerrado,17,0.0,1.0,17.0,-20.34161,-48.55458
2023/08/05 04:25:00,NPP-375D,Brasil,SÃO PAULO,BARRETOS,Cerrado,17,0.0,1.0,8.5,-20.33887,-48.55027
2023/08/05 04:25:00,NPP-375D,Brasil,SÃO PAULO,BARRETOS,Cerrado,16,0.0,1.0,1.2,-20.40066,-48.76418
2023/08/05 05:14:00,NOAA-20,Brasil,SÃO PAULO,BARRETOS,Cerrado,16,0.0,1.0,2.0,-20.39947,-48.76399
2023/08/05 05:14:00,NOAA-20,Brasil,SÃO PAULO,BARRETOS,Cerrado,16,0.0,1.0,1.4,-20.39902,-48.76887
2023/08/05 16:54:00,NPP-375,Brasil,SÃO PAULO,BARRETOS,Cerrado,17,0.0,-999.0,3.6,-20.51582,-48.56673
2023/08/06 04:55:00,NOAA-20,Brasil,SÃO PAULO,BARRETOS,Cerrado,18,0.0,1.0,0.8,-20.51753,-48.55932
2023/08/06 14:16:59,GOES-16,Brasil,SÃO PAULO,BARRETOS,Cerrado,18,0.0,1.0,101.1,-20.4587,-48.6572
2023/08/06 14:16:59,GOES-16,Brasil,SÃO PAULO,BARRETOS,Cerrado,18,0.0,1.0,105.7,-20.4599,-48.6109
2023/08/06 14:16:59,GOES-16,Brasil,SÃO PAULO,BARRETOS,Cerrado,18,0.0,1.0,308.7,-20.4593,-48.6341
2023/08/06 14:16:59,GOES-16,Brasil,SÃO PAULO,BARRETOS,Cerrado,19,0.0,1.0,84.2,-20.4798,-48.6295
2023/08/06 14:26:59,GOES-16,Brasil,SÃO PAULO,BARRETOS,Cerrado,18,0.0,1.0,172.1,-20.4587,-48.6572
2023/08/06 14:26:59,GOES-16,Brasil,SÃO PAULO,BARRETOS,Cerrado,18,0.0,1.0,340.8,-20.4593,-48.6341
2023/08/08 04:17:00,NOAA-20,Brasil,SÃO PAULO,BARRETOS,Cerrado,19,0.0,1.0,1.4,-20.39946,-48.76331
2023/08/09 04:00:00,NOAA-20,Brasil,SÃO PAULO,BARRETOS,Cerrado,21,0.0,1.0,11.7,-20.488,-48.57488
2023/08/09 04:00:00,NOAA-20,Brasil,SÃO PAULO,BARRETOS,Cerrado,21,0.0,1.0,11.7,-20.48708,-48.57947
2023/08/09 04:00:00,NOAA-20,Brasil,SÃO PAULO,BARRETOS,Cerrado,21,0.0,1.0,11.7,-20.49146,-48.58047
2023/08/09 04:00:00,NOAA-20,Brasil,SÃO PAULO,BARRETOS,Cerrado,20,0.0,1.0,1.7,-20.39639,-48.76427
2023/08/09 04:51:00,NPP-375D,Brasil,SÃO PAULO,BARRETOS,Cerrado,20,0.0,1.0,0.7,-20.39863,-48.76517
2023/08/09 04:51:00,NPP-375D,Brasil,SÃO PAULO,BARRETOS,Cerrado,21,0.0,1.0,5.0,-20.48666,-48.57587
2023/08/09 04:51:00,NPP-375D,Brasil,SÃO PAULO,BARRETOS,Cerrado,21,0.0,1.0,5.0,-20.49035,-48.58043
2023/08/09 04:51:00,NPP-375D,Brasil,SÃO PAULO,BARRETOS,Cerrado,21,0.0,1.0,5.0,-20.49084,-48.57647
2023/08/09 05:04:00,AQUA_M-M,Brasil,SÃO PAULO,BARRETOS,Cerrado,21,0.0,1.0,13.5,-20.4917,-48.57526
2023/08/10 01:45:00,TERRA_M-M,Brasil,SÃO PAULO,BARRETOS,Cerrado,20,2.02,1.0,10.7,-20.39207,-48.76518
2023/08/10 03:40:00,NOAA-20,Brasil,SÃO PAULO,BARRETOS,Cerrado,22,0.0,1.0,7.9,-20.48561,-48.57997
2023/08/10 03:40:00,NOAA-20,Brasil,SÃO PAULO,BARRETOS,Cerrado,20,2.02,1.0,2.0,-20.39627,-48.7692
2023/08/10 03:40:00,NOAA-20,Brasil,SÃO PAULO,BARRETOS,Cerrado,22,0.0,1.0,2.4,-20.49251,-48.57689
2023/08/10 03:40:00,NOAA-20,Brasil,SÃO PAULO,BARRETOS,Cerrado,22,0.0,1.0,2.4,-20.49146,-48.58152
2023/08/10 03:40:00,NOAA-20,Brasil,SÃO PAULO,BARRETOS,Cerrado,22,0.0,1.0,7.9,-20.48666,-48.57536
2023/08/10 03:40:00,NOAA-20,Brasil,SÃO PAULO,BARRETOS,Cerrado,20,2.08,1.0,2.0,-20.39736,-48.76432
2023/08/10 04:32:00,NPP-375D,Brasil,SÃO PAULO,BARRETOS,Cerrado,20,2.08,1.0,2.9,-20.39703,-48.76425
2023/08/10 04:32:00,NPP-375D,Brasil,SÃO PAULO,BARRETOS,Cerrado,22,0.0,1.0,1.3,-20.48738,-48.57634
2023/08/10 04:32:00,NPP-375D,Brasil,SÃO PAULO,BARRETOS,Cerrado,22,0.0,1.0,3.0,-20.49017,-48.58066
2023/08/10 04:32:00,NPP-375D,Brasil,SÃO PAULO,BARRETOS,Cerrado,22,0.0,1.0,11.9,-20.49074,-48.57691
2023/08/10 05:23:00,NOAA-20,Brasil,SÃO PAULO,BARRETOS,Cerrado,22,0.0,1.0,2.5,-20.486,-48.58267
2023/08/10 05:23:00,NOAA-20,Brasil,SÃO PAULO,BARRETOS,Cerrado,22,0.0,1.0,3.2,-20.48652,-48.57608
2023/08/10 12:38:00,TERRA_M-T,Brasil,SÃO PAULO,BARRETOS,Cerrado,17,1.63,1.0,85.9,-20.38351,-48.79681
2023/08/10 12:38:00,TERRA_M-T,Brasil,SÃO PAULO,BARRETOS,Cerrado,18,1.69,1.0,37.0,-20.38621,-48.79127
2023/08/11 00:48:00,TERRA_M-M,Brasil,SÃO PAULO,BARRETOS,Cerrado,23,0.0,1.0,67.3,-20.48723,-48.58819
2023/08/11 01:16:59,GOES-16,Brasil,SÃO PAULO,BARRETOS,Cerrado,27,0.0,1.0,68.3,-20.54,-48.6621
2023/08/11 01:16:59,GOES-16,Brasil,SÃO PAULO,BARRETOS,Cerrado,23,0.0,1.0,66.2,-20.5188,-48.6898
2023/08/11 01:16:59,GOES-16,Brasil,SÃO PAULO,BARRETOS,Cerrado,25,0.0,1.0,58.6,-20.5195,-48.6667
2023/08/11 01:16:59,GOES-16,Brasil,SÃO PAULO,BARRETOS,Cerrado,26,0.0,1.0,62.8,-20.5393,-48.6852
2023/08/11 01:26:59,GOES-16,Brasil,SÃO PAULO,BARRETOS,Cerrado,26,0.0,1.0,93.5,-20.5393,-48.6852
2023/08/11 01:26:59,GOES-16,Brasil,SÃO PAULO,BARRETOS,Cerrado,27,0.0,1.0,86.9,-20.54,-48.6621
2023/08/11 01:36:59,GOES-16,Brasil,SÃO PAULO,BARRETOS,Cerrado,26,0.0,1.0,80.1,-20.5393,-48.6852
2023/08/11 02:26:59,GOES-16,Brasil,SÃO PAULO,BARRETOS,Cerrado,27,0.0,1.0,59.7,-20.54,-48.6621
2023/08/11 02:26:59,GOES-16,Brasil,SÃO PAULO,BARRETOS,Cerrado,26,0.0,1.0,142.4,-20.5393,-48.6852
2023/08/11 02:36:59,GOES-16,Brasil,SÃO PAULO,BARRETOS,Cerrado,23,0.0,1.0,68.5,-20.5188,-48.6898
2023/08/11 02:36:59,GOES-16,Brasil,SÃO PAULO,BARRETOS,Cerrado,27,0.0,1.0,157.4,-20.54,-48.6621
2023/08/11 02:36:59,GOES-16,Brasil,SÃO PAULO,BARRETOS,Cerrado,26,0.0,1.0,210.4,-20.5393,-48.6852
2023/08/11 03:36:59,GOES-16,Brasil,SÃO PAULO,BARRETOS,Cerrado,26,0.0,1.0,99.8,-20.5393,-48.6852
2023/08/11 04:12:00,NPP-375D,Brasil,SÃO PAULO,BARRETOS,Cerrado,27,0.0,1.0,26.5,-20.55186,-48.68939
2023/08/11 04:12:00,NPP-375D,Brasil,SÃO PAULO,BARRETOS,Cerrado,27,0.0,1.0,119.6,-20.55191,-48.6821
2023/08/11 04:12:00,NPP-375D,Brasil,SÃO PAULO,BARRETOS,Cerrado,27,0.0,1.0,99.1,-20.55272,-48.68466
2023/08/11 04:12:00,NPP-375D,Brasil,SÃO PAULO,BARRETOS,Cerrado,27,0.0,1.0,99.1,-20.54901,-48.68396
2023/08/11 04:12:00,NPP-375D,Brasil,SÃO PAULO,BARRETOS,Cerrado,27,0.0,1.0,99.1,-20.55359,-48.67994
2023/08/11 04:12:00,NPP-375D,Brasil,SÃO PAULO,BARRETOS,Cerrado,27,0.0,1.0,1.2,-20.55478,-48.68756
2023/08/11 04:12:00,NPP-375D,Brasil,SÃO PAULO,BARRETOS,Cerrado,28,0.0,1.0,1.2,-20.55561,-48.68285
2023/08/11 04:12:00,NPP-375D,Brasil,SÃO PAULO,BARRETOS,Cerrado,26,0.0,1.0,4.1,-20.53338,-48.6783
2023/08/11 04:12:00,NPP-375D,Brasil,SÃO PAULO,BARRETOS,Cerrado,25,0.0,1.0,1.6,-20.52968,-48.67748
2023/08/11 04:12:00,NPP-375D,Brasil,SÃO PAULO,BARRETOS,Cerrado,23,0.0,1.0,3.7,-20.49372,-48.57861
2023/08/11 04:12:00,NPP-375D,Brasil,SÃO PAULO,BARRETOS,Cerrado,23,0.0,1.0,3.7,-20.49004,-48.57785
2023/08/11 04:12:00,NPP-375D,Brasil,SÃO PAULO,BARRETOS,Cerrado,23,0.0,1.0,34.7,-20.4892,-48.58249
2023/08/11 04:12:00,NPP-375D,Brasil,SÃO PAULO,BARRETOS,Cerrado,1,0.0,1.0,1.9,-20.39785,-48.76584
2023/08/11 04:12:00,NPP-375D,Brasil,SÃO PAULO,BARRETOS,Cerrado,27,0.0,1.0,3.3,-20.55274,-48.67737
2023/08/11 04:12:00,NPP-375D,Brasil,SÃO PAULO,BARRETOS,Cerrado,27,0.0,1.0,119.6,-20.54819,-48.68139
2023/08/11 04:12:00,NPP-375D,Brasil,SÃO PAULO,BARRETOS,Cerrado,27,0.0,1.0,26.5,-20.54815,-48.68868
2023/08/11 04:12:00,NPP-375D,Brasil,SÃO PAULO,BARRETOS,Cerrado,27,0.0,1.0,119.6,-20.54736,-48.68612
2023/08/11 04:12:00,NPP-375D,Brasil,SÃO PAULO,BARRETOS,Cerrado,27,0.0,1.0,14.1,-20.54652,-48.69085
2023/08/11 04:12:00,NPP-375D,Brasil,SÃO PAULO,BARRETOS,Cerrado,27,0.0,1.0,1.5,-20.54532,-48.67595
2023/08/11 04:12:00,NPP-375D,Brasil,SÃO PAULO,BARRETOS,Cerrado,27,0.0,1.0,13.3,-20.54448,-48.68065
2023/08/11 04:12:00,NPP-375D,Brasil,SÃO PAULO,BARRETOS,Cerrado,27,0.0,1.0,13.3,-20.54365,-48.68536
2023/08/11 04:12:00,NPP-375D,Brasil,SÃO PAULO,BARRETOS,Cerrado,26,0.0,1.0,7.0,-20.54282,-48.69005
2023/08/11 04:12:00,NPP-375D,Brasil,SÃO PAULO,BARRETOS,Cerrado,26,0.0,1.0,13.3,-20.53995,-48.68456
2023/08/11 04:12:00,NPP-375D,Brasil,SÃO PAULO,BARRETOS,Cerrado,27,0.0,1.0,3.3,-20.54903,-48.67666
2023/08/11 04:12:00,NPP-375D,Brasil,SÃO PAULO,BARRETOS,Cerrado,27,0.0,1.0,99.1,-20.54987,-48.67923
2023/08/11 04:12:00,NPP-375D,Brasil,SÃO PAULO,BARRETOS,Cerrado,27,0.0,1.0,14.1,-20.55024,-48.69157
2023/08/11 04:12:00,NPP-375D,Brasil,SÃO PAULO,BARRETOS,Cerrado,27,0.0,1.0,119.6,-20.55107,-48.68683
2023/08/11 04:27:00,GOES-16,Brasil,SÃO PAULO,BARRETOS,Cerrado,28,0.0,1.0,110.0,-20.5598,-48.6807
2023/08/11 04:37:00,GOES-16,Brasil,SÃO PAULO,BARRETOS,Cerrado,28,0.0,1.0,103.9,-20.5598,-48.6807
2023/08/11 04:47:00,GOES-16,Brasil,SÃO PAULO,BARRETOS,Cerrado,28,0.0,1.0,80.7,-20.5598,-48.6807
2023/08/11 05:01:00,NOAA-20,Brasil,SÃO PAULO,BARRETOS,Cerrado,27,0.0,1.0,3.5,-20.54377,-48.68728
2023/08/11 05:01:00,NOAA-20,Brasil,SÃO PAULO,BARRETOS,Cerrado,23,0.0,1.0,4.6,-20.49269,-48.57781
2023/08/11 05:01:00,NOAA-20,Brasil,SÃO PAULO,BARRETOS,Cerrado,27,0.0,1.0,5.5,-20.55431,-48.68554
2023/08/11 05:01:00,NOAA-20,Brasil,SÃO PAULO,BARRETOS,Cerrado,27,0.0,1.0,5.2,-20.54986,-48.6786
2023/08/11 05:01:00,NOAA-20,Brasil,SÃO PAULO,BARRETOS,Cerrado,27,0.0,1.0,5.2,-20.54954,-48.68171
2023/08/11 05:01:00,NOAA-20,Brasil,SÃO PAULO,BARRETOS,Cerrado,27,0.0,1.0,3.5,-20.54921,-48.68481
2023/08/11 05:01:00,NOAA-20,Brasil,SÃO PAULO,BARRETOS,Cerrado,27,0.0,1.0,3.5,-20.54888,-48.68792
2023/08/11 05:01:00,NOAA-20,Brasil,SÃO PAULO,BARRETOS,Cerrado,27,0.0,1.0,5.2,-20.54476,-48.67787
2023/08/11 05:01:00,NOAA-20,Brasil,SÃO PAULO,BARRETOS,Cerrado,27,0.0,1.0,3.5,-20.5441,-48.68414
2023/08/11 05:01:00,NOAA-20,Brasil,SÃO PAULO,BARRETOS,Cerrado,23,0.0,1.0,6.7,-20.49236,-48.58099
2023/08/11 05:01:00,NOAA-20,Brasil,SÃO PAULO,BARRETOS,Cerrado,23,0.0,1.0,5.6,-20.49082,-48.57738
2023/08/11 05:01:00,NOAA-20,Brasil,SÃO PAULO,BARRETOS,Cerrado,23,0.0,1.0,7.7,-20.49048,-48.58058
2023/08/11 05:01:00,NOAA-20,Brasil,SÃO PAULO,BARRETOS,Cerrado,23,0.0,1.0,7.7,-20.49014,-48.58378
2023/08/11 05:01:00,NOAA-20,Brasil,SÃO PAULO,BARRETOS,Cerrado,1,0.0,1.0,0.8,-20.39839,-48.76551
2023/08/11 10:27:00,GOES-16,Brasil,SÃO PAULO,BARRETOS,Cerrado,27,0.0,1.0,427.2,-20.54,-48.6621
2023/08/11 10:27:00,GOES-16,Brasil,SÃO PAULO,BARRETOS,Cerrado,26,0.0,1.0,272.2,-20.5393,-48.6852
2023/08/11 10:27:00,GOES-16,Brasil,SÃO PAULO,BARRETOS,Cerrado,28,0.0,1.0,161.2,-20.5598,-48.6807
2023/08/11 10:27:00,GOES-16,Brasil,SÃO PAULO,BARRETOS,Cerrado,27,0.0,1.0,262.9,-20.5605,-48.6575
2023/08/11 16:41:00,NPP-375,Brasil,SÃO PAULO,BARRETOS,Cerrado,23,0.0,1.0,6.2,-20.49142,-48.58062
2023/08/11 16:41:00,NPP-375,Brasil,SÃO PAULO,BARRETOS,Cerrado,26,0.0,1.0,6.4,-20.52155,-48.64163
2023/08/11 16:41:00,NPP-375,Brasil,SÃO PAULO,BARRETOS,Cerrado,24,0.0,1.0,3.9,-20.50858,-48.5998
2023/08/12 01:28:00,TERRA_M-M,Brasil,SÃO PAULO,BARRETOS,Cerrado,3,0.87,1.0,10.4,-20.39447,-48.77164
2023/08/12 01:28:00,TERRA_M-M,Brasil,SÃO PAULO,BARRETOS,Cerrado,24,1.71,1.0,4.5,-20.48805,-48.58605
2023/08/12 01:28:00,TERRA_M-M,Brasil,SÃO PAULO,BARRETOS,Cerrado,2,0.93,1.0,12.5,-20.39316,-48.76214
2023/08/12 03:36:59,GOES-16,Brasil,SÃO PAULO,BARRETOS,Cerrado,24,1.99,0.84,55.7,-20.5015,-48.5785
2023/08/12 03:53:00,NPP-375D,Brasil,SÃO PAULO,BARRETOS,Cerrado,2,0.99,1.0,2.0,-20.39555,-48.76215
2023/08/12 03:53:00,NPP-375D,Brasil,SÃO PAULO,BARRETOS,Cerrado,24,1.86,1.0,15.1,-20.49514,-48.58186
2023/08/12 03:53:00,NPP-375D,Brasil,SÃO PAULO,BARRETOS,Cerrado,23,1.9,1.0,6.0,-20.4951,-48.57992
2023/08/12 03:53:00,NPP-375D,Brasil,SÃO PAULO,BARRETOS,Cerrado,24,1.77,1.0,6.0,-20.49389,-48.58587
2023/08/12 03:53:00,NPP-375D,Brasil,SÃO PAULO,BARRETOS,Cerrado,23,1.84,1.0,15.1,-20.49026,-48.58062
2023/08/12 03:53:00,NPP-375D,Brasil,SÃO PAULO,BARRETOS,Cerrado,23,1.87,1.0,14.4,-20.49022,-48.57869
2023/08/12 03:53:00,NPP-375D,Brasil,SÃO PAULO,BARRETOS,Cerrado,24,1.71,1.0,11.5,-20.48902,-48.5865
2023/08/12 03:53:00,NPP-375D,Brasil,SÃO PAULO,BARRETOS,Cerrado,24,1.74,1.0,14.4,-20.48902,-48.58458
2023/08/12 03:53:00,NPP-375D,Brasil,SÃO PAULO,BARRETOS,Cerrado,3,0.9,1.0,2.6,-20.39426,-48.76831
2023/08/12 04:44:00,NOAA-20,Brasil,SÃO PAULO,BARRETOS,Cerrado,23,2.58,1.0,0.5,-20.51869,-48.55817
2023/08/12 04:44:00,NOAA-20,Brasil,SÃO PAULO,BARRETOS,Cerrado,2,0.93,1.0,0.9,-20.39491,-48.76635
2023/08/12 04:44:00,NOAA-20,Brasil,SÃO PAULO,BARRETOS,Cerrado,2,0.99,1.0,0.7,-20.39554,-48.7616
2023/08/12 04:44:00,NOAA-20,Brasil,SÃO PAULO,BARRETOS,Cerrado,23,1.89,1.0,11.6,-20.49265,-48.57936
2023/08/12 04:44:00,NOAA-20,Brasil,SÃO PAULO,BARRETOS,Cerrado,24,1.78,1.0,11.6,-20.49201,-48.58425
2023/08/12 04:44:00,NOAA-20,Brasil,SÃO PAULO,BARRETOS,Cerrado,23,1.86,1.0,11.6,-20.48885,-48.5788
2023/08/12 04:44:00,NOAA-20,Brasil,SÃO PAULO,BARRETOS,Cerrado,23,1.75,1.0,11.6,-20.48821,-48.58371
2023/08/14 16:37:00,NOAA-20,Brasil,SÃO PAULO,BARRETOS,Cerrado,0,0.1,1.0,30.4,-20.49701,-48.52399
2023/08/14 16:37:00,NOAA-20,Brasil,SÃO PAULO,BARRETOS,Cerrado,0,0.1,1.0,30.4,-20.49319,-48.5245
2023/08/14 16:37:00,NOAA-20,Brasil,SÃO PAULO,BARRETOS,Cerrado,0,0.1,1.0,7.4,-20.49256,-48.51962
2023/08/16 03:06:59,GOES-16,Brasil,SÃO PAULO,BARRETOS,Cerrado,7,0.56,0.88,66.2,-20.5015,-48.5785
2023/08/16 03:16:59,GOES-16,Brasil,SÃO PAULO,BARRETOS,Cerrado,10,0.5,1.0,67.3,-20.5009,-48.6017
2023/08/16 03:16:59,GOES-16,Brasil,SÃO PAULO,BARRETOS,Cerrado,7,0.56,0.88,91.2,-20.5015,-48.5785
2023/08/16 03:26:59,GOES-16,Brasil,SÃO PAULO,BARRETOS,Cerrado,5,0.44,1.0,67.3,-20.481,-48.5831
2023/08/16 03:28:00,NOAA-20,Brasil,SÃO PAULO,BARRETOS,Cerrado,6,0.4,1.0,5.0,-20.48293,-48.59093
2023/08/16 03:28:00,NOAA-20,Brasil,SÃO PAULO,BARRETOS,Cerrado,7,0.45,1.0,5.0,-20.48981,-48.59316
2023/08/16 03:28:00,NOAA-20,Brasil,SÃO PAULO,BARRETOS,Cerrado,7,0.48,1.0,6.9,-20.49163,-48.58579
2023/08/16 03:28:00,NOAA-20,Brasil,SÃO PAULO,BARRETOS,Cerrado,8,0.43,1.0,5.0,-20.48794,-48.60067
2023/08/16 03:28:00,NOAA-20,Brasil,SÃO PAULO,BARRETOS,Cerrado,7,0.4,1.0,5.0,-20.48108,-48.59839
2023/08/16 03:28:00,NOAA-20,Brasil,SÃO PAULO,BARRETOS,Cerrado,5,0.0,1.0,5.6,-20.39057,-48.76699
2023/08/16 03:36:59,GOES-16,Brasil,SÃO PAULO,BARRETOS,Cerrado,7,0.56,0.88,63.1,-20.5015,-48.5785
2023/08/16 04:17:00,NPP-375D,Brasil,SÃO PAULO,BARRETOS,Cerrado,7,0.44,1.0,6.8,-20.48793,-48.58894
2023/08/16 04:17:00,NPP-375D,Brasil,SÃO PAULO,BARRETOS,Cerrado,6,0.5,1.0,3.4,-20.49272,-48.58159
2023/08/16 04:17:00,NPP-375D,Brasil,SÃO PAULO,BARRETOS,Cerrado,7,0.46,1.0,1.8,-20.49137,-48.58962
2023/08/16 04:17:00,NPP-375D,Brasil,SÃO PAULO,BARRETOS,Cerrado,8,0.46,1.0,1.5,-20.4907,-48.59364
2023/08/16 04:17:00,NPP-375D,Brasil,SÃO PAULO,BARRETOS,Cerrado,7,0.42,1.0,13.0,-20.48725,-48.59296
2023/08/16 05:01:00,AQUA_M-M,Brasil,SÃO PAULO,BARRETOS,Cerrado,7,0.42,1.0,10.9,-20.48707,-48.59032
2023/08/16 05:08:00,NOAA-20,Brasil,SÃO PAULO,BARRETOS,Cerrado,7,0.42,1.0,1.1,-20.48653,-48.59423
2023/08/16 05:08:00,NOAA-20,Brasil,SÃO PAULO,BARRETOS,Cerrado,5,0.0,1.0,2.3,-20.39298,-48.76476
2023/08/16 05:08:00,NOAA-20,Brasil,SÃO PAULO,BARRETOS,Cerrado,7,0.42,1.0,1.1,-20.48692,-48.59023
2023/08/17 01:37:00,TERRA_M-M,Brasil,SÃO PAULO,BARRETOS,Cerrado,8,0.0,1.0,28.5,-20.48779,-48.59523
2023/08/17 01:37:00,TERRA_M-M,Brasil,SÃO PAULO,BARRETOS,Cerrado,6,0.0,1.0,4.9,-20.48626,-48.58511
2023/08/17 04:00:00,NPP-375D,Brasil,SÃO PAULO,BARRETOS,Cerrado,8,0.0,1.0,3.9,-20.49055,-48.59699
2023/08/17 04:00:00,NPP-375D,Brasil,SÃO PAULO,BARRETOS,Cerrado,7,0.0,1.0,5.2,-20.48707,-48.59118
2023/08/17 04:00:00,NPP-375D,Brasil,SÃO PAULO,BARRETOS,Cerrado,8,0.0,1.0,8.2,-20.48613,-48.59591
2023/08/17 04:00:00,NPP-375D,Brasil,SÃO PAULO,BARRETOS,Cerrado,7,0.0,1.0,5.2,-20.48264,-48.59016
2023/08/17 04:00:00,NPP-375D,Brasil,SÃO PAULO,BARRETOS,Cerrado,7,0.0,1.0,8.2,-20.4817,-48.59485
2023/08/17 04:00:00,NPP-375D,Brasil,SÃO PAULO,BARRETOS,Cerrado,8,0.0,1.0,3.3,-20.49149,-48.59226
2023/08/17 04:51:00,NOAA-20,Brasil,SÃO PAULO,BARRETOS,Cerrado,6,0.15,1.0,1.1,-20.39918,-48.76835
2023/08/18 00:06:59,GOES-16,Brasil,SÃO PAULO,BARRETOS,Cerrado,7,0.0,1.0,70.9,-20.481,-48.5831
2023/08/18 00:16:59,GOES-16,Brasil,SÃO PAULO,BARRETOS,Cerrado,8,0.0,0.99,64.5,-20.5015,-48.5785
2023/08/18 00:26:59,GOES-16,Brasil,SÃO PAULO,BARRETOS,Cerrado,7,0.0,1.0,120.7,-20.481,-48.5831
2023/08/18 00:26:59,GOES-16,Brasil,SÃO PAULO,BARRETOS,Cerrado,8,0.0,0.99,63.4,-20.5015,-48.5785
2023/08/18 00:36:59,GOES-16,Brasil,SÃO PAULO,BARRETOS,Cerrado,7,0.0,1.0,82.3,-20.481,-48.5831
2023/08/18 00:36:59,GOES-16,Brasil,SÃO PAULO,BARRETOS,Cerrado,8,0.0,0.99,87.8,-20.5015,-48.5785
2023/08/18 00:46:59,GOES-16,Brasil,SÃO PAULO,BARRETOS,Cerrado,7,0.0,1.0,55.0,-20.481,-48.5831
2023/08/18 00:46:59,GOES-16,Brasil,SÃO PAULO,BARRETOS,Cerrado,8,0.0,0.99,50.0,-20.5015,-48.5785
2023/08/18 00:56:59,GOES-16,Brasil,SÃO PAULO,BARRETOS,Cerrado,7,0.0,1.0,58.1,-20.481,-48.5831
2023/08/18 01:06:59,GOES-16,Brasil,SÃO PAULO,BARRETOS,Cerrado,7,0.0,1.0,55.0,-20.481,-48.5831
2023/08/18 02:26:59,GOES-16,Brasil,SÃO PAULO,BARRETOS,Cerrado,7,0.0,1.0,59.7,-20.481,-48.5831
2023/08/18 02:36:59,GOES-16,Brasil,SÃO PAULO,BARRETOS,Cerrado,7,0.0,1.0,74.9,-20.481,-48.5831
2023/08/18 02:46:59,GOES-16,Brasil,SÃO PAULO,BARRETOS,Cerrado,7,0.0,1.0,66.2,-20.481,-48.5831
2023/08/18 02:46:59,GOES-16,Brasil,SÃO PAULO,BARRETOS,Cerrado,9,0.0,1.0,48.8,-20.4804,-48.6063
2023/08/18 02:56:59,GOES-16,Brasil,SÃO PAULO,BARRETOS,Cerrado,7,0.0,1.0,87.6,-20.481,-48.5831
2023/08/18 02:56:59,GOES-16,Brasil,SÃO PAULO,BARRETOS,Cerrado,8,0.0,0.99,58.3,-20.5015,-48.5785
2023/08/18 02:56:59,GOES-16,Brasil,SÃO PAULO,BARRETOS,Cerrado,9,0.0,1.0,52.1,-20.4804,-48.6063
2023/08/18 03:06:59,GOES-16,Brasil,SÃO PAULO,BARRETOS,Cerrado,9,0.0,1.0,64.5,-20.4804,-48.6063
2023/08/18 03:06:59,GOES-16,Brasil,SÃO PAULO,BARRETOS,Cerrado,7,0.0,1.0,76.8,-20.481,-48.5831
2023/08/18 03:16:59,GOES-16,Brasil,SÃO PAULO,BARRETOS,Cerrado,7,0.0,1.0,107.2,-20.481,-48.5831
2023/08/18 03:16:59,GOES-16,Brasil,SÃO PAULO,BARRETOS,Cerrado,8,0.0,0.99,74.5,-20.5015,-48.5785
2023/08/18 03:16:59,GOES-16,Brasil,SÃO PAULO,BARRETOS,Cerrado,9,0.0,1.0,64.7,-20.4804,-48.6063
2023/08/18 03:16:59,GOES-16,Brasil,SÃO PAULO,BARRETOS,Cerrado,12,0.0,1.0,49.9,-20.5009,-48.6017
2023/08/18 03:26:59,GOES-16,Brasil,SÃO PAULO,BARRETOS,Cerrado,12,0.0,1.0,57.6,-20.5009,-48.6017
2023/08/18 03:26:59,GOES-16,Brasil,SÃO PAULO,BARRETOS,Cerrado,7,0.0,1.0,79.2,-20.481,-48.5831
2023/08/18 03:26:59,GOES-16,Brasil,SÃO PAULO,BARRETOS,Cerrado,9,0.0,1.0,62.8,-20.4804,-48.6063
2023/08/18 03:26:59,GOES-16,Brasil,SÃO PAULO,BARRETOS,Cerrado,8,0.0,0.99,84.3,-20.5015,-48.5785
2023/08/18 03:36:59,GOES-16,Brasil,SÃO PAULO,BARRETOS,Cerrado,7,0.0,1.0,83.6,-20.481,-48.5831
2023/08/18 03:36:59,GOES-16,Brasil,SÃO PAULO,BARRETOS,Cerrado,8,0.0,0.99,70.9,-20.5015,-48.5785
2023/08/18 03:36:59,GOES-16,Brasil,SÃO PAULO,BARRETOS,Cerrado,9,0.0,1.0,62.8,-20.4804,-48.6063
2023/08/18 03:36:59,GOES-16,Brasil,SÃO PAULO,BARRETOS,Cerrado,12,0.0,1.0,51.6,-20.5009,-48.6017
2023/08/18 03:40:00,NPP-375D,Brasil,SÃO PAULO,BARRETOS,Cerrado,5,0.0,1.0,1.5,-20.51741,-48.56198
2023/08/18 03:40:00,NPP-375D,Brasil,SÃO PAULO,BARRETOS,Cerrado,5,0.0,1.0,1.4,-20.35706,-48.54425
2023/08/18 03:40:00,NPP-375D,Brasil,SÃO PAULO,BARRETOS,Cerrado,7,0.0,1.0,1.5,-20.39461,-48.76973
2023/08/18 03:40:00,NPP-375D,Brasil,SÃO PAULO,BARRETOS,Cerrado,7,0.0,1.0,1.3,-20.40065,-48.77109
2023/08/18 03:40:00,NPP-375D,Brasil,SÃO PAULO,BARRETOS,Cerrado,9,0.0,1.0,31.5,-20.48427,-48.59795
2023/08/18 03:40:00,NPP-375D,Brasil,SÃO PAULO,BARRETOS,Cerrado,8,0.0,1.0,31.5,-20.48536,-48.59314
2023/08/18 03:40:00,NPP-375D,Brasil,SÃO PAULO,BARRETOS,Cerrado,9,0.0,1.0,34.8,-20.48604,-48.59809
2023/08/18 03:40:00,NPP-375D,Brasil,SÃO PAULO,BARRETOS,Cerrado,8,0.0,1.0,12.1,-20.48643,-48.58837
2023/08/18 03:40:00,NPP-375D,Brasil,SÃO PAULO,BARRETOS,Cerrado,9,0.0,1.0,34.8,-20.48716,-48.59327
2023/08/18 03:40:00,NPP-375D,Brasil,SÃO PAULO,BARRETOS,Cerrado,8,0.0,1.0,25.2,-20.48826,-48.58852
2023/08/18 03:40:00,NPP-375D,Brasil,SÃO PAULO,BARRETOS,Cerrado,10,0.0,1.0,26.0,-20.49016,-48.59965
2023/08/18 03:40:00,NPP-375D,Brasil,SÃO PAULO,BARRETOS,Cerrado,9,0.0,1.0,26.0,-20.49123,-48.59492
2023/08/18 03:40:00,NPP-375D,Brasil,SÃO PAULO,BARRETOS,Cerrado,10,0.0,1.0,34.8,-20.49193,-48.59973
2023/08/18 03:40:00,NPP-375D,Brasil,SÃO PAULO,BARRETOS,Cerrado,9,0.0,1.0,34.4,-20.4923,-48.59015
2023/08/18 03:40:00,NPP-375D,Brasil,SÃO PAULO,BARRETOS,Cerrado,10,0.0,1.0,34.8,-20.49302,-48.59507
2023/08/18 03:40:00,NPP-375D,Brasil,SÃO PAULO,BARRETOS,Cerrado,9,0.0,1.0,25.2,-20.49412,-48.59032
2023/08/18 03:46:59,GOES-16,Brasil,SÃO PAULO,BARRETOS,Cerrado,8,0.0,0.99,96.2,-20.5015,-48.5785
2023/08/18 03:46:59,GOES-16,Brasil,SÃO PAULO,BARRETOS,Cerrado,7,0.0,1.0,57.2,-20.481,-48.5831
2023/08/18 03:46:59,GOES-16,Brasil,SÃO PAULO,BARRETOS,Cerrado,12,0.0,1.0,48.1,-20.5009,-48.6017
2023/08/18 04:32:00,NOAA-20,Brasil,SÃO PAULO,BARRETOS,Cerrado,5,0.0,1.0,1.7,-20.35822,-48.54088
2023/08/18 04:32:00,NOAA-20,Brasil,SÃO PAULO,BARRETOS,Cerrado,8,0.0,1.0,8.8,-20.48303,-48.59261
2023/08/18 04:32:00,NOAA-20,Brasil,SÃO PAULO,BARRETOS,Cerrado,7,0.0,1.0,1.3,-20.39895,-48.77023
2023/08/18 04:32:00,NOAA-20,Brasil,SÃO PAULO,BARRETOS,Cerrado,7,0.0,1.0,1.1,-20.39561,-48.76965
2023/08/18 04:32:00,NOAA-20,Brasil,SÃO PAULO,BARRETOS,Cerrado,5,0.0,1.0,2.6,-20.51881,-48.56018
2023/08/18 04:32:00,NOAA-20,Brasil,SÃO PAULO,BARRETOS,Cerrado,9,0.0,1.0,14.1,-20.49029,-48.58999
2023/08/18 04:32:00,NOAA-20,Brasil,SÃO PAULO,BARRETOS,Cerrado,9,0.0,1.0,24.4,-20.48972,-48.59373
2023/08/18 04:32:00,NOAA-20,Brasil,SÃO PAULO,BARRETOS,Cerrado,8,0.0,1.0,14.1,-20.48694,-48.58943
2023/08/18 04:32:00,NOAA-20,Brasil,SÃO PAULO,BARRETOS,Cerrado,9,0.0,1.0,24.4,-20.48637,-48.59318
2023/08/18 04:46:00,AQUA_M-M,Brasil,SÃO PAULO,BARRETOS,Cerrado,9,0.0,1.0,19.4,-20.48661,-48.59643
2023/08/18 04:46:00,AQUA_M-M,Brasil,SÃO PAULO,BARRETOS,Cerrado,8,0.0,1.0,41.6,-20.48188,-48.58884
2023/08/18 04:46:00,AQUA_M-M,Brasil,SÃO PAULO,BARRETOS,Cerrado,8,0.0,1.0,31.6,-20.48826,-48.58617
2023/08/18 05:23:00,NPP-375D,Brasil,SÃO PAULO,BARRETOS,Cerrado,9,0.0,1.0,6.7,-20.48973,-48.59055
2023/08/18 05:23:00,NPP-375D,Brasil,SÃO PAULO,BARRETOS,Cerrado,9,0.0,1.0,7.0,-20.48996,-48.59187
2023/08/18 05:23:00,NPP-375D,Brasil,SÃO PAULO,BARRETOS,Cerrado,10,0.0,1.0,7.0,-20.48945,-48.59817
2023/08/18 05:23:00,NPP-375D,Brasil,SÃO PAULO,BARRETOS,Cerrado,9,0.0,1.0,8.5,-20.48927,-48.59686
2023/08/18 05:23:00,NPP-375D,Brasil,SÃO PAULO,BARRETOS,Cerrado,8,0.0,1.0,4.3,-20.48308,-48.59138
2023/08/18 05:23:00,NPP-375D,Brasil,SÃO PAULO,BARRETOS,Cerrado,8,0.0,1.0,6.7,-20.48285,-48.58999
2023/08/18 05:23:00,NPP-375D,Brasil,SÃO PAULO,BARRETOS,Cerrado,9,0.0,1.0,4.3,-20.48257,-48.5977
2023/08/18 05:23:00,NPP-375D,Brasil,SÃO PAULO,BARRETOS,Cerrado,8,0.0,1.0,8.5,-20.48238,-48.59637
2023/08/18 05:23:00,NPP-375D,Brasil,SÃO PAULO,BARRETOS,Cerrado,7,0.0,1.0,1.9,-20.40007,-48.77164
2023/08/18 13:10:00,TERRA_M-T,Brasil,SÃO PAULO,BARRETOS,Cerrado,8,0.0,1.0,8.1,-20.48931,-48.58512
2023/08/18 13:10:00,TERRA_M-T,Brasil,SÃO PAULO,BARRETOS,Cerrado,9,0.0,1.0,9.7,-20.48795,-48.59496
2023/08/19 22:26:59,GOES-16,Brasil,SÃO PAULO,BARRETOS,Cerrado,5,0.1,1.0,156.9,-20.5041,-48.4857
2023/08/19 22:26:59,GOES-16,Brasil,SÃO PAULO,BARRETOS,Cerrado,5,0.1,1.0,365.1,-20.5047,-48.4625
2023/08/19 22:26:59,GOES-16,Brasil,SÃO PAULO,BARRETOS,Cerrado,5,0.1,1.0,79.3,-20.5054,-48.4393
2023/08/19 22:26:59,GOES-16,Brasil,SÃO PAULO,BARRETOS,Cerrado,5,0.1,1.0,86.9,-20.5246,-48.4811
2023/08/19 22:26:59,GOES-16,Brasil,SÃO PAULO,BARRETOS,Cerrado,5,0.1,1.0,179.1,-20.5252,-48.4579
2023/08/19 22:26:59,GOES-16,Brasil,SÃO PAULO,BARRETOS,Cerrado,5,0.1,1.0,66.3,-20.5259,-48.4346
2023/08/19 22:46:59,GOES-16,Brasil,SÃO PAULO,BARRETOS,Cerrado,5,0.1,1.0,63.8,-20.4836,-48.4903
2023/08/19 22:46:59,GOES-16,Brasil,SÃO PAULO,BARRETOS,Cerrado,5,0.1,1.0,152.1,-20.4842,-48.4671
2023/08/19 22:46:59,GOES-16,Brasil,SÃO PAULO,BARRETOS,Cerrado,5,0.1,1.0,66.2,-20.4849,-48.4439
2023/08/19 22:46:59,GOES-16,Brasil,SÃO PAULO,BARRETOS,Cerrado,5,0.1,1.0,84.7,-20.5041,-48.4857
2023/08/19 22:46:59,GOES-16,Brasil,SÃO PAULO,BARRETOS,Cerrado,5,0.1,1.0,313.6,-20.5047,-48.4625
2023/08/19 22:46:59,GOES-16,Brasil,SÃO PAULO,BARRETOS,Cerrado,5,0.1,1.0,105.3,-20.5054,-48.4393
2023/08/19 23:06:59,GOES-16,Brasil,SÃO PAULO,BARRETOS,Cerrado,5,0.1,1.0,121.9,-20.4842,-48.4671
2023/08/19 23:06:59,GOES-16,Brasil,SÃO PAULO,BARRETOS,Cerrado,5,0.1,1.0,78.1,-20.4849,-48.4439
2023/08/19 23:06:59,GOES-16,Brasil,SÃO PAULO,BARRETOS,Cerrado,5,0.1,1.0,97.6,-20.5047,-48.4625
2023/08/19 23:16:59,GOES-16,Brasil,SÃO PAULO,BARRETOS,Cerrado,5,0.1,1.0,77.8,-20.4842,-48.4671
2023/08/19 23:46:59,GOES-16,Brasil,SÃO PAULO,BARRETOS,Cerrado,3,0.2,1.0,78.6,-20.5438,-48.5229
2023/08/19 23:56:59,GOES-16,Brasil,SÃO PAULO,BARRETOS,Cerrado,5,0.1,1.0,77.7,-20.4842,-48.4671
2023/08/20 00:16:59,GOES-16,Brasil,SÃO PAULO,BARRETOS,Cerrado,6,0.1,1.0,66.8,-20.4842,-48.4671
2023/08/20 00:42:50,METOP-C,Brasil,SÃO PAULO,BARRETOS,Cerrado,6,0.1,1.0,,-20.478300094604492,-48.45640182495117
2023/08/20 00:42:50,METOP-C,Brasil,SÃO PAULO,BARRETOS,Cerrado,6,0.1,1.0,,-20.479999542236328,-48.4650993347168
2023/08/20 00:42:50,METOP-C,Brasil,SÃO PAULO,BARRETOS,Cerrado,6,0.1,1.0,,-20.476499557495117,-48.44779968261719
2023/08/20 04:44:00,NPP-375D,Brasil,SÃO PAULO,BARRETOS,Cerrado,6,0.1,1.0,1.7,-20.48411,-48.46619
2023/08/20 04:44:00,NPP-375D,Brasil,SÃO PAULO,BARRETOS,Cerrado,6,0.1,1.0,1.7,-20.48793,-48.46681
2023/08/22 01:43:00,TERRA_M-M,Brasil,SÃO PAULO,BARRETOS,Cerrado,11,0.0,1.0,37.0,-20.39452,-48.77211
2023/08/22 01:43:00,TERRA_M-M,Brasil,SÃO PAULO,BARRETOS,Cerrado,11,0.0,1.0,11.2,-20.40468,-48.77032
2023/08/22 04:06:00,NPP-375D,Brasil,SÃO PAULO,BARRETOS,Cerrado,11,0.0,1.0,4.4,-20.39853,-48.76997
2023/08/22 04:06:00,NPP-375D,Brasil,SÃO PAULO,BARRETOS,Cerrado,11,0.0,1.0,4.4,-20.39444,-48.76916
2023/08/22 04:55:00,NOAA-20,Brasil,SÃO PAULO,BARRETOS,Cerrado,11,0.0,1.0,2.7,-20.39901,-48.77134
2023/08/22 04:55:00,NOAA-20,Brasil,SÃO PAULO,BARRETOS,Cerrado,11,0.0,1.0,1.4,-20.39444,-48.77066
2023/08/22 16:37:00,NPP-375,Brasil,SÃO PAULO,BARRETOS,Cerrado,10,0.0,-999.0,4.2,-20.52905,-48.56453
2023/08/22 16:37:00,NPP-375,Brasil,SÃO PAULO,BARRETOS,Cerrado,9,0.0,-999.0,4.2,-20.52841,-48.55949
2023/08/22 17:26:00,NOAA-20,Brasil,SÃO PAULO,BARRETOS,Cerrado,10,0.0,-999.0,3.3,-20.52876,-48.56406
2023/08/23 01:21:29,METOP-C,Brasil,SÃO PAULO,BARRETOS,Cerrado,10,0.0,1.0,,-20.387100219726562,-48.75590133666992
2023/08/23 01:21:29,METOP-C,Brasil,SÃO PAULO,BARRETOS,Cerrado,11,0.0,1.0,,-20.390300750732422,-48.7681999206543
2023/08/23 03:49:00,NPP-375D,Brasil,SÃO PAULO,BARRETOS,Cerrado,12,0.0,1.0,3.7,-20.39529,-48.77073
2023/08/23 03:49:00,NPP-375D,Brasil,SÃO PAULO,BARRETOS,Cerrado,12,0.0,1.0,3.7,-20.39616,-48.76686
2023/08/23 03:49:00,NPP-375D,Brasil,SÃO PAULO,BARRETOS,Cerrado,12,0.0,1.0,4.9,-20.3961,-48.77265
2023/08/23 03:49:00,NPP-375D,Brasil,SÃO PAULO,BARRETOS,Cerrado,12,0.0,1.0,4.9,-20.39692,-48.76881
2023/08/23 03:49:00,NPP-375D,Brasil,SÃO PAULO,BARRETOS,Cerrado,12,0.0,1.0,2.0,-20.40079,-48.77194
2023/08/23 04:38:00,NOAA-20,Brasil,SÃO PAULO,BARRETOS,Cerrado,12,0.0,1.0,4.6,-20.39391,-48.76832
2023/08/23 04:38:00,NOAA-20,Brasil,SÃO PAULO,BARRETOS,Cerrado,12,0.0,1.0,4.6,-20.39739,-48.76891
2023/08/23 04:59:00,AQUA_M-M,Brasil,SÃO PAULO,BARRETOS,Cerrado,11,0.0,1.0,7.1,-20.39693,-48.76436
2023/08/25 18:56:59,GOES-16,Brasil,SÃO PAULO,BARRETOS,Cerrado,12,0.11,1.0,105.4,-20.3972,-48.6709
2023/08/25 18:56:59,GOES-16,Brasil,SÃO PAULO,BARRETOS,Cerrado,11,0.4,1.0,186.6,-20.5246,-48.4811
2023/08/25 19:06:58,GOES-16,Brasil,SÃO PAULO,BARRETOS,Cerrado,12,0.16,1.0,227.1,-20.3768,-48.6754
2023/08/25 19:06:58,GOES-16,Brasil,SÃO PAULO,BARRETOS,Cerrado,12,0.02,1.0,129.7,-20.3774,-48.6523
2023/08/25 19:06:59,GOES-16,Brasil,SÃO PAULO,BARRETOS,Cerrado,12,0.11,1.0,99.6,-20.3972,-48.6709
2023/08/25 19:06:59,GOES-16,Brasil,SÃO PAULO,BARRETOS,Cerrado,11,0.4,1.0,115.9,-20.5246,-48.4811
2023/08/25 19:06:59,GOES-16,Brasil,SÃO PAULO,BARRETOS,Cerrado,11,0.43,1.0,136.3,-20.5451,-48.4765
2023/08/25 19:16:58,GOES-16,Brasil,SÃO PAULO,BARRETOS,Cerrado,12,0.16,1.0,427.4,-20.3768,-48.6754
2023/08/25 19:16:58,GOES-16,Brasil,SÃO PAULO,BARRETOS,Cerrado,12,0.02,1.0,313.6,-20.3774,-48.6523
2023/08/25 19:16:59,GOES-16,Brasil,SÃO PAULO,BARRETOS,Cerrado,12,0.11,1.0,159.9,-20.3972,-48.6709
2023/08/25 19:16:59,GOES-16,Brasil,SÃO PAULO,BARRETOS,Cerrado,12,0.0,1.0,118.8,-20.3979,-48.6478
2023/08/25 19:26:58,GOES-16,Brasil,SÃO PAULO,BARRETOS,Cerrado,12,0.16,1.0,235.5,-20.3768,-48.6754
2023/08/25 19:26:58,GOES-16,Brasil,SÃO PAULO,BARRETOS,Cerrado,12,0.02,1.0,153.5,-20.3774,-48.6523
2023/08/25 19:26:59,GOES-16,Brasil,SÃO PAULO,BARRETOS,Cerrado,12,0.11,1.0,176.4,-20.3972,-48.6709
2023/08/25 19:26:59,GOES-16,Brasil,SÃO PAULO,BARRETOS,Cerrado,12,0.0,1.0,115.7,-20.3979,-48.6478
2023/08/25 19:26:59,GOES-16,Brasil,SÃO PAULO,BARRETOS,Cerrado,11,0.4,1.0,164.6,-20.5246,-48.4811
2023/08/25 19:36:58,GOES-16,Brasil,SÃO PAULO,BARRETOS,Cerrado,12,0.16,1.0,204.1,-20.3768,-48.6754
2023/08/25 19:36:58,GOES-16,Brasil,SÃO PAULO,BARRETOS,Cerrado,12,0.02,1.0,155.6,-20.3774,-48.6523
2023/08/25 19:36:59,GOES-16,Brasil,SÃO PAULO,BARRETOS,Cerrado,11,0.43,1.0,110.0,-20.5451,-48.4765
2023/08/25 19:36:59,GOES-16,Brasil,SÃO PAULO,BARRETOS,Cerrado,12,0.0,1.0,133.9,-20.3979,-48.6478
2023/08/25 19:36:59,GOES-16,Brasil,SÃO PAULO,BARRETOS,Cerrado,12,0.11,1.0,163.6,-20.3972,-48.6709
2023/08/25 19:36:59,GOES-16,Brasil,SÃO PAULO,BARRETOS,Cerrado,11,0.4,1.0,114.7,-20.5246,-48.4811
2023/08/25 19:46:58,GOES-16,Brasil,SÃO PAULO,BARRETOS,Cerrado,12,0.16,1.0,125.7,-20.3768,-48.6754
2023/08/25 19:46:59,GOES-16,Brasil,SÃO PAULO,BARRETOS,Cerrado,12,0.11,1.0,110.1,-20.3972,-48.6709
2023/08/25 19:56:58,GOES-16,Brasil,SÃO PAULO,BARRETOS,Cerrado,12,0.16,1.0,106.0,-20.3768,-48.6754
2023/08/26 04:32:00,NPP-375D,Brasil,SÃO PAULO,BARRETOS,Cerrado,11,0.1,1.0,0.6,-20.39393,-48.76928
2023/08/29 01:34:00,TERRA_M-M,Brasil,SÃO PAULO,BARRETOS,Cerrado,13,0.0,1.0,44.3,-20.48951,-48.59496
2023/08/29 01:34:00,TERRA_M-M,Brasil,SÃO PAULO,BARRETOS,Cerrado,13,0.0,1.0,11.0,-20.39574,-48.77133
2023/08/29 03:34:00,NPP-375D,Brasil,SÃO PAULO,BARRETOS,Cerrado,12,0.0,1.0,24.4,-20.49252,-48.59641
2023/08/29 03:34:00,NPP-375D,Brasil,SÃO PAULO,BARRETOS,Cerrado,13,0.0,1.0,9.2,-20.49393,-48.59044
2023/08/29 03:34:00,NPP-375D,Brasil,SÃO PAULO,BARRETOS,Cerrado,13,0.0,1.0,3.5,-20.39538,-48.77178
2023/08/29 03:34:00,NPP-375D,Brasil,SÃO PAULO,BARRETOS,Cerrado,13,0.0,1.0,3.0,-20.48614,-48.59433
2023/08/29 03:34:00,NPP-375D,Brasil,SÃO PAULO,BARRETOS,Cerrado,13,0.0,1.0,12.8,-20.49083,-48.59674
2023/08/29 03:34:00,NPP-375D,Brasil,SÃO PAULO,BARRETOS,Cerrado,13,0.0,1.0,12.8,-20.49228,-48.59077
2023/08/29 04:23:00,NOAA-20,Brasil,SÃO PAULO,BARRETOS,Cerrado,13,0.0,1.0,2.0,-20.48971,-48.59646
2023/08/29 04:23:00,NOAA-20,Brasil,SÃO PAULO,BARRETOS,Cerrado,12,0.0,1.0,4.8,-20.49362,-48.59337
2023/08/29 04:23:00,NOAA-20,Brasil,SÃO PAULO,BARRETOS,Cerrado,13,0.0,1.0,5.6,-20.39698,-48.76974
2023/08/29 04:23:00,NOAA-20,Brasil,SÃO PAULO,BARRETOS,Cerrado,13,0.0,1.0,4.8,-20.4903,-48.59277
2023/08/29 04:23:00,NOAA-20,Brasil,SÃO PAULO,BARRETOS,Cerrado,13,0.0,1.0,4.8,-20.49089,-48.58908
2023/08/30 04:06:00,NOAA-20,Brasil,SÃO PAULO,BARRETOS,Cerrado,14,0.9,1.0,5.9,-20.39587,-48.77137
2023/08/30 04:55:00,NPP-375D,Brasil,SÃO PAULO,BARRETOS,Cerrado,14,0.9,1.0,3.6,-20.39492,-48.77123
2023/08/31 01:20:00,TERRA_M-M,Brasil,SÃO PAULO,BARRETOS,Cerrado,14,7.8,0.98,52.3,-20.4906,-48.59556
2023/08/31 03:47:00,NOAA-20,Brasil,SÃO PAULO,BARRETOS,Cerrado,13,7.75,0.98,0.6,-20.49383,-48.59589
2023/08/31 03:47:00,NOAA-20,Brasil,SÃO PAULO,BARRETOS,Cerrado,14,7.83,0.99,2.0,-20.48034,-48.59682
2023/08/31 03:47:00,NOAA-20,Brasil,SÃO PAULO,BARRETOS,Cerrado,14,8.04,0.97,3.1,-20.48113,-48.59312
2023/08/31 03:47:00,NOAA-20,Brasil,SÃO PAULO,BARRETOS,Cerrado,14,7.81,0.98,21.4,-20.4824,-48.59666
2023/08/31 03:47:00,NOAA-20,Brasil,SÃO PAULO,BARRETOS,Cerrado,14,8.03,0.96,10.5,-20.48322,-48.59297
2023/08/31 03:47:00,NOAA-20,Brasil,SÃO PAULO,BARRETOS,Cerrado,14,7.68,0.99,18.9,-20.48565,-48.59829
2023/08/31 03:47:00,NOAA-20,Brasil,SÃO PAULO,BARRETOS,Cerrado,14,7.9,0.96,9.7,-20.48645,-48.59454
2023/08/31 03:47:00,NOAA-20,Brasil,SÃO PAULO,BARRETOS,Cerrado,14,7.89,0.97,10.5,-20.48853,-48.59439
2023/08/31 03:47:00,NOAA-20,Brasil,SÃO PAULO,BARRETOS,Cerrado,14,8.1,0.94,10.5,-20.48934,-48.5907
2023/08/31 03:47:00,NOAA-20,Brasil,SÃO PAULO,BARRETOS,Cerrado,14,7.76,0.98,9.7,-20.49175,-48.59605
2023/08/31 03:47:00,NOAA-20,Brasil,SÃO PAULO,BARRETOS,Cerrado,14,7.97,0.96,9.7,-20.49254,-48.59236
2023/08/31 04:38:00,NPP-375D,Brasil,SÃO PAULO,BARRETOS,Cerrado,14,7.96,0.96,3.2,-20.48966,-48.59306
2023/08/31 04:38:00,NPP-375D,Brasil,SÃO PAULO,BARRETOS,Cerrado,14,7.89,0.97,3.2,-20.49318,-48.59359
2023/08/31 04:38:00,NPP-375D,Brasil,SÃO PAULO,BARRETOS,Cerrado,14,7.85,0.98,8.5,-20.48205,-48.59608
2023/08/31 04:38:00,NPP-375D,Brasil,SÃO PAULO,BARRETOS,Cerrado,14,8.09,0.96,8.5,-20.48263,-48.59195
2023/08/31 04:38:00,NPP-375D,Brasil,SÃO PAULO,BARRETOS,Cerrado,14,7.78,0.98,8.5,-20.48557,-48.59663
2023/08/31 04:38:00,NPP-375D,Brasil,SÃO PAULO,BARRETOS,Cerrado,14,8.03,0.95,8.5,-20.48614,-48.59251
2023/09/01 00:41:47,METOP-B,Brasil,SÃO PAULO,BARRETOS,Cerrado,0,0.0,1.0,,-20.484399795532227,-48.576698303222656
2023/09/01 00:41:47,METOP-B,Brasil,SÃO PAULO,BARRETOS,Cerrado,0,0.0,1.0,,-20.486099243164062,-48.585601806640625
2023/09/01 00:41:48,METOP-B,Brasil,SÃO PAULO,BARRETOS,Cerrado,0,0.0,1.0,,-20.476299285888672,-48.58769989013672
2023/09/01 01:58:00,TERRA_M-M,Brasil,SÃO PAULO,BARRETOS,Cerrado,0,0.0,1.0,19.6,-20.48839,-48.60167
2023/09/01 03:28:00,NOAA-20,Brasil,SÃO PAULO,BARRETOS,Cerrado,0,0.0,1.0,5.1,-20.47898,-48.5992
2023/09/01 03:28:00,NOAA-20,Brasil,SÃO PAULO,BARRETOS,Cerrado,0,0.0,1.0,2.2,-20.48385,-48.59788
2023/09/01 03:28:00,NOAA-20,Brasil,SÃO PAULO,BARRETOS,Cerrado,0,0.0,1.0,3.2,-20.47694,-48.59578
2023/09/01 04:17:00,NPP-375D,Brasil,SÃO PAULO,BARRETOS,Cerrado,0,0.0,1.0,4.8,-20.48268,-48.59628
2023/09/01 04:17:00,NPP-375D,Brasil,SÃO PAULO,BARRETOS,Cerrado,0,0.0,1.0,0.8,-20.4784,-48.59271
2023/09/01 04:17:00,NPP-375D,Brasil,SÃO PAULO,BARRETOS,Cerrado,0,0.0,1.0,1.7,-20.47922,-48.59562
2023/09/01 05:08:00,NOAA-20,Brasil,SÃO PAULO,BARRETOS,Cerrado,0,0.0,1.0,1.6,-20.48066,-48.59461
2023/09/01 05:08:00,NOAA-20,Brasil,SÃO PAULO,BARRETOS,Cerrado,0,0.0,1.0,1.5,-20.48247,-48.59723
2023/09/02 00:21:06,METOP-B,Brasil,SÃO PAULO,BARRETOS,Cerrado,1,0.31,1.0,,-20.434499740600586,-48.58649826049805
2023/09/02 00:21:06,METOP-B,Brasil,SÃO PAULO,BARRETOS,Cerrado,1,0.34,1.0,,-20.431400299072266,-48.568199157714844
2023/09/02 00:46:59,GOES-16,Brasil,SÃO PAULO,BARRETOS,Cerrado,2,0.1,1.0,70.2,-20.481,-48.5831
2023/09/02 00:46:59,GOES-16,Brasil,SÃO PAULO,BARRETOS,Cerrado,2,0.1,1.0,62.5,-20.4804,-48.6063
2023/09/02 01:02:00,TERRA_M-M,Brasil,SÃO PAULO,BARRETOS,Cerrado,2,0.1,1.0,12.4,-20.4928,-48.61502
2023/09/02 01:02:00,TERRA_M-M,Brasil,SÃO PAULO,BARRETOS,Cerrado,2,0.36,1.0,13.6,-20.39173,-48.76558
2023/09/02 01:02:00,TERRA_M-M,Brasil,SÃO PAULO,BARRETOS,Cerrado,2,0.1,1.0,73.9,-20.49117,-48.60102
2023/09/02 01:02:00,TERRA_M-M,Brasil,SÃO PAULO,BARRETOS,Cerrado,2,0.1,1.0,13.9,-20.48895,-48.58024
2023/09/02 01:02:00,TERRA_M-M,Brasil,SÃO PAULO,BARRETOS,Cerrado,2,0.1,1.0,92.0,-20.49073,-48.59428
2023/09/02 01:14:30,METOP-C,Brasil,SÃO PAULO,BARRETOS,Cerrado,2,0.1,1.0,,-20.462499618530273,-48.6067008972168
2023/09/02 01:14:30,METOP-C,Brasil,SÃO PAULO,BARRETOS,Cerrado,2,0.1,0.92,,-20.46969985961914,-48.59410095214844
2023/09/02 01:14:30,METOP-C,Brasil,SÃO PAULO,BARRETOS,Cerrado,2,0.1,0.96,,-20.459999084472656,-48.5968017578125
2023/09/02 01:14:30,METOP-C,Brasil,SÃO PAULO,BARRETOS,Cerrado,2,0.1,1.0,,-20.472200393676758,-48.604000091552734
2023/09/02 03:06:59,GOES-16,Brasil,SÃO PAULO,BARRETOS,Cerrado,2,0.1,1.0,67.0,-20.4804,-48.6063
2023/09/02 03:46:59,GOES-16,Brasil,SÃO PAULO,BARRETOS,Cerrado,2,0.04,0.85,64.9,-20.5015,-48.5785
2023/09/02 04:00:00,NPP-375D,Brasil,SÃO PAULO,BARRETOS,Cerrado,2,0.1,1.0,12.8,-20.48402,-48.59922
2023/09/02 04:00:00,NPP-375D,Brasil,SÃO PAULO,BARRETOS,Cerrado,2,0.3,1.0,1.9,-20.39648,-48.77366
2023/09/02 04:00:00,NPP-375D,Brasil,SÃO PAULO,BARRETOS,Cerrado,2,0.31,1.0,1.9,-20.39743,-48.76884
2023/09/02 04:00:00,NPP-375D,Brasil,SÃO PAULO,BARRETOS,Cerrado,2,0.1,1.0,11.8,-20.48497,-48.59445
2023/09/02 04:00:00,NPP-375D,Brasil,SÃO PAULO,BARRETOS,Cerrado,2,0.1,1.0,11.8,-20.48591,-48.58973
2023/09/02 04:00:00,NPP-375D,Brasil,SÃO PAULO,BARRETOS,Cerrado,2,0.1,1.0,12.8,-20.48845,-48.60027
2023/09/02 04:00:00,NPP-375D,Brasil,SÃO PAULO,BARRETOS,Cerrado,2,0.1,1.0,11.8,-20.48939,-48.59552
2023/09/02 04:00:00,NPP-375D,Brasil,SÃO PAULO,BARRETOS,Cerrado,2,0.1,1.0,11.8,-20.49033,-48.59081
2023/09/02 04:51:00,NOAA-20,Brasil,SÃO PAULO,BARRETOS,Cerrado,2,0.1,1.0,16.6,-20.48582,-48.592
2023/09/02 04:51:00,NOAA-20,Brasil,SÃO PAULO,BARRETOS,Cerrado,2,0.3,1.0,2.2,-20.39647,-48.76934
2023/09/02 04:51:00,NOAA-20,Brasil,SÃO PAULO,BARRETOS,Cerrado,2,0.1,1.0,7.8,-20.48951,-48.5965
2023/09/02 04:51:00,NOAA-20,Brasil,SÃO PAULO,BARRETOS,Cerrado,2,0.1,1.0,16.6,-20.48533,-48.59598
2023/09/02 05:25:00,AQUA_M-M,Brasil,SÃO PAULO,BARRETOS,Cerrado,2,0.1,1.0,25.5,-20.48027,-48.58168
2023/09/02 13:33:00,TERRA_M-T,Brasil,SÃO PAULO,BARRETOS,Cerrado,2,0.1,1.0,24.7,-20.48602,-48.58909
2023/09/05 02:46:59,GOES-16,Brasil,SÃO PAULO,BARRETOS,Cerrado,2,0.0,1.0,59.6,-20.5009,-48.6017
2023/09/05 03:53:00,NOAA-20,Brasil,SÃO PAULO,BARRETOS,Cerrado,2,0.0,1.0,3.6,-20.47837,-48.59375
2023/09/05 03:53:00,NOAA-20,Brasil,SÃO PAULO,BARRETOS,Cerrado,2,0.0,1.0,6.0,-20.49092,-48.59585
2023/09/05 03:53:00,NOAA-20,Brasil,SÃO PAULO,BARRETOS,Cerrado,2,0.0,1.0,2.7,-20.48973,-48.6017
2023/09/05 03:53:00,NOAA-20,Brasil,SÃO PAULO,BARRETOS,Cerrado,2,0.0,1.0,12.6,-20.48804,-48.59615
2023/09/05 03:53:00,NOAA-20,Brasil,SÃO PAULO,BARRETOS,Cerrado,2,0.0,1.0,4.6,-20.4861,-48.59457
2023/09/05 03:53:00,NOAA-20,Brasil,SÃO PAULO,BARRETOS,Cerrado,2,0.0,1.0,6.1,-20.4849,-48.60051
2023/09/05 03:53:00,NOAA-20,Brasil,SÃO PAULO,BARRETOS,Cerrado,2,0.0,1.0,3.6,-20.48321,-48.59492
2023/09/05 03:53:00,NOAA-20,Brasil,SÃO PAULO,BARRETOS,Cerrado,2,0.0,1.0,4.6,-20.48127,-48.59335
2023/09/05 04:44:00,NPP-375D,Brasil,SÃO PAULO,BARRETOS,Cerrado,2,0.0,1.0,4.3,-20.48577,-48.59676
2023/09/05 04:44:00,NPP-375D,Brasil,SÃO PAULO,BARRETOS,Cerrado,2,0.0,1.0,7.3,-20.48956,-48.59731
2023/09/05 04:44:00,NPP-375D,Brasil,SÃO PAULO,BARRETOS,Cerrado,2,0.0,1.0,4.3,-20.48197,-48.59622
2023/09/05 04:44:00,NPP-375D,Brasil,SÃO PAULO,BARRETOS,Cerrado,2,0.0,1.0,4.3,-20.4826,-48.59138
2023/09/06 04:23:00,NPP-375D,Brasil,SÃO PAULO,BARRETOS,Cerrado,2,0.9,1.0,1.8,-20.39197,-48.76922
2023/09/06 04:23:00,NPP-375D,Brasil,SÃO PAULO,BARRETOS,Cerrado,2,1.2,1.0,0.5,-20.48718,-48.58353
2023/09/06 04:23:00,NPP-375D,Brasil,SÃO PAULO,BARRETOS,Cerrado,2,1.2,1.0,0.4,-20.49052,-48.58413
2023/09/06 04:23:00,NPP-375D,Brasil,SÃO PAULO,BARRETOS,Cerrado,2,1.2,1.0,0.6,-20.49207,-48.59588
2023/09/06 04:23:00,NPP-375D,Brasil,SÃO PAULO,BARRETOS,Cerrado,2,1.2,1.0,0.6,-20.48874,-48.59528
2023/09/06 04:23:00,NPP-375D,Brasil,SÃO PAULO,BARRETOS,Cerrado,2,0.9,1.0,1.8,-20.39532,-48.76982
2023/09/06 04:57:00,AQUA_M-M,Brasil,SÃO PAULO,BARRETOS,Cerrado,2,0.9,1.0,6.1,-20.38713,-48.76826
2023/09/06 05:14:00,NOAA-20,Brasil,SÃO PAULO,BARRETOS,Cerrado,2,0.9,1.0,1.8,-20.39388,-48.76919
2023/09/09 00:54:00,TERRA_M-M,Brasil,SÃO PAULO,BARRETOS,Cerrado,3,0.2,1.0,29.6,-20.49872,-48.6115
2023/09/09 00:54:00,TERRA_M-M,Brasil,SÃO PAULO,BARRETOS,Cerrado,3,0.2,1.0,42.4,-20.49702,-48.60602
2023/09/09 01:16:42,METOP-B,Brasil,SÃO PAULO,BARRETOS,Cerrado,3,0.1,1.0,,-20.486099243164062,-48.587100982666016
2023/09/09 03:28:00,NPP-375D,Brasil,SÃO PAULO,BARRETOS,Cerrado,3,0.15,1.0,8.1,-20.48982,-48.59513
2023/09/09 03:28:00,NPP-375D,Brasil,SÃO PAULO,BARRETOS,Cerrado,3,0.18,1.0,8.1,-20.49678,-48.59735
2023/09/09 03:28:00,NPP-375D,Brasil,SÃO PAULO,BARRETOS,Cerrado,3,0.19,1.0,9.2,-20.49414,-48.59906
2023/09/09 03:28:00,NPP-375D,Brasil,SÃO PAULO,BARRETOS,Cerrado,3,0.2,1.0,7.7,-20.4923,-48.60651
2023/09/09 03:28:00,NPP-375D,Brasil,SÃO PAULO,BARRETOS,Cerrado,3,0.2,1.0,8.1,-20.48788,-48.60279
2023/09/09 03:28:00,NPP-375D,Brasil,SÃO PAULO,BARRETOS,Cerrado,3,0.17,1.0,9.2,-20.48718,-48.59683
2023/09/09 03:28:00,NPP-375D,Brasil,SÃO PAULO,BARRETOS,Cerrado,3,0.2,1.0,7.7,-20.48524,-48.60464
2023/09/09 04:17:00,NOAA-20,Brasil,SÃO PAULO,BARRETOS,Cerrado,3,0.13,1.0,10.6,-20.49162,-48.59262
2023/09/09 04:17:00,NOAA-20,Brasil,SÃO PAULO,BARRETOS,Cerrado,3,0.17,1.0,10.6,-20.49095,-48.59659
2023/09/09 04:17:00,NOAA-20,Brasil,SÃO PAULO,BARRETOS,Cerrado,3,0.2,1.0,4.1,-20.49027,-48.60056
2023/09/09 04:17:00,NOAA-20,Brasil,SÃO PAULO,BARRETOS,Cerrado,3,0.15,1.0,1.5,-20.4841,-48.59525
2023/09/09 04:17:00,NOAA-20,Brasil,SÃO PAULO,BARRETOS,Cerrado,3,0.17,1.0,10.6,-20.49437,-48.59726
2023/09/09 05:08:00,NPP-375D,Brasil,SÃO PAULO,BARRETOS,Cerrado,3,0.19,1.0,1.6,-20.48734,-48.59859
2023/09/09 05:08:00,NPP-375D,Brasil,SÃO PAULO,BARRETOS,Cerrado,3,0.15,1.0,4.2,-20.49341,-48.59513
2023/09/09 05:08:00,NPP-375D,Brasil,SÃO PAULO,BARRETOS,Cerrado,3,0.19,1.0,4.2,-20.49303,-48.59917
2023/09/12 01:17:00,TERRA_M-M,Brasil,SÃO PAULO,BARRETOS,Cerrado,7,0.0,1.0,7.6,-20.39292,-48.76866
2023/09/12 01:17:00,TERRA_M-M,Brasil,SÃO PAULO,BARRETOS,Cerrado,6,0.0,1.0,33.0,-20.49499,-48.59312
2023/09/12 01:17:00,TERRA_M-M,Brasil,SÃO PAULO,BARRETOS,Cerrado,6,0.0,1.0,14.6,-20.49637,-48.60426
2023/09/12 04:12:00,NPP-375D,Brasil,SÃO PAULO,BARRETOS,Cerrado,6,0.0,1.0,10.9,-20.49421,-48.59373
2023/09/12 04:12:00,NPP-375D,Brasil,SÃO PAULO,BARRETOS,Cerrado,7,0.0,1.0,2.3,-20.39362,-48.76768
2023/09/12 04:12:00,NPP-375D,Brasil,SÃO PAULO,BARRETOS,Cerrado,6,0.0,1.0,3.7,-20.49339,-48.59837
2023/09/12 05:01:00,NOAA-20,Brasil,SÃO PAULO,BARRETOS,Cerrado,7,0.0,1.0,1.7,-20.39546,-48.76995
2023/09/12 05:01:00,NOAA-20,Brasil,SÃO PAULO,BARRETOS,Cerrado,6,0.0,1.0,2.6,-20.49352,-48.59942
2023/09/12 05:01:00,NOAA-20,Brasil,SÃO PAULO,BARRETOS,Cerrado,6,0.0,1.0,2.6,-20.49385,-48.59621
2023/09/12 05:01:00,NOAA-20,Brasil,SÃO PAULO,BARRETOS,Cerrado,6,0.0,1.0,3.0,-20.49418,-48.59303
2023/09/12 05:01:00,NOAA-20,Brasil,SÃO PAULO,BARRETOS,Cerrado,6,0.0,1.0,0.2,-20.48839,-48.59883
2023/09/12 16:41:00,NPP-375,Brasil,SÃO PAULO,BARRETOS,Cerrado,6,0.0,-999.0,8.7,-20.57913,-48.5849
2023/09/12 16:41:00,NPP-375,Brasil,SÃO PAULO,BARRETOS,Cerrado,6,0.0,1.0,6.4,-20.5827,-48.58437
2023/09/12 16:41:00,NPP-375,Brasil,SÃO PAULO,BARRETOS,Cerrado,6,0.0,1.0,87.0,-20.49448,-48.43268
2023/09/12 17:32:00,NOAA-20,Brasil,SÃO PAULO,BARRETOS,Cerrado,6,0.0,-999.0,8.5,-20.57803,-48.58592
2023/09/12 17:32:00,NOAA-20,Brasil,SÃO PAULO,BARRETOS,Cerrado,6,0.0,1.0,7.3,-20.5841,-48.58824
2023/09/12 17:32:00,NOAA-20,Brasil,SÃO PAULO,BARRETOS,Cerrado,6,0.0,1.0,8.5,-20.58331,-48.58464
2023/09/12 17:32:00,NOAA-20,Brasil,SÃO PAULO,BARRETOS,Cerrado,6,0.0,1.0,18.8,-20.58057,-48.58694
2023/09/12 17:32:00,NOAA-20,Brasil,SÃO PAULO,BARRETOS,Cerrado,6,0.0,-999.0,7.3,-20.57881,-48.58948
2023/09/12 18:00:00,AQUA_M-T,Brasil,SÃO PAULO,BARRETOS,Cerrado,6,0.0,1.0,44.9,-20.58748,-48.58306
2023/09/13 00:46:18,METOP-C,Brasil,SÃO PAULO,BARRETOS,Cerrado,7,0.0,1.0,,-20.483800888061523,-48.59379959106445
2023/09/13 00:46:18,METOP-C,Brasil,SÃO PAULO,BARRETOS,Cerrado,7,0.0,1.0,,-20.48550033569336,-48.60200119018555
2023/09/13 00:46:20,METOP-C,Brasil,SÃO PAULO,BARRETOS,Cerrado,9,0.0,1.0,,-20.386999130249023,-48.77040100097656
2023/09/13 01:58:00,TERRA_M-M,Brasil,SÃO PAULO,BARRETOS,Cerrado,8,0.0,1.0,29.7,-20.39343,-48.76843
2023/09/13 01:58:00,TERRA_M-M,Brasil,SÃO PAULO,BARRETOS,Cerrado,8,0.0,1.0,20.7,-20.39937,-48.7738
2023/09/13 01:58:00,TERRA_M-M,Brasil,SÃO PAULO,BARRETOS,Cerrado,7,0.0,1.0,33.4,-20.49468,-48.59485
2023/09/13 03:53:00,NPP-375D,Brasil,SÃO PAULO,BARRETOS,Cerrado,7,0.0,1.0,0.7,-20.49718,-48.59225
2023/09/13 03:53:00,NPP-375D,Brasil,SÃO PAULO,BARRETOS,Cerrado,7,0.0,1.0,3.6,-20.4923,-48.59099
2023/09/13 03:53:00,NPP-375D,Brasil,SÃO PAULO,BARRETOS,Cerrado,8,0.0,1.0,10.4,-20.39237,-48.77102
2023/09/13 03:53:00,NPP-375D,Brasil,SÃO PAULO,BARRETOS,Cerrado,9,0.0,1.0,0.7,-20.38738,-48.76995
2023/09/13 04:44:00,NOAA-20,Brasil,SÃO PAULO,BARRETOS,Cerrado,9,0.0,1.0,4.1,-20.38939,-48.77056
2023/09/13 04:44:00,NOAA-20,Brasil,SÃO PAULO,BARRETOS,Cerrado,8,0.0,1.0,3.0,-20.39314,-48.77117
2023/09/13 04:44:00,NOAA-20,Brasil,SÃO PAULO,BARRETOS,Cerrado,7,0.0,1.0,2.2,-20.49328,-48.59508
2023/09/13 04:44:00,NOAA-20,Brasil,SÃO PAULO,BARRETOS,Cerrado,7,0.0,1.0,2.8,-20.49391,-48.59022
2023/09/13 04:53:00,AQUA_M-M,Brasil,SÃO PAULO,BARRETOS,Cerrado,8,0.0,1.0,5.7,-20.39306,-48.76611
2023/09/13 12:51:00,TERRA_M-T,Brasil,SÃO PAULO,BARRETOS,Cerrado,7,0.0,1.0,12.4,-20.49201,-48.58466
2023/09/13 12:51:00,TERRA_M-T,Brasil,SÃO PAULO,BARRETOS,Cerrado,7,0.0,1.0,9.4,-20.4901,-48.59633
2023/09/13 17:11:00,NOAA-20,Brasil,SÃO PAULO,BARRETOS,Cerrado,7,0.0,-999.0,3.4,-20.58829,-48.57287
2023/09/13 17:11:00,NOAA-20,Brasil,SÃO PAULO,BARRETOS,Cerrado,7,0.0,1.0,5.4,-20.41934,-48.55925
2023/09/13 17:11:00,NOAA-20,Brasil,SÃO PAULO,BARRETOS,Cerrado,7,0.0,1.0,3.5,-20.42082,-48.5565
2023/09/14 00:46:59,GOES-16,Brasil,SÃO PAULO,BARRETOS,Cerrado,7,3.06,0.68,100.8,-20.5015,-48.5785
2023/09/14 00:46:59,GOES-16,Brasil,SÃO PAULO,BARRETOS,Cerrado,7,2.96,1.0,82.4,-20.481,-48.5831
2023/09/14 04:23:00,NOAA-20,Brasil,SÃO PAULO,BARRETOS,Cerrado,7,3.04,1.0,1.1,-20.48737,-48.59095
2023/09/14 04:23:00,NOAA-20,Brasil,SÃO PAULO,BARRETOS,Cerrado,7,3.05,1.0,1.7,-20.49127,-48.58786
2023/09/14 04:23:00,NOAA-20,Brasil,SÃO PAULO,BARRETOS,Cerrado,7,3.02,1.0,1.1,-20.48796,-48.58726
2023/09/15 16:37:00,NOAA-20,Brasil,SÃO PAULO,BARRETOS,Cerrado,0,0.16,-999.0,2.8,-20.52671,-48.55568
2023/09/15 23:36:59,GOES-16,Brasil,SÃO PAULO,BARRETOS,Cerrado,0,0.2,0.82,76.9,-20.5015,-48.5785
2023/09/16 00:06:59,GOES-16,Brasil,SÃO PAULO,BARRETOS,Cerrado,2,0.0,0.93,86.4,-20.5015,-48.5785
2023/09/16 00:16:59,GOES-16,Brasil,SÃO PAULO,BARRETOS,Cerrado,2,0.0,0.93,91.0,-20.5015,-48.5785
2023/09/16 00:26:59,GOES-16,Brasil,SÃO PAULO,BARRETOS,Cerrado,2,0.0,0.93,106.8,-20.5015,-48.5785
2023/09/16 00:31:22,METOP-B,Brasil,SÃO PAULO,BARRETOS,Cerrado,2,0.0,1.0,,-20.49650001525879,-48.55720138549805
2023/09/16 00:31:22,METOP-B,Brasil,SÃO PAULO,BARRETOS,Cerrado,2,0.0,1.0,,-20.4867000579834,-48.559200286865234
2023/09/16 00:31:22,METOP-B,Brasil,SÃO PAULO,BARRETOS,Cerrado,2,0.0,1.0,,-20.48900032043457,-48.57160186767578
2023/09/16 00:31:22,METOP-B,Brasil,SÃO PAULO,BARRETOS,Cerrado,2,0.0,1.0,,-20.49880027770996,-48.56959915161133
2023/09/16 00:36:59,GOES-16,Brasil,SÃO PAULO,BARRETOS,Cerrado,2,0.0,0.93,87.6,-20.5015,-48.5785
2023/09/16 00:43:00,TERRA_M-M,Brasil,SÃO PAULO,BARRETOS,Cerrado,2,0.0,0.98,65.6,-20.49767,-48.58414
2023/09/16 00:43:00,TERRA_M-M,Brasil,SÃO PAULO,BARRETOS,Cerrado,2,0.0,0.96,54.1,-20.49829,-48.57892
2023/09/16 00:46:59,GOES-16,Brasil,SÃO PAULO,BARRETOS,Cerrado,2,0.0,0.93,81.9,-20.5015,-48.5785
2023/09/16 01:06:59,GOES-16,Brasil,SÃO PAULO,BARRETOS,Cerrado,2,0.0,0.93,78.3,-20.5015,-48.5785
2023/09/16 01:16:59,GOES-16,Brasil,SÃO PAULO,BARRETOS,Cerrado,2,0.0,0.93,65.7,-20.5015,-48.5785
2023/09/16 01:24:29,METOP-C,Brasil,SÃO PAULO,BARRETOS,Cerrado,2,0.0,0.99,,-20.46109962463379,-48.597599029541016
2023/09/16 01:24:29,METOP-C,Brasil,SÃO PAULO,BARRETOS,Cerrado,2,0.0,0.99,,-20.457399368286133,-48.583499908447266
2023/09/16 01:26:59,GOES-16,Brasil,SÃO PAULO,BARRETOS,Cerrado,2,0.0,0.93,70.8,-20.5015,-48.5785
2023/09/16 03:47:00,NOAA-20,Brasil,SÃO PAULO,BARRETOS,Cerrado,2,0.0,1.0,1.9,-20.48617,-48.58981
2023/09/16 03:47:00,NOAA-20,Brasil,SÃO PAULO,BARRETOS,Cerrado,2,0.0,1.0,1.9,-20.48697,-48.58613
2023/09/16 03:47:00,NOAA-20,Brasil,SÃO PAULO,BARRETOS,Cerrado,2,0.0,1.0,2.2,-20.49308,-48.58393
2023/09/16 03:47:00,NOAA-20,Brasil,SÃO PAULO,BARRETOS,Cerrado,2,0.0,1.0,3.0,-20.49228,-48.58761
2023/09/16 03:47:00,NOAA-20,Brasil,SÃO PAULO,BARRETOS,Cerrado,2,0.0,1.0,3.0,-20.49147,-48.5913
2023/09/16 03:47:00,NOAA-20,Brasil,SÃO PAULO,BARRETOS,Cerrado,2,0.0,1.0,3.5,-20.39431,-48.77088
2023/09/16 03:47:00,NOAA-20,Brasil,SÃO PAULO,BARRETOS,Cerrado,2,0.0,1.0,2.7,-20.3935,-48.77463
2023/09/16 03:47:00,NOAA-20,Brasil,SÃO PAULO,BARRETOS,Cerrado,2,0.0,1.0,3.5,-20.38886,-48.76969
2023/09/16 03:47:00,NOAA-20,Brasil,SÃO PAULO,BARRETOS,Cerrado,2,0.0,1.0,2.7,-20.38805,-48.77344
2023/09/16 04:38:00,NPP-375D,Brasil,SÃO PAULO,BARRETOS,Cerrado,2,0.0,1.0,3.5,-20.39226,-48.76797
2023/09/16 04:38:00,NPP-375D,Brasil,SÃO PAULO,BARRETOS,Cerrado,2,0.0,1.0,4.4,-20.39168,-48.77203
2023/09/16 04:38:00,NPP-375D,Brasil,SÃO PAULO,BARRETOS,Cerrado,2,0.0,1.0,3.6,-20.49256,-48.59151
2023/09/16 04:38:00,NPP-375D,Brasil,SÃO PAULO,BARRETOS,Cerrado,2,0.0,1.0,2.4,-20.49374,-48.58329
2023/09/16 04:38:00,NPP-375D,Brasil,SÃO PAULO,BARRETOS,Cerrado,2,0.0,1.0,3.6,-20.49315,-48.5874
2023/09/16 04:38:00,NPP-375D,Brasil,SÃO PAULO,BARRETOS,Cerrado,1,0.0,1.0,3.6,-20.48963,-48.58686
2023/09/16 04:38:00,NPP-375D,Brasil,SÃO PAULO,BARRETOS,Cerrado,2,0.0,1.0,3.5,-20.39574,-48.76855
2023/09/16 04:38:00,NPP-375D,Brasil,SÃO PAULO,BARRETOS,Cerrado,2,0.0,1.0,4.4,-20.39516,-48.77261
2023/09/16 13:14:00,TERRA_M-T,Brasil,SÃO PAULO,BARRETOS,Cerrado,2,0.0,1.0,7.0,-20.49664,-48.58856
2023/09/16 16:16:00,NOAA-20,Brasil,SÃO PAULO,BARRETOS,Cerrado,2,0.0,1.0,7.6,-20.49254,-48.58613
2023/09/16 17:05:00,NPP-375,Brasil,SÃO PAULO,BARRETOS,Cerrado,2,0.0,1.0,9.0,-20.49219,-48.58583
2023/09/16 22:06:59,GOES-16,Brasil,SÃO PAULO,BARRETOS,Cerrado,2,0.0,1.0,73.7,-20.481,-48.5831
2023/09/16 22:06:59,GOES-16,Brasil,SÃO PAULO,BARRETOS,Cerrado,2,0.0,0.93,82.4,-20.5015,-48.5785
2023/09/16 22:16:59,GOES-16,Brasil,SÃO PAULO,BARRETOS,Cerrado,2,0.0,0.93,99.5,-20.5015,-48.5785
2023/09/16 22:26:59,GOES-16,Brasil,SÃO PAULO,BARRETOS,Cerrado,2,0.0,0.93,100.3,-20.5015,-48.5785
2023/09/16 22:26:59,GOES-16,Brasil,SÃO PAULO,BARRETOS,Cerrado,2,0.0,1.0,66.0,-20.481,-48.5831
2023/09/16 22:36:59,GOES-16,Brasil,SÃO PAULO,BARRETOS,Cerrado,2,0.0,1.0,72.0,-20.481,-48.5831
2023/09/16 22:36:59,GOES-16,Brasil,SÃO PAULO,BARRETOS,Cerrado,2,0.0,0.93,138.1,-20.5015,-48.5785
2023/09/16 22:46:59,GOES-16,Brasil,SÃO PAULO,BARRETOS,Cerrado,2,0.0,0.93,137.8,-20.5015,-48.5785
2023/09/16 22:46:59,GOES-16,Brasil,SÃO PAULO,BARRETOS,Cerrado,2,0.0,1.0,73.1,-20.481,-48.5831
2023/09/16 22:46:59,GOES-16,Brasil,SÃO PAULO,BARRETOS,Cerrado,2,0.0,1.0,62.2,-20.5009,-48.6017
2023/09/16 22:56:59,GOES-16,Brasil,SÃO PAULO,BARRETOS,Cerrado,2,0.0,0.93,131.2,-20.5015,-48.5785
2023/09/16 22:56:59,GOES-16,Brasil,SÃO PAULO,BARRETOS,Cerrado,2,0.0,1.0,75.2,-20.481,-48.5831
2023/09/16 23:06:59,GOES-16,Brasil,SÃO PAULO,BARRETOS,Cerrado,2,0.0,0.93,80.0,-20.5015,-48.5785
2023/09/16 23:06:59,GOES-16,Brasil,SÃO PAULO,BARRETOS,Cerrado,2,0.0,1.0,62.3,-20.481,-48.5831
2023/09/16 23:16:59,GOES-16,Brasil,SÃO PAULO,BARRETOS,Cerrado,2,0.0,0.93,74.5,-20.5015,-48.5785
2023/09/16 23:26:59,GOES-16,Brasil,SÃO PAULO,BARRETOS,Cerrado,2,0.0,0.93,67.5,-20.5015,-48.5785
2023/09/16 23:36:59,GOES-16,Brasil,SÃO PAULO,BARRETOS,Cerrado,2,0.0,0.93,62.4,-20.5015,-48.5785
2023/09/17 00:11:06,METOP-B,Brasil,SÃO PAULO,BARRETOS,Cerrado,2,0.1,1.0,,-20.43899917602539,-48.53860092163086
2023/09/17 01:03:26,METOP-C,Brasil,SÃO PAULO,BARRETOS,Cerrado,3,0.0,1.0,,-20.488500595092773,-48.59349822998047
2023/09/17 01:03:26,METOP-C,Brasil,SÃO PAULO,BARRETOS,Cerrado,3,0.0,1.0,,-20.4867000579834,-48.58570098876953
2023/09/17 01:03:26,METOP-C,Brasil,SÃO PAULO,BARRETOS,Cerrado,3,0.0,0.99,,-20.49650001525879,-48.583099365234375
2023/09/17 01:24:00,TERRA_M-M,Brasil,SÃO PAULO,BARRETOS,Cerrado,3,0.0,1.0,27.1,-20.49149,-48.58765
2023/09/17 03:28:00,NOAA-20,Brasil,SÃO PAULO,BARRETOS,Cerrado,2,0.0,1.0,1.2,-20.49242,-48.58956
2023/09/17 03:28:00,NOAA-20,Brasil,SÃO PAULO,BARRETOS,Cerrado,3,0.0,1.0,5.1,-20.48555,-48.58727
2023/09/17 03:28:00,NOAA-20,Brasil,SÃO PAULO,BARRETOS,Cerrado,3,0.0,1.0,5.8,-20.48826,-48.58924
2023/09/17 04:17:00,NPP-375D,Brasil,SÃO PAULO,BARRETOS,Cerrado,3,0.0,1.0,2.4,-20.49184,-48.58387
2023/09/17 04:17:00,NPP-375D,Brasil,SÃO PAULO,BARRETOS,Cerrado,3,0.0,1.0,2.9,-20.48771,-48.5872
2023/09/17 04:17:00,NPP-375D,Brasil,SÃO PAULO,BARRETOS,Cerrado,3,0.0,1.0,2.9,-20.49116,-48.58789
2023/09/17 05:08:00,NOAA-20,Brasil,SÃO PAULO,BARRETOS,Cerrado,3,0.0,1.0,3.2,-20.49011,-48.58676
2023/09/17 05:08:00,NOAA-20,Brasil,SÃO PAULO,BARRETOS,Cerrado,3,0.0,1.0,1.6,-20.49245,-48.58831
2023/09/17 05:08:00,NOAA-20,Brasil,SÃO PAULO,BARRETOS,Cerrado,3,0.0,1.0,1.7,-20.49282,-48.58429
2023/09/17 05:08:00,NOAA-20,Brasil,SÃO PAULO,BARRETOS,Cerrado,3,0.0,1.0,1.6,-20.48675,-48.58785
2023/09/17 05:08:00,NOAA-20,Brasil,SÃO PAULO,BARRETOS,Cerrado,3,0.0,1.0,2.2,-20.48971,-48.59077
2023/09/17 16:48:00,NPP-375,Brasil,SÃO PAULO,BARRETOS,Mata Atlântica,3,0.0,1.0,18.9,-20.60399,-48.76303
2023/09/17 16:48:00,NPP-375,Brasil,SÃO PAULO,BARRETOS,Mata Atlântica,3,0.0,1.0,18.9,-20.60455,-48.76691
2023/09/17 16:48:00,NPP-375,Brasil,SÃO PAULO,BARRETOS,Mata Atlântica,3,0.0,1.0,18.9,-20.60739,-48.7625
2023/09/17 16:48:00,NPP-375,Brasil,SÃO PAULO,BARRETOS,Mata Atlântica,3,0.0,1.0,18.9,-20.60795,-48.76637
2023/09/17 16:48:00,NPP-375,Brasil,SÃO PAULO,BARRETOS,Mata Atlântica,3,0.0,1.0,24.9,-20.60344,-48.75916
2023/09/18 16:28:00,NPP-375,Brasil,SÃO PAULO,BARRETOS,Mata Atlântica,3,7.56,-999.0,6.6,-20.46817,-48.83195
2023/09/18 16:28:00,NPP-375,Brasil,SÃO PAULO,BARRETOS,Mata Atlântica,3,17.17,0.38,7.6,-20.6032,-48.75985
2023/09/18 16:28:00,NPP-375,Brasil,SÃO PAULO,BARRETOS,Mata Atlântica,3,8.23,-999.0,6.6,-20.46767,-48.82768
2023/09/18 17:17:00,AQUA_M-T,Brasil,SÃO PAULO,BARRETOS,Mata Atlântica,3,6.89,1.0,34.8,-20.47145,-48.83656
2023/09/18 17:17:00,AQUA_M-T,Brasil,SÃO PAULO,BARRETOS,Mata Atlântica,2,8.46,0.58,57.5,-20.4701,-48.82674
2023/09/18 17:20:00,NOAA-20,Brasil,SÃO PAULO,BARRETOS,Mata Atlântica,3,16.38,0.42,3.4,-20.60689,-48.76022
2023/09/18 17:20:00,NOAA-20,Brasil,SÃO PAULO,BARRETOS,Mata Atlântica,3,17.15,0.39,3.4,-20.60261,-48.76121
2023/09/18 17:20:00,NOAA-20,Brasil,SÃO PAULO,BARRETOS,Mata Atlântica,2,8.16,0.58,14.9,-20.47085,-48.82866
2023/09/18 17:20:00,NOAA-20,Brasil,SÃO PAULO,BARRETOS,Mata Atlântica,3,8.86,1.0,14.9,-20.47,-48.82426
2023/09/18 17:20:00,NOAA-20,Brasil,SÃO PAULO,BARRETOS,Mata Atlântica,3,7.24,-999.0,11.1,-20.46739,-48.83391
2023/09/19 17:00:00,NOAA-20,Brasil,SÃO PAULO,BARRETOS,Mata Atlântica,2,1.38,0.79,6.3,-20.4722,-48.82632
2023/09/20 01:49:00,TERRA_M-M,Brasil,SÃO PAULO,BARRETOS,Cerrado,1,0.0,1.0,12.0,-20.39753,-48.78143
2023/09/20 01:49:00,TERRA_M-M,Brasil,SÃO PAULO,BARRETOS,Cerrado,1,0.0,1.0,16.6,-20.39477,-48.76531
2023/09/20 04:12:00,NOAA-20,Brasil,SÃO PAULO,BARRETOS,Cerrado,1,0.0,1.0,4.7,-20.39331,-48.77237
2023/09/20 04:12:00,NOAA-20,Brasil,SÃO PAULO,BARRETOS,Cerrado,1,0.0,1.0,4.7,-20.3896,-48.77166
2023/09/20 04:51:00,AQUA_M-M,Brasil,SÃO PAULO,BARRETOS,Cerrado,1,0.0,1.0,7.3,-20.39075,-48.76736
2023/09/20 16:41:00,NOAA-20,Brasil,SÃO PAULO,BARRETOS,Cerrado,2,0.0,-999.0,6.2,-20.54926,-48.59383
2023/09/21 03:51:00,NOAA-20,Brasil,SÃO PAULO,BARRETOS,Cerrado,2,0.0,1.0,2.8,-20.38811,-48.7703
2023/09/21 04:44:00,NPP-375D,Brasil,SÃO PAULO,BARRETOS,Cerrado,2,0.0,1.0,0.8,-20.3922,-48.76825
2023/09/21 04:44:00,NPP-375D,Brasil,SÃO PAULO,BARRETOS,Cerrado,2,0.0,1.0,0.8,-20.38845,-48.76762
2023/09/21 16:22:00,NOAA-20,Brasil,SÃO PAULO,BARRETOS,Mata Atlântica,2,0.0,-999.0,14.7,-20.47664,-48.82181
2023/09/21 17:13:00,NPP-375,Brasil,SÃO PAULO,BARRETOS,Mata Atlântica,2,0.0,-999.0,7.8,-20.47674,-48.82403
2023/09/22 04:23:00,NPP-375D,Brasil,SÃO PAULO,BARRETOS,Mata Atlântica,4,0.0,1.0,4.1,-20.56876,-48.75007
2023/09/22 04:23:00,NPP-375D,Brasil,SÃO PAULO,BARRETOS,Mata Atlântica,3,0.0,1.0,4.1,-20.56816,-48.75378
2023/09/22 04:23:00,NPP-375D,Brasil,SÃO PAULO,BARRETOS,Mata Atlântica,3,0.0,1.0,1.2,-20.56481,-48.75318
2023/09/22 16:54:00,NPP-375,Brasil,SÃO PAULO,BARRETOS,Mata Atlântica,3,0.0,-999.0,3.7,-20.47704,-48.82301
2023/09/23 04:06:00,NPP-375D,Brasil,SÃO PAULO,BARRETOS,Cerrado,4,0.1,1.0,3.0,-20.39008,-48.76963
2023/09/23 04:06:00,NPP-375D,Brasil,SÃO PAULO,BARRETOS,Cerrado,4,0.11,1.0,3.0,-20.39418,-48.77044
2023/09/23 04:06:00,NPP-375D,Brasil,SÃO PAULO,BARRETOS,Cerrado,4,0.14,1.0,5.2,-20.38934,-48.77349
2023/09/23 04:55:00,NOAA-20,Brasil,SÃO PAULO,BARRETOS,Cerrado,4,0.1,1.0,4.1,-20.39298,-48.77012
2023/09/23 04:55:00,NOAA-20,Brasil,SÃO PAULO,BARRETOS,Cerrado,4,0.15,1.0,2.7,-20.38788,-48.77433
2023/09/23 04:55:00,NOAA-20,Brasil,SÃO PAULO,BARRETOS,Cerrado,4,0.1,1.0,2.7,-20.38843,-48.76942
2023/09/23 16:37:00,NPP-375,Brasil,SÃO PAULO,BARRETOS,Mata Atlântica,3,0.85,1.0,3.7,-20.47779,-48.8253
2023/09/23 17:26:00,NOAA-20,Brasil,SÃO PAULO,BARRETOS,Mata Atlântica,3,0.84,1.0,15.8,-20.48129,-48.82412
2023/09/23 17:28:00,AQUA_M-T,Brasil,SÃO PAULO,BARRETOS,Mata Atlântica,3,0.91,1.0,18.8,-20.48268,-48.83072
2023/09/25 16:48:00,NOAA-20,Brasil,SÃO PAULO,BARRETOS,Cerrado,9,0.1,1.0,24.6,-20.53197,-48.63024
2023/09/26 17:20:00,NPP-375,Brasil,SÃO PAULO,BARRETOS,Cerrado,10,0.0,1.0,7.8,-20.52864,-48.6381
2023/09/27 14:06:59,GOES-16,Brasil,SÃO PAULO,BARRETOS,Cerrado,12,17.85,0.08,120.9,-20.3601,-48.541
2023/09/29 03:51:00,NPP-375D,Brasil,SÃO PAULO,BARRETOS,Cerrado,0,0.0,0.99,0.5,-20.39089,-48.76855
2023/09/29 04:44:00,NOAA-20,Brasil,SÃO PAULO,BARRETOS,Cerrado,0,0.0,0.99,6.7,-20.38838,-48.76698
2023/09/29 04:44:00,NOAA-20,Brasil,SÃO PAULO,BARRETOS,Cerrado,0,0.0,-999.0,1.2,-20.58451,-48.5621
2023/09/29 04:44:00,NOAA-20,Brasil,SÃO PAULO,BARRETOS,Cerrado,0,0.0,0.99,0.8,-20.38688,-48.76984
2023/09/29 04:44:00,NOAA-20,Brasil,SÃO PAULO,BARRETOS,Cerrado,0,0.0,0.99,4.1,-20.39062,-48.77043
2023/10/03 14:06:59,GOES-16,Brasil,SÃO PAULO,BARRETOS,Cerrado,0,0.73,0.63,96.5,-20.378,-48.6292
2023/10/03 14:16:59,GOES-16,Brasil,SÃO PAULO,BARRETOS,Cerrado,0,0.8,0.68,115.3,-20.3787,-48.606
2023/10/03 14:16:59,GOES-16,Brasil,SÃO PAULO,BARRETOS,Cerrado,0,0.8,0.33,90.1,-20.3985,-48.6246
2023/10/03 14:16:59,GOES-16,Brasil,SÃO PAULO,BARRETOS,Cerrado,0,0.73,0.63,196.4,-20.378,-48.6292
2023/10/05 14:06:59,GOES-16,Brasil,SÃO PAULO,BARRETOS,Cerrado,0,0.49,1.0,105.7,-20.4215,-48.5273
2023/10/06 17:32:00,NPP-375,Brasil,SÃO PAULO,BARRETOS,Cerrado,0,8.14,0.41,3.9,-20.46839,-48.44349
2023/10/06 17:32:00,NPP-375,Brasil,SÃO PAULO,BARRETOS,Cerrado,0,7.96,0.43,9.1,-20.47372,-48.44227
2023/10/06 17:32:00,NPP-375,Brasil,SÃO PAULO,BARRETOS,Cerrado,0,7.98,0.43,9.1,-20.47449,-48.44587
2023/10/11 01:22:00,TERRA_M-M,Brasil,SÃO PAULO,BARRETOS,Cerrado,2,0.0,0.12,15.7,-20.38634,-48.76983
2023/10/11 03:28:00,NPP-375D,Brasil,SÃO PAULO,BARRETOS,Cerrado,2,0.0,0.15,2.9,-20.38912,-48.76412
2023/10/11 03:28:00,NPP-375D,Brasil,SÃO PAULO,BARRETOS,Cerrado,2,0.0,0.15,4.9,-20.38716,-48.77193
2023/10/11 04:19:00,NOAA-20,Brasil,SÃO PAULO,BARRETOS,Cerrado,2,0.0,0.12,10.0,-20.38692,-48.7686
2023/10/11 04:44:00,AQUA_M-M,Brasil,SÃO PAULO,BARRETOS,Cerrado,2,0.0,0.12,8.8,-20.38474,-48.75879
2023/10/11 05:08:00,NPP-375D,Brasil,SÃO PAULO,BARRETOS,Cerrado,2,0.0,0.14,3.2,-20.3866,-48.77129
2023/10/11 05:08:00,NPP-375D,Brasil,SÃO PAULO,BARRETOS,Cerrado,2,0.0,0.12,3.2,-20.38698,-48.76743
2023/10/11 17:37:00,NPP-375,Brasil,SÃO PAULO,BARRETOS,Mata Atlântica,2,0.0,0.06,3.0,-20.67655,-48.73663
2023/10/11 22:46:59,GOES-16,Brasil,SÃO PAULO,BARRETOS,Cerrado,2,0.0,0.19,66.6,-20.3947,-48.7634
2023/10/12 04:51:00,NPP-375D,Brasil,SÃO PAULO,BARRETOS,Cerrado,2,8.4,0.04,0.6,-20.3882,-48.7689
2023/10/12 04:51:00,NPP-375D,Brasil,SÃO PAULO,BARRETOS,Cerrado,2,8.41,0.05,0.6,-20.38868,-48.76511
2023/10/12 17:17:00,NPP-375,Brasil,SÃO PAULO,BARRETOS,Cerrado,2,10.62,0.02,5.1,-20.49342,-48.64478
2023/10/12 17:17:00,NPP-375,Brasil,SÃO PAULO,BARRETOS,Cerrado,2,10.59,0.02,8.0,-20.49211,-48.64437
2023/10/16 04:23:00,NOAA-20,Brasil,SÃO PAULO,BARRETOS,Cerrado,0,0.0,0.12,0.6,-20.51852,-48.55947
2023/10/18 01:11:00,TERRA_M-M,Brasil,SÃO PAULO,BARRETOS,Cerrado,0,4.16,0.24,37.7,-20.48025,-48.64985
2023/10/18 01:11:00,TERRA_M-M,Brasil,SÃO PAULO,BARRETOS,Cerrado,0,4.19,0.23,21.8,-20.48172,-48.66232
2023/10/18 03:47:00,NOAA-20,Brasil,SÃO PAULO,BARRETOS,Cerrado,0,4.04,0.25,3.5,-20.47646,-48.65384
2023/10/18 03:47:00,NOAA-20,Brasil,SÃO PAULO,BARRETOS,Cerrado,0,4.23,0.24,2.2,-20.48273,-48.65128
2023/10/18 03:47:00,NOAA-20,Brasil,SÃO PAULO,BARRETOS,Cerrado,0,4.21,0.24,2.3,-20.48189,-48.65511
2023/10/18 03:47:00,NOAA-20,Brasil,SÃO PAULO,BARRETOS,Cerrado,0,4.18,0.24,2.3,-20.48105,-48.6589
2023/10/18 04:36:00,NPP-375D,Brasil,SÃO PAULO,BARRETOS,Cerrado,0,4.25,0.23,4.1,-20.48339,-48.65322
2023/10/18 04:36:00,NPP-375D,Brasil,SÃO PAULO,BARRETOS,Cerrado,0,4.29,0.23,1.3,-20.48397,-48.64915
2023/10/18 04:36:00,NPP-375D,Brasil,SÃO PAULO,BARRETOS,Cerrado,0,4.15,0.24,4.4,-20.4799,-48.65264
2023/10/18 04:36:00,NPP-375D,Brasil,SÃO PAULO,BARRETOS,Cerrado,1,1.67,0.47,1.7,-20.3873,-48.76766
2023/10/18 17:05:00,NPP-375,Brasil,SÃO PAULO,BARRETOS,Mata Atlântica,0,8.27,0.06,4.2,-20.68407,-48.77027
2023/10/19 04:17:00,NPP-375D,Brasil,SÃO PAULO,BARRETOS,Cerrado,1,9.87,0.26,0.9,-20.3863,-48.76936
2023/10/22 04:10:00,NOAA-20,Brasil,SÃO PAULO,BARRETOS,Cerrado,2,0.0,0.4,3.1,-20.5182,-48.56023
2023/10/23 16:22:00,NOAA-20,Brasil,SÃO PAULO,BARRETOS,Cerrado,3,0.0,0.57,5.0,-20.42233,-48.57204
2023/10/23 17:05:00,AQUA_M-T,Brasil,SÃO PAULO,BARRETOS,Cerrado,3,0.0,0.58,46.2,-20.42108,-48.57311
2023/10/23 17:11:00,NPP-375,Brasil,SÃO PAULO,BARRETOS,Cerrado,3,0.0,0.71,7.9,-20.53516,-48.54665
2023/10/23 17:11:00,NPP-375,Brasil,SÃO PAULO,BARRETOS,Cerrado,3,0.0,0.57,13.0,-20.42715,-48.57113
2023/10/23 17:11:00,NPP-375,Brasil,SÃO PAULO,BARRETOS,Cerrado,3,0.0,0.57,45.5,-20.42319,-48.57188
2023/10/23 17:11:00,NPP-375,Brasil,SÃO PAULO,BARRETOS,Cerrado,3,0.0,0.58,45.5,-20.41923,-48.57265
2023/10/24 04:23:00,NPP-375D,Brasil,SÃO PAULO,BARRETOS,Cerrado,3,3.19,0.51,4.6,-20.38619,-48.77118
2023/10/24 04:23:00,NPP-375D,Brasil,SÃO PAULO,BARRETOS,Cerrado,3,3.15,0.66,3.8,-20.38558,-48.77491
2023/10/24 14:17:00,GOES-16,Brasil,SÃO PAULO,BARRETOS,Cerrado,3,3.42,0.32,93.7,-20.5047,-48.4625
2023/10/24 14:36:59,GOES-16,Brasil,SÃO PAULO,BARRETOS,Cerrado,3,4.08,0.34,96.5,-20.4215,-48.5273
2023/10/25 04:53:00,NOAA-20,Brasil,SÃO PAULO,BARRETOS,Cerrado,0,1.04,0.74,2.6,-20.38643,-48.77259
2023/10/26 04:36:00,NOAA-20,Brasil,SÃO PAULO,BARRETOS,Cerrado,0,20.27,0.0,9.0,-20.38498,-48.77308
2023/10/26 04:36:00,NOAA-20,Brasil,SÃO PAULO,BARRETOS,Cerrado,0,19.51,0.01,1.1,-20.48588,-48.65252
2023/11/02 17:26:00,NPP-375,Brasil,SÃO PAULO,BARRETOS,Cerrado,0,0.1,0.01,4.3,-20.48359,-48.64853
2023/11/06 04:29:00,NOAA-20,Brasil,SÃO PAULO,BARRETOS,Cerrado,2,0.0,0.03,0.6,-20.51628,-48.55907
2023/11/08 00:43:00,TERRA_M-M,Brasil,SÃO PAULO,BARRETOS,Cerrado,4,0.0,0.17,34.7,-20.39189,-48.77827
2023/11/08 03:51:00,NOAA-20,Brasil,SÃO PAULO,BARRETOS,Cerrado,4,0.0,0.1,4.8,-20.38515,-48.77217
2023/11/08 04:44:00,NPP-375D,Brasil,SÃO PAULO,BARRETOS,Cerrado,4,0.0,0.08,6.8,-20.38593,-48.76958
2023/11/09 01:24:00,TERRA_M-M,Brasil,SÃO PAULO,BARRETOS,Cerrado,4,0.0,0.19,15.1,-20.38256,-48.77854
2023/11/09 05:14:00,NOAA-20,Brasil,SÃO PAULO,BARRETOS,Cerrado,5,0.01,0.15,0.9,-20.38636,-48.77302
2023/11/09 05:14:00,NOAA-20,Brasil,SÃO PAULO,BARRETOS,Cerrado,5,0.01,0.21,0.9,-20.38591,-48.77799
2023/11/10 04:55:00,NOAA-20,Brasil,SÃO PAULO,BARRETOS,Cerrado,5,0.76,0.15,4.1,-20.38449,-48.77316
2023/11/11 01:09:00,TERRA_M-M,Brasil,SÃO PAULO,BARRETOS,Cerrado,5,0.0,0.25,19.1,-20.3839,-48.77415
2023/11/11 03:46:00,NPP-375D,Brasil,SÃO PAULO,BARRETOS,Cerrado,5,0.0,0.23,0.4,-20.38597,-48.77291
2023/11/11 04:36:00,NOAA-20,Brasil,SÃO PAULO,BARRETOS,Cerrado,5,0.0,0.24,1.7,-20.38254,-48.77473
2023/11/12 17:38:00,NPP-375,Brasil,SÃO PAULO,BARRETOS,Cerrado,5,0.0,0.51,9.8,-20.38862,-48.72665
2023/11/14 01:32:00,TERRA_M-M,Brasil,SÃO PAULO,BARRETOS,Cerrado,7,0.0,0.8,14.3,-20.39095,-48.76136
2023/11/14 01:32:00,TERRA_M-M,Brasil,SÃO PAULO,BARRETOS,Cerrado,7,0.0,0.66,32.7,-20.39244,-48.77132
2023/11/14 03:40:00,NOAA-20,Brasil,SÃO PAULO,BARRETOS,Cerrado,7,0.0,0.67,5.6,-20.39306,-48.77166
2023/11/14 03:40:00,NOAA-20,Brasil,SÃO PAULO,BARRETOS,Cerrado,8,0.0,0.61,5.6,-20.38705,-48.77026
2023/11/14 03:40:00,NOAA-20,Brasil,SÃO PAULO,BARRETOS,Cerrado,7,0.0,0.71,8.7,-20.39417,-48.76678
2023/11/14 04:29:00,NPP-375D,Brasil,SÃO PAULO,BARRETOS,Cerrado,7,0.0,0.8,8.4,-20.39504,-48.76477
2023/11/14 04:29:00,NPP-375D,Brasil,SÃO PAULO,BARRETOS,Cerrado,7,0.0,0.64,3.8,-20.39113,-48.76791
2023/11/14 04:29:00,NPP-375D,Brasil,SÃO PAULO,BARRETOS,Cerrado,7,0.0,0.65,3.8,-20.39447,-48.76849
2023/11/14 05:20:00,NOAA-20,Brasil,SÃO PAULO,BARRETOS,Cerrado,8,0.0,0.74,2.7,-20.39286,-48.77337
2023/11/14 05:20:00,NOAA-20,Brasil,SÃO PAULO,BARRETOS,Cerrado,7,0.0,0.69,5.5,-20.39336,-48.76711
2023/11/14 16:09:00,NOAA-20,Brasil,SÃO PAULO,BARRETOS,Cerrado,7,0.0,0.79,7.8,-20.39687,-48.76387
2023/11/14 17:00:00,NPP-375,Brasil,SÃO PAULO,BARRETOS,Cerrado,7,0.0,0.76,6.3,-20.39576,-48.76535
2023/11/15 04:12:00,NPP-375D,Brasil,SÃO PAULO,BARRETOS,Cerrado,8,0.33,0.71,5.0,-20.39488,-48.76698
2023/11/15 04:12:00,NPP-375D,Brasil,SÃO PAULO,BARRETOS,Cerrado,8,0.36,0.68,6.0,-20.39114,-48.76627
2023/11/15 05:01:00,NOAA-20,Brasil,SÃO PAULO,BARRETOS,Cerrado,8,0.32,0.69,1.0,-20.39541,-48.76736
2023/11/15 05:01:00,NOAA-20,Brasil,SÃO PAULO,BARRETOS,Cerrado,8,0.36,0.66,2.5,-20.39039,-48.76661
2023/11/15 17:32:00,NOAA-20,Brasil,SÃO PAULO,BARRETOS,Cerrado,8,0.32,0.7,3.3,-20.39853,-48.76632
2023/11/15 17:32:00,NOAA-20,Brasil,SÃO PAULO,BARRETOS,Cerrado,8,0.34,0.68,3.3,-20.39327,-48.76732
2023/11/15 23:06:59,GOES-16,Brasil,SÃO PAULO,BARRETOS,Mata Atlântica,11,0.0,0.87,100.7,-20.453,-48.8653
2023/11/15 23:06:59,GOES-16,Brasil,SÃO PAULO,BARRETOS,Mata Atlântica,11,0.0,0.89,203.1,-20.4728,-48.8839
2023/11/15 23:06:59,GOES-16,Brasil,SÃO PAULO,BARRETOS,Mata Atlântica,11,0.0,0.87,156.6,-20.4734,-48.8608
2023/11/16 04:42:00,NOAA-20,Brasil,SÃO PAULO,BARRETOS,Mata Atlântica,12,0.2,0.89,2.0,-20.46473,-48.87261
2023/11/17 04:25:00,NOAA-20,Brasil,SÃO PAULO,BARRETOS,Cerrado,10,0.1,0.71,2.0,-20.39268,-48.76727
2023/11/17 04:25:00,NOAA-20,Brasil,SÃO PAULO,BARRETOS,Cerrado,11,0.1,0.68,2.0,-20.38935,-48.76667
2023/11/17 04:25:00,NOAA-20,Brasil,SÃO PAULO,BARRETOS,Cerrado,11,0.1,0.66,2.0,-20.38875,-48.77039
2023/11/17 05:14:00,NPP-375D,Brasil,SÃO PAULO,BARRETOS,Cerrado,11,0.1,0.7,0.9,-20.3895,-48.76562
2023/11/17 16:54:00,NOAA-20,Brasil,SÃO PAULO,BARRETOS,Cerrado,11,0.1,0.65,4.8,-20.39004,-48.76903
2023/11/18 04:55:00,AQUA_M-M,Brasil,SÃO PAULO,BARRETOS,Cerrado,11,0.97,0.81,9.4,-20.39241,-48.76302
2023/11/18 16:34:00,NOAA-20,Brasil,SÃO PAULO,BARRETOS,Cerrado,6,3.11,-999.0,7.1,-20.56882,-48.56276
2023/11/19 16:15:00,NOAA-20,Brasil,SÃO PAULO,BARRETOS,Mata Atlântica,6,25.04,0.0,9.6,-20.5798,-48.7286
2023/11/26 17:41:00,AQUA_M-T,Brasil,SÃO PAULO,BARRETOS,Cerrado,1,0.74,0.24,24.6,-20.38092,-48.51241
2023/12/01 14:36:59,GOES-16,Brasil,SÃO PAULO,BARRETOS,Cerrado,0,0.1,0.06,83.2,-20.5246,-48.4811
2023/12/02 16:22:00,NPP-375,Brasil,SÃO PAULO,BARRETOS,Mata Atlântica,0,1.39,0.04,8.8,-20.50409,-48.7996
2023/12/02 16:22:00,NPP-375,Brasil,SÃO PAULO,BARRETOS,Mata Atlântica,2,0.1,0.07,11.9,-20.68388,-48.76842
2023/12/02 16:22:00,NPP-375,Brasil,SÃO PAULO,BARRETOS,Cerrado,2,0.23,0.13,4.2,-20.4911,-48.59295
2023/12/09 17:32:00,NPP-375,Brasil,SÃO PAULO,BARRETOS,Cerrado,3,0.0,0.02,10.2,-20.36585,-48.51115
2023/12/09 17:32:00,NPP-375,Brasil,SÃO PAULO,BARRETOS,Cerrado,3,0.0,0.02,4.8,-20.36734,-48.51819
2023/12/09 17:32:00,NPP-375,Brasil,SÃO PAULO,BARRETOS,Cerrado,3,0.0,0.02,4.8,-20.3666,-48.51467
2023/12/10 03:51:00,NOAA-20,Brasil,SÃO PAULO,BARRETOS,Cerrado,2,16.72,0.0,1.4,-20.51407,-48.55639
2023/12/10 03:51:00,NOAA-20,Brasil,SÃO PAULO,BARRETOS,Cerrado,2,16.79,0.0,1.4,-20.51894,-48.55745
2023/12/12 17:17:00,AQUA_M-T,Brasil,SÃO PAULO,BARRETOS,Cerrado,0,0.0,0.01,13.4,-20.58689,-48.6568
2023/12/13 16:15:00,NPP-375,Brasil,SÃO PAULO,BARRETOS,Cerrado,2,0.0,0.02,6.5,-20.67467,-48.66245
2023/12/13 16:15:00,NPP-375,Brasil,SÃO PAULO,BARRETOS,Cerrado,2,0.0,0.03,2.7,-20.58403,-48.65589
2023/12/13 17:06:00,NOAA-20,Brasil,SÃO PAULO,BARRETOS,Cerrado,2,0.0,0.02,4.0,-20.67532,-48.66317
2023/12/13 17:06:00,NOAA-20,Brasil,SÃO PAULO,BARRETOS,Cerrado,2,0.0,0.03,7.6,-20.5837,-48.6566
2023/12/14 01:28:23,METOP-B,Brasil,SÃO PAULO,BARRETOS,Cerrado,3,0.0,0.05,,-20.38789939880371,-48.769500732421875
2023/12/14 01:28:23,METOP-B,Brasil,SÃO PAULO,BARRETOS,Cerrado,3,0.0,0.05,,-20.383100509643555,-48.75170135498047
2023/12/14 03:27:00,NPP-375D,Brasil,SÃO PAULO,BARRETOS,Cerrado,3,0.0,0.06,8.1,-20.39182,-48.77033
2023/12/14 03:27:00,NPP-375D,Brasil,SÃO PAULO,BARRETOS,Cerrado,3,0.0,0.06,7.4,-20.39318,-48.76855
2023/12/14 03:27:00,NPP-375D,Brasil,SÃO PAULO,BARRETOS,Cerrado,3,0.0,0.1,4.0,-20.39379,-48.76242
2023/12/14 04:18:00,NOAA-20,Brasil,SÃO PAULO,BARRETOS,Cerrado,3,0.0,0.06,6.5,-20.39118,-48.76937
2023/12/14 04:18:00,NOAA-20,Brasil,SÃO PAULO,BARRETOS,Cerrado,3,0.0,0.08,1.5,-20.3938,-48.76484
2023/12/14 04:18:00,NOAA-20,Brasil,SÃO PAULO,BARRETOS,Cerrado,3,0.0,0.08,6.5,-20.39187,-48.76532
2023/12/14 04:53:00,AQUA_M-M,Brasil,SÃO PAULO,BARRETOS,Cerrado,3,0.0,0.07,7.2,-20.38727,-48.75818
2023/12/14 05:08:00,NPP-375D,Brasil,SÃO PAULO,BARRETOS,Cerrado,3,0.0,0.06,1.8,-20.39024,-48.76875
2023/12/14 05:08:00,NPP-375D,Brasil,SÃO PAULO,BARRETOS,Cerrado,3,0.0,0.07,2.5,-20.39063,-48.7649
2023/12/14 05:08:00,NPP-375D,Brasil,SÃO PAULO,BARRETOS,Cerrado,3,0.0,0.08,3.4,-20.39369,-48.76528
2023/12/14 17:38:00,NPP-375,Brasil,SÃO PAULO,BARRETOS,Cerrado,3,0.0,0.05,8.2,-20.38251,-48.54899
2023/12/14 17:38:00,NPP-375,Brasil,SÃO PAULO,BARRETOS,Cerrado,3,0.0,0.05,9.8,-20.38348,-48.55331
2023/12/15 01:15:00,TERRA_M-M,Brasil,SÃO PAULO,BARRETOS,Cerrado,4,0.0,0.14,26.0,-20.39556,-48.77016
2023/12/15 01:15:00,TERRA_M-M,Brasil,SÃO PAULO,BARRETOS,Cerrado,4,0.0,0.27,31.2,-20.39418,-48.75962
2023/12/15 03:57:00,NOAA-20,Brasil,SÃO PAULO,BARRETOS,Cerrado,4,0.0,0.16,1.6,-20.39091,-48.76638
2023/12/15 03:57:00,NOAA-20,Brasil,SÃO PAULO,BARRETOS,Cerrado,4,0.0,0.15,2.6,-20.38995,-48.77118
2023/12/15 04:50:00,NPP-375D,Brasil,SÃO PAULO,BARRETOS,Cerrado,4,0.0,0.25,2.5,-20.39453,-48.76158
2023/12/15 04:50:00,NPP-375D,Brasil,SÃO PAULO,BARRETOS,Cerrado,4,0.0,0.14,5.7,-20.38945,-48.76855
2023/12/15 04:50:00,NPP-375D,Brasil,SÃO PAULO,BARRETOS,Cerrado,4,0.0,0.17,2.5,-20.38994,-48.76473
2023/12/15 04:50:00,NPP-375D,Brasil,SÃO PAULO,BARRETOS,Cerrado,4,0.0,0.19,2.5,-20.39404,-48.76539
2023/12/15 16:28:00,NOAA-20,Brasil,SÃO PAULO,BARRETOS,Cerrado,4,0.0,0.11,10.9,-20.36185,-48.5113
2023/12/16 04:29:00,NPP-375D,Brasil,SÃO PAULO,BARRETOS,Cerrado,5,0.0,0.27,0.5,-20.38959,-48.7669
2023/12/16 04:29:00,NPP-375D,Brasil,SÃO PAULO,BARRETOS,Cerrado,5,0.0,0.37,0.9,-20.3935,-48.76376
2023/12/17 17:32:00,NOAA-20,Brasil,SÃO PAULO,BARRETOS,Mata Atlântica,6,0.0,0.29,10.2,-20.51078,-48.80021
2023/12/17 17:32:00,NOAA-20,Brasil,SÃO PAULO,BARRETOS,Mata Atlântica,6,0.0,0.29,9.3,-20.51107,-48.80095
2023/12/17 17:32:00,NOAA-20,Brasil,SÃO PAULO,BARRETOS,Cerrado,6,0.0,0.25,9.1,-20.4882,-48.64484
2023/12/18 16:22:00,NPP-375,Brasil,SÃO PAULO,BARRETOS,Mata Atlântica,7,0.28,0.33,7.4,-20.50866,-48.85619
2023/12/19 03:16:59,GOES-16,Brasil,SÃO PAULO,BARRETOS,Cerrado,8,0.19,0.32,68.2,-20.4152,-48.7589
2023/12/19 03:34:00,NPP-375D,Brasil,SÃO PAULO,BARRETOS,Cerrado,8,0.2,0.34,16.5,-20.40977,-48.77095
2023/12/19 03:34:00,NPP-375D,Brasil,SÃO PAULO,BARRETOS,Cerrado,8,0.2,0.32,7.8,-20.41125,-48.76473
2023/12/19 22:56:59,GOES-16,Brasil,SÃO PAULO,BARRETOS,Cerrado,7,0.49,0.3,73.3,-20.4599,-48.6109
2023/12/20 00:06:59,GOES-16,Brasil,SÃO PAULO,BARRETOS,Cerrado,9,0.0,0.37,59.2,-20.4152,-48.7589
2023/12/20 00:16:59,GOES-16,Brasil,SÃO PAULO,BARRETOS,Cerrado,9,0.0,0.37,73.8,-20.4152,-48.7589
2023/12/20 00:26:59,GOES-16,Brasil,SÃO PAULO,BARRETOS,Cerrado,9,0.0,0.37,79.8,-20.4152,-48.7589
2023/12/20 01:04:04,METOP-B,Brasil,SÃO PAULO,BARRETOS,Cerrado,6,0.0,0.35,,-20.421499252319336,-48.6088981628418
2023/12/20 01:04:04,METOP-B,Brasil,SÃO PAULO,BARRETOS,Cerrado,5,0.0,0.35,,-20.43120002746582,-48.60639953613281
2023/12/20 01:04:04,METOP-B,Brasil,SÃO PAULO,BARRETOS,Cerrado,6,0.0,0.54,,-20.42340087890625,-48.6171989440918
2023/12/20 01:04:04,METOP-B,Brasil,SÃO PAULO,BARRETOS,Cerrado,5,0.0,0.35,,-20.41950035095215,-48.60070037841797
2023/12/20 01:21:00,TERRA_M-M,Brasil,SÃO PAULO,BARRETOS,Cerrado,9,0.0,0.37,13.0,-20.4094,-48.762
2023/12/20 01:21:00,TERRA_M-M,Brasil,SÃO PAULO,BARRETOS,Cerrado,5,0.0,0.37,26.4,-20.46235,-48.61161
2023/12/20 01:21:00,TERRA_M-M,Brasil,SÃO PAULO,BARRETOS,Cerrado,4,0.0,0.35,38.2,-20.46104,-48.60215
2023/12/20 01:21:00,TERRA_M-M,Brasil,SÃO PAULO,BARRETOS,Cerrado,9,0.0,0.4,31.7,-20.41071,-48.7715
2023/12/20 03:56:59,GOES-16,Brasil,SÃO PAULO,BARRETOS,Cerrado,9,0.0,0.37,78.9,-20.4152,-48.7589
2023/12/20 04:04:00,NOAA-20,Brasil,SÃO PAULO,BARRETOS,Cerrado,4,0.0,0.35,2.5,-20.45906,-48.60423
2023/12/20 04:04:00,NOAA-20,Brasil,SÃO PAULO,BARRETOS,Cerrado,9,0.0,0.37,3.0,-20.40638,-48.76938
2023/12/20 04:04:00,NOAA-20,Brasil,SÃO PAULO,BARRETOS,Cerrado,9,0.0,0.38,1.6,-20.40686,-48.77032
2023/12/20 04:04:00,NOAA-20,Brasil,SÃO PAULO,BARRETOS,Cerrado,9,0.0,0.37,2.1,-20.40758,-48.76645
2023/12/20 04:04:00,NOAA-20,Brasil,SÃO PAULO,BARRETOS,Cerrado,9,0.0,0.38,2.3,-20.41044,-48.77021
2023/12/20 04:04:00,NOAA-20,Brasil,SÃO PAULO,BARRETOS,Cerrado,9,0.0,0.37,7.3,-20.41119,-48.76637
2023/12/20 04:04:00,NOAA-20,Brasil,SÃO PAULO,BARRETOS,Cerrado,4,0.0,0.35,2.5,-20.46307,-48.60508
2023/12/20 04:06:59,GOES-16,Brasil,SÃO PAULO,BARRETOS,Cerrado,9,0.0,0.37,63.2,-20.4152,-48.7589
2023/12/20 04:16:59,GOES-16,Brasil,SÃO PAULO,BARRETOS,Cerrado,9,0.0,0.37,69.3,-20.4152,-48.7589
2023/12/20 16:34:00,NOAA-20,Brasil,SÃO PAULO,BARRETOS,Cerrado,8,0.27,0.33,16.0,-20.50194,-48.45205
2023/12/20 16:34:00,NOAA-20,Brasil,SÃO PAULO,BARRETOS,Mata Atlântica,9,0.0,0.44,11.9,-20.53211,-48.79719
2023/12/20 16:34:00,NOAA-20,Brasil,SÃO PAULO,BARRETOS,Cerrado,9,0.28,0.33,18.3,-20.50296,-48.44939
2023/12/20 17:24:00,NPP-375,Brasil,SÃO PAULO,BARRETOS,Cerrado,4,0.0,0.35,5.2,-20.46239,-48.60341
2023/12/22 01:04:00,TERRA_M-M,Brasil,SÃO PAULO,BARRETOS,Cerrado,0,0.0,0.41,14.2,-20.45755,-48.60252
2023/12/22 01:04:00,TERRA_M-M,Brasil,SÃO PAULO,BARRETOS,Cerrado,1,0.0,0.42,6.8,-20.46836,-48.60107
2023/12/22 03:27:00,NOAA-20,Brasil,SÃO PAULO,BARRETOS,Cerrado,0,0.0,0.47,2.2,-20.45749,-48.61183
2023/12/22 03:27:00,NOAA-20,Brasil,SÃO PAULO,BARRETOS,Cerrado,0,0.0,0.41,2.2,-20.45922,-48.60492
2023/12/22 04:18:00,NPP-375D,Brasil,SÃO PAULO,BARRETOS,Cerrado,0,0.0,0.41,2.0,-20.4619,-48.60165
2023/12/22 04:18:00,NPP-375D,Brasil,SÃO PAULO,BARRETOS,Cerrado,1,0.0,0.42,7.6,-20.46469,-48.60633
2023/12/22 04:18:00,NPP-375D,Brasil,SÃO PAULO,BARRETOS,Cerrado,0,0.0,0.41,2.0,-20.46122,-48.60567
2023/12/22 05:08:00,NOAA-20,Brasil,SÃO PAULO,BARRETOS,Cerrado,1,0.0,0.42,1.5,-20.46466,-48.60477
2023/12/22 05:08:00,NOAA-20,Brasil,SÃO PAULO,BARRETOS,Cerrado,0,0.0,0.41,1.1,-20.45901,-48.60414
2023/12/25 04:12:00,NOAA-20,Brasil,SÃO PAULO,BARRETOS,Cerrado,0,0.0,0.02,1.0,-20.518,-48.55808
2023/12/28 17:24:00,NOAA-20,Brasil,SÃO PAULO,BARRETOS,Cerrado,2,0.0,0.37,18.2,-20.38552,-48.55213
2023/12/28 17:24:00,NOAA-20,Brasil,SÃO PAULO,BARRETOS,Cerrado,2,0.0,0.24,11.1,-20.47084,-48.46038
2023/12/29 03:46:00,NPP-375D,Brasil,SÃO PAULO,BARRETOS,Cerrado,2,27.07,0.0,2.3,-20.46107,-48.60159
2023/12/29 03:46:00,NPP-375D,Brasil,SÃO PAULO,BARRETOS,Cerrado,2,27.27,0.0,4.3,-20.46027,-48.60527
2023/12/29 04:36:00,NOAA-20,Brasil,SÃO PAULO,BARRETOS,Cerrado,2,27.34,0.0,4.8,-20.45913,-48.60624
2023/12/29 04:36:00,NOAA-20,Brasil,SÃO PAULO,BARRETOS,Cerrado,2,27.3,0.0,4.8,-20.46262,-48.6068
2023/12/29 04:36:00,NOAA-20,Brasil,SÃO PAULO,BARRETOS,Cerrado,2,27.12,0.0,4.8,-20.45972,-48.60211
