DataHora,Satelite,Pais,Estado,Municipio,Bioma,DiaSemChuva,Precipitacao,RiscoFogo,FRP,Latitude,Longitude
2020/01/15 17:30:00,NPP-375,Brasil,SÃO PAULO,BARRETOS,Cerrado,2,0.0,0.4,12.3,-20.55885,-48.44354
2020/01/16 13:20:00,TERRA_M-T,Brasil,SÃO PAULO,BARRETOS,Cerrado,3,0.0,0.4,17.1,-20.565,-48.445
2020/01/19 16:35:00,AQUA_M-T,Brasil,SÃO PAULO,BARRETOS,Mata Atlântica,0,0.1,0.4,24.1,-20.503,-48.762
2020/01/22 16:54:00,NPP-375,Brasil,SÃO PAULO,BARRETOS,Cerrado,3,3.1,0.3,6.9,-20.59991,-48.70667
2020/01/28 16:30:00,AQUA_M-T,Brasil,SÃO PAULO,BARRETOS,Cerrado,4,0.7,0.5,22.8,-20.407,-48.518
2020/01/29 16:24:00,NPP-375,Brasil,SÃO PAULO,BARRETOS,Cerrado,4,1.4,0.7,3.6,-20.68298,-48.5756
2020/02/15 16:15:00,AQUA_M-T,Brasil,SÃO PAULO,BARRETOS,Cerrado,3,0.0,0.8,52.6,-20.554,-48.592
2020/02/16 17:30:00,NPP-375,Brasil,SÃO PAULO,BARRETOS,Cerrado,4,0.2,0.6,3.8,-20.46027,-48.52062
2020/02/17 13:20:00,TERRA_M-T,Brasil,SÃO PAULO,BARRETOS,Cerrado,4,7.0,0.1,8.5,-20.466,-48.515
2020/02/18 16:48:00,NPP-375,Brasil,SÃO PAULO,BARRETOS,Mata Atlântica,0,0.4,0.4,6.7,-20.49711,-48.7626
2020/03/02 04:22:55,NOAA-20,Brasil,SÃO PAULO,BARRETOS,Cerrado,0,0.1,0.5,,-20.43806,-48.56018
2020/03/07 13:50:00,TERRA_M-T,Brasil,SÃO PAULO,BARRETOS,Cerrado,6,0.0,1.0,17.1,-20.522,-48.488
2020/03/17 03:54:00,NPP-375D,Brasil,SÃO PAULO,BARRETOS,Cerrado,0,0.1,0.9,1.3,-20.36968,-48.66899
2020/03/17 04:42:14,NOAA-20,Brasil,SÃO PAULO,BARRETOS,Cerrado,0,0.0,0.9,,-20.36524,-48.66994
2020/03/17 04:42:14,NOAA-20,Brasil,SÃO PAULO,BARRETOS,Cerrado,0,0.1,0.9,,-20.36936,-48.67055
2020/03/17 04:42:14,NOAA-20,Brasil,SÃO PAULO,BARRETOS,Cerrado,0,0.0,0.9,,-20.36573,-48.66599
2020/03/17 04:42:14,NOAA-20,Brasil,SÃO PAULO,BARRETOS,Cerrado,0,0.0,0.9,,-20.36986,-48.66657
2020/03/18 13:30:00,TERRA_M-T,Brasil,SÃO PAULO,BARRETOS,Cerrado,13,0.5,0.4,8.0,-20.324,-48.536
2020/03/24 17:20:00,AQUA_M-T,Brasil,SÃO PAULO,BARRETOS,Cerrado,2,0.0,0.8,18.2,-20.616,-48.605
2020/03/24 17:36:00,NPP-375,Brasil,SÃO PAULO,BARRETOS,Cerrado,2,0.0,0.8,16.5,-20.61547,-48.5999
2020/03/24 17:36:00,NPP-375,Brasil,SÃO PAULO,BARRETOS,Cerrado,2,0.0,0.8,5.0,-20.62223,-48.60284
2020/03/24 17:36:00,NPP-375,Brasil,SÃO PAULO,BARRETOS,Cerrado,2,0.0,0.8,20.3,-20.61646,-48.60433
2020/03/25 03:53:09,NOAA-20,Brasil,SÃO PAULO,BARRETOS,Cerrado,3,0.0,0.9,,-20.61438,-48.60543
2020/03/25 03:53:09,NOAA-20,Brasil,SÃO PAULO,BARRETOS,Cerrado,3,0.0,0.9,,-20.61877,-48.60651
2020/03/25 04:48:00,NPP-375D,Brasil,SÃO PAULO,BARRETOS,Cerrado,3,0.0,0.9,1.7,-20.6162,-48.60317
2020/03/25 16:25:21,NOAA-20,Brasil,SÃO PAULO,BARRETOS,Cerrado,3,0.0,0.9,,-20.61861,-48.60164
2020/03/26 04:24:00,NPP-375D,Brasil,SÃO PAULO,BARRETOS,Cerrado,4,0.0,1.0,0.6,-20.61856,-48.60429
2020/03/26 04:24:00,NPP-375D,Brasil,SÃO PAULO,BARRETOS,Cerrado,4,0.0,1.0,0.3,-20.61521,-48.60373
2020/04/06 14:00:00,TERRA_M-T,Brasil,SÃO PAULO,BARRETOS,Mata Atlântica,4,0.0,1.0,34.8,-20.507,-48.83
2020/04/07 04:00:00,NPP-375D,Brasil,SÃO PAULO,BARRETOS,Cerrado,5,0.3,1.0,2.0,-20.55843,-48.4958
2020/04/09 16:43:39,NOAA-20,Brasil,SÃO PAULO,BARRETOS,Mata Atlântica,4,0.8,0.7,,-20.479,-48.84648
2020/04/18 03:54:00,NPP-375D,Brasil,SÃO PAULO,BARRETOS,Cerrado,4,0.3,0.8,2.9,-20.38729,-48.69324
2020/04/18 03:54:00,NPP-375D,Brasil,SÃO PAULO,BARRETOS,Cerrado,4,0.3,0.8,2.9,-20.39176,-48.69427
2020/04/18 04:42:37,NOAA-20,Brasil,SÃO PAULO,BARRETOS,Cerrado,4,0.3,0.8,,-20.38655,-48.69694
2020/04/18 04:42:37,NOAA-20,Brasil,SÃO PAULO,BARRETOS,Cerrado,4,0.3,0.8,,-20.38702,-48.693
2020/04/18 04:42:37,NOAA-20,Brasil,SÃO PAULO,BARRETOS,Cerrado,4,0.3,0.8,,-20.38608,-48.70081
2020/04/18 04:42:37,NOAA-20,Brasil,SÃO PAULO,BARRETOS,Cerrado,4,0.3,0.8,,-20.38792,-48.69872
2020/04/18 04:42:37,NOAA-20,Brasil,SÃO PAULO,BARRETOS,Cerrado,4,0.3,0.8,,-20.38841,-48.69482
2020/04/18 04:42:37,NOAA-20,Brasil,SÃO PAULO,BARRETOS,Cerrado,4,0.3,0.8,,-20.37967,-48.69756
2020/04/18 04:42:37,NOAA-20,Brasil,SÃO PAULO,BARRETOS,Cerrado,4,0.3,0.8,,-20.38017,-48.69367
2020/04/18 04:42:37,NOAA-20,Brasil,SÃO PAULO,BARRETOS,Cerrado,4,0.3,0.8,,-20.38379,-48.69814
2020/04/18 04:42:37,NOAA-20,Brasil,SÃO PAULO,BARRETOS,Cerrado,4,0.3,0.8,,-20.38429,-48.69425
2020/04/18 04:42:37,NOAA-20,Brasil,SÃO PAULO,BARRETOS,Cerrado,4,0.3,0.8,,-20.38742,-48.70258
2020/04/18 04:42:37,NOAA-20,Brasil,SÃO PAULO,BARRETOS,Cerrado,4,0.3,0.8,,-20.39068,-48.69748
2020/04/18 04:42:37,NOAA-20,Brasil,SÃO PAULO,BARRETOS,Cerrado,4,0.3,0.8,,-20.39115,-48.69356
2020/04/23 16:30:00,NPP-375,Brasil,SÃO PAULO,BARRETOS,Cerrado,5,0.0,1.0,4.6,-20.61912,-48.60186
2020/04/23 16:30:00,NPP-375,Brasil,SÃO PAULO,BARRETOS,Cerrado,5,0.0,1.0,4.6,-20.61976,-48.60701
2020/04/23 17:20:49,NOAA-20,Brasil,SÃO PAULO,BARRETOS,Cerrado,5,0.0,1.0,,-20.62022,-48.60529
2020/04/24 17:01:34,NOAA-20,Brasil,SÃO PAULO,BARRETOS,Cerrado,6,0.0,1.0,,-20.62027,-48.60307
2020/04/28 16:36:00,NPP-375,Brasil,SÃO PAULO,BARRETOS,Mata Atlântica,9,0.0,1.0,24.9,-20.46843,-48.83685
2020/04/28 16:36:00,NPP-375,Brasil,SÃO PAULO,BARRETOS,Mata Atlântica,9,0.0,1.0,24.9,-20.46902,-48.84126
2020/04/28 16:36:00,NPP-375,Brasil,SÃO PAULO,BARRETOS,Mata Atlântica,9,0.0,1.0,32.1,-20.46483,-48.83743
2020/04/28 16:36:00,NPP-375,Brasil,SÃO PAULO,BARRETOS,Cerrado,9,0.0,1.0,5.6,-20.50976,-48.6002
2020/04/28 16:36:00,NPP-375,Brasil,SÃO PAULO,BARRETOS,Mata Atlântica,9,0.0,1.0,32.1,-20.46541,-48.84182
2020/04/28 16:36:00,NPP-375,Brasil,SÃO PAULO,BARRETOS,Mata Atlântica,9,0.0,1.0,19.5,-20.46425,-48.83308
2020/04/28 16:36:00,NPP-375,Brasil,SÃO PAULO,BARRETOS,Mata Atlântica,9,0.0,1.0,19.5,-20.46064,-48.83364
2020/05/04 16:24:00,NPP-375,Brasil,SÃO PAULO,BARRETOS,Cerrado,16,0.0,1.0,4.3,-20.50498,-48.69122
2020/05/04 16:24:00,NPP-375,Brasil,SÃO PAULO,BARRETOS,Cerrado,16,0.0,1.0,4.3,-20.50549,-48.69557
2020/05/04 16:24:00,NPP-375,Brasil,SÃO PAULO,BARRETOS,Cerrado,16,0.0,1.0,3.1,-20.5098,-48.69506
2020/05/27 16:43:28,NOAA-20,Brasil,SÃO PAULO,BARRETOS,Cerrado,3,0.0,-999.0,,-20.54943,-48.53812
2020/05/27 16:43:28,NOAA-20,Brasil,SÃO PAULO,BARRETOS,Mata Atlântica,3,0.0,0.93,,-20.65412,-48.78621
2020/05/27 17:20:00,AQUA_M-T,Brasil,SÃO PAULO,BARRETOS,Mata Atlântica,3,0.0,0.93,13.1,-20.655,-48.784
2020/05/27 17:36:00,NPP-375,Brasil,SÃO PAULO,BARRETOS,Mata Atlântica,3,0.0,0.93,3.3,-20.65146,-48.78445
2020/06/17 18:33:18,GOES-16,Brasil,SÃO PAULO,BARRETOS,Cerrado,24,0.0,1.0,,-20.48,-48.53
2020/06/17 18:33:18,GOES-16,Brasil,SÃO PAULO,BARRETOS,Cerrado,24,0.0,1.0,,-20.5,-48.53
2020/06/25 14:00:00,TERRA_M-T,Brasil,SÃO PAULO,BARRETOS,Mata Atlântica,22,0.0,1.0,26.7,-20.509,-48.843
2020/06/25 14:00:00,TERRA_M-T,Brasil,SÃO PAULO,BARRETOS,Mata Atlântica,23,0.0,1.0,22.2,-20.493,-48.866
2020/06/25 14:00:00,TERRA_M-T,Brasil,SÃO PAULO,BARRETOS,Mata Atlântica,22,0.0,0.9,35.3,-20.495,-48.842
2020/06/26 16:30:00,NPP-375,Brasil,SÃO PAULO,BARRETOS,Cerrado,33,0.0,1.0,1.6,-20.53419,-48.57671
2020/07/03 16:00:00,NPP-375,Brasil,SÃO PAULO,BARRETOS,Cerrado,5,0.0,1.0,15.5,-20.5189,-48.57393
2020/07/03 16:00:00,NPP-375,Brasil,SÃO PAULO,BARRETOS,Cerrado,5,0.0,1.0,15.5,-20.51844,-48.56827
2020/07/03 16:48:47,NOAA-20,Brasil,SÃO PAULO,BARRETOS,Cerrado,5,0.0,1.0,,-20.51972,-48.56843
2020/07/03 16:48:47,NOAA-20,Brasil,SÃO PAULO,BARRETOS,Cerrado,5,0.0,1.0,,-20.52029,-48.57212
2020/07/03 16:48:47,NOAA-20,Brasil,SÃO PAULO,BARRETOS,Cerrado,5,0.0,1.0,,-20.51641,-48.56901
2020/07/08 17:48:00,NPP-375,Brasil,SÃO PAULO,BARRETOS,Cerrado,8,0.0,1.0,6.1,-20.52856,-48.63379
2020/07/14 03:24:00,NPP-375D,Brasil,SÃO PAULO,BARRETOS,Cerrado,15,0.0,1.0,7.2,-20.44736,-48.71077
2020/07/14 03:24:00,NPP-375D,Brasil,SÃO PAULO,BARRETOS,Cerrado,15,0.0,1.0,18.8,-20.44538,-48.71868
2020/07/14 03:24:00,NPP-375D,Brasil,SÃO PAULO,BARRETOS,Cerrado,14,0.0,1.0,18.7,-20.45252,-48.72045
2020/07/14 03:24:00,NPP-375D,Brasil,SÃO PAULO,BARRETOS,Cerrado,13,0.0,1.0,18.7,-20.45062,-48.72802
2020/07/14 04:10:42,NOAA-20,Brasil,SÃO PAULO,BARRETOS,Cerrado,15,0.0,1.0,,-20.44724,-48.71786
2020/07/17 13:25:00,TERRA_M-T,Brasil,SÃO PAULO,BARRETOS,Cerrado,6,0.0,1.0,6.2,-20.51,-48.558
2020/07/21 17:25:00,AQUA_M-T,Brasil,SÃO PAULO,BARRETOS,Cerrado,30,0.0,1.0,12.4,-20.432,-48.653
2020/07/21 17:25:00,AQUA_M-T,Brasil,SÃO PAULO,BARRETOS,Cerrado,28,0.0,1.0,70.7,-20.428,-48.635
2020/07/30 15:54:00,NPP-375,Brasil,SÃO PAULO,BARRETOS,Mata Atlântica,29,0.0,1.0,6.8,-20.62568,-48.76207
2020/07/30 15:54:00,NPP-375,Brasil,SÃO PAULO,BARRETOS,Cerrado,29,0.0,1.0,10.0,-20.63879,-48.64504
2020/07/30 15:54:00,NPP-375,Brasil,SÃO PAULO,BARRETOS,Cerrado,29,0.0,1.0,7.3,-20.63397,-48.64644
2020/07/30 15:54:00,NPP-375,Brasil,SÃO PAULO,BARRETOS,Mata Atlântica,29,0.0,1.0,7.0,-20.62862,-48.76244
2020/07/30 16:42:33,NOAA-20,Brasil,SÃO PAULO,BARRETOS,Mata Atlântica,29,0.0,1.0,,-20.63141,-48.75751
2020/07/30 16:42:33,NOAA-20,Brasil,SÃO PAULO,BARRETOS,Mata Atlântica,29,0.0,1.0,,-20.62072,-48.75536
2020/07/30 16:42:33,NOAA-20,Brasil,SÃO PAULO,BARRETOS,Mata Atlântica,29,0.0,1.0,,-20.6241,-48.7548
2020/07/30 16:42:33,NOAA-20,Brasil,SÃO PAULO,BARRETOS,Cerrado,29,0.0,1.0,,-20.67368,-48.70716
2020/07/30 16:42:33,NOAA-20,Brasil,SÃO PAULO,BARRETOS,Cerrado,29,0.0,1.0,,-20.67085,-48.71155
2020/07/30 16:42:33,NOAA-20,Brasil,SÃO PAULO,BARRETOS,Mata Atlântica,29,0.0,1.0,,-20.62803,-48.75807
2020/07/30 17:20:00,AQUA_M-T,Brasil,SÃO PAULO,BARRETOS,Cerrado,29,0.0,1.0,117.8,-20.678,-48.712
2020/07/30 17:20:00,AQUA_M-T,Brasil,SÃO PAULO,BARRETOS,Mata Atlântica,29,0.0,1.0,26.6,-20.68,-48.725
2020/07/30 17:36:00,NPP-375,Brasil,SÃO PAULO,BARRETOS,Cerrado,29,0.0,1.0,20.6,-20.676,-48.71195
2020/07/30 17:36:00,NPP-375,Brasil,SÃO PAULO,BARRETOS,Cerrado,29,0.0,1.0,19.1,-20.67567,-48.71181
2020/07/30 17:36:00,NPP-375,Brasil,SÃO PAULO,BARRETOS,Mata Atlântica,29,0.0,1.0,6.1,-20.62393,-48.7504
2020/07/30 17:36:00,NPP-375,Brasil,SÃO PAULO,BARRETOS,Mata Atlântica,29,0.0,1.0,13.9,-20.61913,-48.75588
2020/07/30 17:36:00,NPP-375,Brasil,SÃO PAULO,BARRETOS,Mata Atlântica,29,0.0,1.0,17.1,-20.6182,-48.75173
2020/07/30 23:03:19,GOES-16,Brasil,SÃO PAULO,BARRETOS,Cerrado,33,0.1,1.0,,-20.39,-48.83
2020/07/30 23:03:19,GOES-16,Brasil,SÃO PAULO,BARRETOS,Cerrado,40,0.3,1.0,,-20.39,-48.8
2020/07/31 02:03:19,GOES-16,Brasil,SÃO PAULO,BARRETOS,Cerrado,34,0.4,1.0,,-20.39,-48.83
2020/07/31 02:03:19,GOES-16,Brasil,SÃO PAULO,BARRETOS,Cerrado,41,0.2,1.0,,-20.39,-48.8
2020/08/05 13:55:00,TERRA_M-T,Brasil,SÃO PAULO,BARRETOS,Cerrado,35,0.0,1.0,133.3,-20.529,-48.72
2020/08/05 13:55:00,TERRA_M-T,Brasil,SÃO PAULO,BARRETOS,Mata Atlântica,35,0.0,1.0,246.0,-20.526,-48.739
2020/08/05 16:30:36,NOAA-20,Brasil,SÃO PAULO,BARRETOS,Mata Atlântica,35,0.0,1.0,,-20.53765,-48.73861
2020/08/05 16:30:36,NOAA-20,Brasil,SÃO PAULO,BARRETOS,Mata Atlântica,35,0.0,1.0,,-20.53018,-48.73724
2020/08/05 16:30:36,NOAA-20,Brasil,SÃO PAULO,BARRETOS,Mata Atlântica,35,0.0,1.0,,-20.53408,-48.73676
2020/08/05 16:30:36,NOAA-20,Brasil,SÃO PAULO,BARRETOS,Mata Atlântica,35,0.0,1.0,,-20.53082,-48.74255
2020/08/05 16:30:36,NOAA-20,Brasil,SÃO PAULO,BARRETOS,Mata Atlântica,35,0.0,1.0,,-20.52693,-48.74308
2020/08/05 16:30:36,NOAA-20,Brasil,SÃO PAULO,BARRETOS,Mata Atlântica,35,0.0,1.0,,-20.52985,-48.73958
2020/08/05 16:30:36,NOAA-20,Brasil,SÃO PAULO,BARRETOS,Mata Atlântica,35,0.0,1.0,,-20.52629,-48.73779
2020/08/05 16:30:36,NOAA-20,Brasil,SÃO PAULO,BARRETOS,Mata Atlântica,35,0.0,1.0,,-20.52596,-48.74011
2020/08/05 16:40:00,AQUA_M-T,Brasil,SÃO PAULO,BARRETOS,Mata Atlântica,35,0.0,1.0,26.1,-20.537,-48.746
2020/08/05 16:40:00,AQUA_M-T,Brasil,SÃO PAULO,BARRETOS,Mata Atlântica,35,0.0,1.0,33.7,-20.536,-48.741
2020/08/05 17:24:00,NPP-375,Brasil,SÃO PAULO,BARRETOS,Mata Atlântica,35,0.0,1.0,7.2,-20.53489,-48.7398
2020/08/05 17:24:00,NPP-375,Brasil,SÃO PAULO,BARRETOS,Mata Atlântica,35,0.0,1.0,10.6,-20.53469,-48.73757
2020/08/05 17:24:00,NPP-375,Brasil,SÃO PAULO,BARRETOS,Mata Atlântica,35,0.0,1.0,11.5,-20.53018,-48.74092
2020/08/05 17:24:00,NPP-375,Brasil,SÃO PAULO,BARRETOS,Mata Atlântica,35,0.0,1.0,16.5,-20.52999,-48.73874
2020/08/05 17:24:00,NPP-375,Brasil,SÃO PAULO,BARRETOS,Mata Atlântica,35,0.0,1.0,11.5,-20.52547,-48.742
2020/08/05 17:24:00,NPP-375,Brasil,SÃO PAULO,BARRETOS,Mata Atlântica,35,0.0,1.0,16.5,-20.52526,-48.7398
2020/08/05 17:24:00,NPP-375,Brasil,SÃO PAULO,BARRETOS,Mata Atlântica,35,0.0,1.0,15.2,-20.52439,-48.73678
2020/08/06 03:40:56,NOAA-20,Brasil,SÃO PAULO,BARRETOS,Mata Atlântica,36,0.0,1.0,,-20.52447,-48.74292
2020/08/06 03:40:56,NOAA-20,Brasil,SÃO PAULO,BARRETOS,Mata Atlântica,36,0.0,1.0,,-20.53069,-48.74057
2020/08/06 03:40:56,NOAA-20,Brasil,SÃO PAULO,BARRETOS,Mata Atlântica,36,0.0,1.0,,-20.52498,-48.7429
2020/08/06 03:40:56,NOAA-20,Brasil,SÃO PAULO,BARRETOS,Mata Atlântica,36,0.0,1.0,,-20.53122,-48.74055
2020/08/06 04:36:00,NPP-375D,Brasil,SÃO PAULO,BARRETOS,Mata Atlântica,36,0.0,1.0,0.8,-20.5367,-48.73993
2020/08/06 04:36:00,NPP-375D,Brasil,SÃO PAULO,BARRETOS,Mata Atlântica,36,0.0,1.0,1.2,-20.52624,-48.73831
2020/08/06 04:36:00,NPP-375D,Brasil,SÃO PAULO,BARRETOS,Mata Atlântica,36,0.0,1.0,2.4,-20.52566,-48.74234
2020/08/06 04:36:00,NPP-375D,Brasil,SÃO PAULO,BARRETOS,Mata Atlântica,36,0.0,1.0,0.8,-20.53321,-48.7394
2020/08/06 17:00:00,NPP-375,Brasil,SÃO PAULO,BARRETOS,Mata Atlântica,36,0.0,1.0,3.2,-20.53674,-48.74062
2020/08/06 17:00:00,NPP-375,Brasil,SÃO PAULO,BARRETOS,Mata Atlântica,36,0.0,1.0,7.1,-20.5358,-48.73943
2020/08/07 04:12:00,NPP-375D,Brasil,SÃO PAULO,BARRETOS,Cerrado,32,0.0,1.0,5.3,-20.54932,-48.61309
2020/08/07 15:55:08,NOAA-20,Brasil,SÃO PAULO,BARRETOS,Cerrado,30,0.0,1.0,,-20.38773,-48.83597
2020/08/07 15:55:08,NOAA-20,Brasil,SÃO PAULO,BARRETOS,Cerrado,27,0.0,1.0,,-20.39089,-48.84241
2020/08/07 15:55:08,NOAA-20,Brasil,SÃO PAULO,BARRETOS,Cerrado,30,0.0,1.0,,-20.39034,-48.83506
2020/08/07 15:55:08,NOAA-20,Brasil,SÃO PAULO,BARRETOS,Cerrado,28,0.0,1.0,,-20.39477,-48.83496
2020/08/07 15:55:08,NOAA-20,Brasil,SÃO PAULO,BARRETOS,Cerrado,25,0.0,1.0,,-20.39529,-48.84248
2020/08/07 15:55:08,NOAA-20,Brasil,SÃO PAULO,BARRETOS,Cerrado,27,0.0,1.0,,-20.38823,-48.84327
2020/08/07 16:30:00,AQUA_M-T,Brasil,SÃO PAULO,BARRETOS,Cerrado,23,0.0,1.0,426.9,-20.405,-48.84
2020/08/07 16:42:00,NPP-375,Brasil,SÃO PAULO,BARRETOS,Cerrado,26,0.0,1.0,22.5,-20.39621,-48.84118
2020/08/07 16:42:00,NPP-375,Brasil,SÃO PAULO,BARRETOS,Cerrado,26,0.0,1.0,26.8,-20.38996,-48.84616
2020/08/07 16:42:00,NPP-375,Brasil,SÃO PAULO,BARRETOS,Cerrado,27,0.0,1.0,20.7,-20.3894,-48.84229
2020/08/07 16:42:00,NPP-375,Brasil,SÃO PAULO,BARRETOS,Cerrado,30,0.0,1.0,10.7,-20.38829,-48.83453
2020/08/07 16:42:00,NPP-375,Brasil,SÃO PAULO,BARRETOS,Cerrado,28,0.0,1.0,45.5,-20.386,-48.84283
2020/08/07 16:42:00,NPP-375,Brasil,SÃO PAULO,BARRETOS,Cerrado,27,0.0,1.0,22.5,-20.39565,-48.83728
2020/08/07 16:42:00,NPP-375,Brasil,SÃO PAULO,BARRETOS,Cerrado,27,0.0,1.0,20.7,-20.3928,-48.84173
2020/08/07 16:42:00,NPP-375,Brasil,SÃO PAULO,BARRETOS,Cerrado,28,0.0,1.0,20.7,-20.39224,-48.83784
2020/08/07 16:42:00,NPP-375,Brasil,SÃO PAULO,BARRETOS,Cerrado,30,0.0,1.0,45.5,-20.38544,-48.83895
2020/08/07 16:42:00,NPP-375,Brasil,SÃO PAULO,BARRETOS,Cerrado,30,0.0,1.0,10.7,-20.39169,-48.83397
2020/08/07 17:32:11,NOAA-20,Brasil,SÃO PAULO,BARRETOS,Cerrado,28,0.0,1.0,,-20.39705,-48.83344
2020/08/07 17:32:11,NOAA-20,Brasil,SÃO PAULO,BARRETOS,Cerrado,27,0.0,1.0,,-20.40274,-48.83194
2020/08/07 17:32:11,NOAA-20,Brasil,SÃO PAULO,BARRETOS,Cerrado,30,0.0,1.0,,-20.39611,-48.82925
2020/08/07 17:32:11,NOAA-20,Brasil,SÃO PAULO,BARRETOS,Cerrado,29,0.0,1.0,,-20.39129,-48.83465
2020/08/07 17:32:11,NOAA-20,Brasil,SÃO PAULO,BARRETOS,Cerrado,31,0.0,1.0,,-20.39033,-48.83038
2020/08/07 17:32:11,NOAA-20,Brasil,SÃO PAULO,BARRETOS,Cerrado,26,0.0,1.0,,-20.39316,-48.84297
2020/08/07 17:32:11,NOAA-20,Brasil,SÃO PAULO,BARRETOS,Cerrado,31,0.0,1.0,,-20.38553,-48.83587
2020/08/07 17:32:11,NOAA-20,Brasil,SÃO PAULO,BARRETOS,Cerrado,29,0.0,1.0,,-20.38648,-48.84008
2020/08/07 17:32:11,NOAA-20,Brasil,SÃO PAULO,BARRETOS,Cerrado,31,0.0,1.0,,-20.38499,-48.83516
2020/08/07 17:32:11,NOAA-20,Brasil,SÃO PAULO,BARRETOS,Cerrado,29,0.0,1.0,,-20.38591,-48.83939
2020/08/07 18:03:19,GOES-16,Brasil,SÃO PAULO,BARRETOS,Cerrado,31,0.0,1.0,,-20.39,-48.83
2020/08/07 18:13:18,GOES-16,Brasil,SÃO PAULO,BARRETOS,Cerrado,31,0.0,1.0,,-20.39,-48.83
2020/08/07 18:33:19,GOES-16,Brasil,SÃO PAULO,BARRETOS,Cerrado,31,0.0,1.0,,-20.39,-48.83
2020/08/08 04:41:57,NOAA-20,Brasil,SÃO PAULO,BARRETOS,Mata Atlântica,38,0.0,1.0,,-20.52461,-48.74067
2020/08/09 16:06:00,NPP-375,Brasil,SÃO PAULO,BARRETOS,Cerrado,31,0.0,1.0,2.2,-20.53407,-48.5805
2020/08/12 04:18:00,NPP-375D,Brasil,SÃO PAULO,BARRETOS,Cerrado,31,0.0,1.0,0.5,-20.51896,-48.55775
2020/08/12 22:13:18,GOES-16,Brasil,SÃO PAULO,BARRETOS,Cerrado,31,0.0,1.0,,-20.54,-48.47
2020/08/12 22:33:19,GOES-16,Brasil,SÃO PAULO,BARRETOS,Cerrado,31,0.0,1.0,,-20.54,-48.47
2020/08/12 23:03:18,GOES-16,Brasil,SÃO PAULO,BARRETOS,Cerrado,31,0.0,1.0,,-20.54,-48.52
2020/08/12 23:03:18,GOES-16,Brasil,SÃO PAULO,BARRETOS,Cerrado,31,0.0,1.0,,-20.54,-48.49
2020/08/12 23:03:18,GOES-16,Brasil,SÃO PAULO,BARRETOS,Cerrado,32,0.0,1.0,,-20.56,-48.49
2020/08/12 23:03:18,GOES-16,Brasil,SÃO PAULO,BARRETOS,Cerrado,32,0.0,1.0,,-20.56,-48.51
2020/08/12 23:13:18,GOES-16,Brasil,SÃO PAULO,BARRETOS,Cerrado,32,0.0,1.0,,-20.56,-48.51
2020/08/12 23:43:18,GOES-16,Brasil,SÃO PAULO,BARRETOS,Cerrado,32,0.0,1.0,,-20.56,-48.51
2020/08/13 00:56:11,NOAA-18D,Brasil,SÃO PAULO,BARRETOS,Cerrado,38,0.0,1.0,,-20.5963344574,-48.5278511047
2020/08/13 00:56:11,NOAA-18D,Brasil,SÃO PAULO,BARRETOS,Cerrado,39,0.0,1.0,,-20.5976333618,-48.5356636047
2020/08/13 01:31:24,METOP-B,Brasil,SÃO PAULO,BARRETOS,Cerrado,32,0.0,1.0,,-20.53969955444336,-48.504398345947266
2020/08/13 01:31:24,METOP-B,Brasil,SÃO PAULO,BARRETOS,Cerrado,32,0.0,1.0,,-20.530000686645508,-48.50740051269531
2020/08/13 01:31:24,METOP-B,Brasil,SÃO PAULO,BARRETOS,Cerrado,32,0.0,1.0,,-20.544700622558594,-48.522701263427734
2020/08/13 02:10:00,TERRA_M-M,Brasil,SÃO PAULO,BARRETOS,Cerrado,34,0.0,1.0,47.7,-20.565,-48.52
2020/08/13 04:00:00,NPP-375D,Brasil,SÃO PAULO,BARRETOS,Mata Atlântica,34,0.1,1.0,1.1,-20.44737,-48.77885
2020/08/13 04:00:00,NPP-375D,Brasil,SÃO PAULO,BARRETOS,Cerrado,35,0.1,1.0,0.6,-20.44812,-48.77494
2020/08/13 04:00:00,NPP-375D,Brasil,SÃO PAULO,BARRETOS,Cerrado,33,0.0,1.0,2.0,-20.55979,-48.51783
2020/08/13 04:00:00,NPP-375D,Brasil,SÃO PAULO,BARRETOS,Cerrado,34,0.0,1.0,2.0,-20.5638,-48.51875
2020/08/13 04:47:43,NOAA-20,Brasil,SÃO PAULO,BARRETOS,Cerrado,33,0.0,1.0,,-20.55996,-48.51915
2020/08/13 04:47:43,NOAA-20,Brasil,SÃO PAULO,BARRETOS,Cerrado,35,0.1,1.0,,-20.44561,-48.77781
2020/08/13 04:47:43,NOAA-20,Brasil,SÃO PAULO,BARRETOS,Cerrado,34,0.1,1.0,,-20.44645,-48.78033
2020/08/13 04:47:43,NOAA-20,Brasil,SÃO PAULO,BARRETOS,Cerrado,36,0.1,1.0,,-20.44699,-48.77555
2020/08/13 08:58:31,NOAA-19D,Brasil,SÃO PAULO,BARRETOS,Cerrado,36,0.0,1.0,,-20.5390052795,-48.422580719
2020/08/13 16:30:00,NPP-375,Brasil,SÃO PAULO,BARRETOS,Cerrado,47,0.1,1.0,6.4,-20.43802,-48.74569
2020/08/13 16:30:00,NPP-375,Brasil,SÃO PAULO,BARRETOS,Cerrado,46,0.1,1.0,4.8,-20.44193,-48.7451
2020/08/13 16:30:00,NPP-375,Brasil,SÃO PAULO,BARRETOS,Cerrado,45,0.1,1.0,4.8,-20.44258,-48.75034
2020/08/13 17:19:39,NOAA-20,Brasil,SÃO PAULO,BARRETOS,Cerrado,32,0.0,1.0,,-20.53843,-48.52665
2020/08/13 21:31:37,NOAA-19,Brasil,SÃO PAULO,BARRETOS,Cerrado,37,0.0,1.0,,-20.4429607391,-48.5796203613
2020/08/13 21:31:37,NOAA-19,Brasil,SÃO PAULO,BARRETOS,Cerrado,38,0.0,1.0,,-20.4441986084,-48.5872421265
2020/08/13 21:31:37,NOAA-19,Brasil,SÃO PAULO,BARRETOS,Cerrado,39,0.0,1.0,,-20.4454345703,-48.5948638916
2020/08/13 21:31:37,NOAA-19,Brasil,SÃO PAULO,BARRETOS,Cerrado,40,0.0,1.0,,-20.4344825745,-48.5897140503
2020/08/13 21:33:18,GOES-16,Brasil,SÃO PAULO,BARRETOS,Cerrado,37,0.0,1.0,,-20.42,-48.57
2020/08/13 21:33:18,GOES-16,Brasil,SÃO PAULO,BARRETOS,Cerrado,33,0.0,1.0,,-20.44,-48.56
2020/08/13 21:43:18,GOES-16,Brasil,SÃO PAULO,BARRETOS,Cerrado,33,0.0,1.0,,-20.44,-48.56
2020/08/13 22:33:19,GOES-16,Brasil,SÃO PAULO,BARRETOS,Cerrado,33,0.0,1.0,,-20.44,-48.56
2020/08/13 22:43:18,GOES-16,Brasil,SÃO PAULO,BARRETOS,Cerrado,33,0.0,1.0,,-20.44,-48.56
2020/08/13 23:33:19,GOES-16,Brasil,SÃO PAULO,BARRETOS,Cerrado,33,0.0,1.0,,-20.44,-48.56
2020/08/13 23:53:19,GOES-16,Brasil,SÃO PAULO,BARRETOS,Cerrado,33,0.0,1.0,,-20.44,-48.56
2020/08/14 00:03:19,GOES-16,Brasil,SÃO PAULO,BARRETOS,Cerrado,34,0.2,1.0,,-20.46,-48.56
2020/08/14 00:03:19,GOES-16,Brasil,SÃO PAULO,BARRETOS,Cerrado,38,0.1,1.0,,-20.42,-48.57
2020/08/14 00:03:19,GOES-16,Brasil,SÃO PAULO,BARRETOS,Cerrado,33,0.1,1.0,,-20.42,-48.55
2020/08/14 00:03:19,GOES-16,Brasil,SÃO PAULO,BARRETOS,Cerrado,33,0.2,1.0,,-20.46,-48.54
2020/08/14 00:44:23,NOAA-18D,Brasil,SÃO PAULO,BARRETOS,Cerrado,39,0.2,1.0,,-20.4519100189,-48.5907478333
2020/08/14 00:44:23,NOAA-18D,Brasil,SÃO PAULO,BARRETOS,Cerrado,37,0.2,1.0,,-20.4506931305,-48.5825614929
2020/08/14 01:11:31,METOP-B,Brasil,SÃO PAULO,BARRETOS,Cerrado,38,0.1,1.0,,-20.41200065612793,-48.57059860229492
2020/08/14 01:11:31,METOP-B,Brasil,SÃO PAULO,BARRETOS,Cerrado,36,0.1,1.0,,-20.409900665283203,-48.56159973144531
2020/08/14 03:42:00,NPP-375D,Brasil,SÃO PAULO,BARRETOS,Cerrado,36,0.1,1.0,2.7,-20.43367,-48.56543
2020/08/14 03:42:00,NPP-375D,Brasil,SÃO PAULO,BARRETOS,Cerrado,37,0.1,1.0,2.9,-20.43283,-48.56931
2020/08/14 03:42:00,NPP-375D,Brasil,SÃO PAULO,BARRETOS,Cerrado,36,0.1,1.0,3.3,-20.43906,-48.56686
2020/08/14 03:42:00,NPP-375D,Brasil,SÃO PAULO,BARRETOS,Cerrado,36,0.1,1.0,4.2,-20.43822,-48.57074
2020/08/14 04:29:15,NOAA-20,Brasil,SÃO PAULO,BARRETOS,Cerrado,36,0.1,1.0,,-20.43731,-48.56613
2020/08/14 16:35:00,AQUA_M-T,Brasil,SÃO PAULO,BARRETOS,Cerrado,46,0.6,1.0,28.8,-20.564,-48.364
2020/08/14 17:00:46,NOAA-20,Brasil,SÃO PAULO,BARRETOS,Cerrado,47,0.6,1.0,,-20.56515,-48.35611
2020/08/14 17:00:46,NOAA-20,Brasil,SÃO PAULO,BARRETOS,Cerrado,46,0.6,1.0,,-20.55864,-48.36206
2020/08/14 17:00:46,NOAA-20,Brasil,SÃO PAULO,BARRETOS,Cerrado,47,0.6,1.0,,-20.56149,-48.35681
2020/08/15 04:10:37,NOAA-20,Brasil,SÃO PAULO,BARRETOS,Cerrado,48,0.1,1.0,,-20.56191,-48.35433
2020/08/15 12:55:00,TERRA_M-T,Brasil,SÃO PAULO,BARRETOS,Mata Atlântica,29,1.1,0.9,94.1,-20.453,-48.8
2020/08/15 12:55:00,TERRA_M-T,Brasil,SÃO PAULO,BARRETOS,Mata Atlântica,37,0.7,1.0,56.5,-20.455,-48.774
2020/08/15 12:55:00,TERRA_M-T,Brasil,SÃO PAULO,BARRETOS,Mata Atlântica,27,1.1,0.9,170.9,-20.449,-48.805
2020/08/15 15:54:00,NPP-375,Brasil,SÃO PAULO,BARRETOS,Mata Atlântica,35,0.8,1.0,10.6,-20.45958,-48.78251
2020/08/15 15:54:00,NPP-375,Brasil,SÃO PAULO,BARRETOS,Cerrado,32,1.1,1.0,14.8,-20.44246,-48.79145
2020/08/15 15:54:00,NPP-375,Brasil,SÃO PAULO,BARRETOS,Cerrado,30,1.2,1.0,13.4,-20.44301,-48.7989
2020/08/15 15:54:00,NPP-375,Brasil,SÃO PAULO,BARRETOS,Cerrado,48,0.1,1.0,10.6,-20.56726,-48.3531
2020/08/15 15:54:00,NPP-375,Brasil,SÃO PAULO,BARRETOS,Cerrado,49,0.1,1.0,9.1,-20.56845,-48.34749
2020/08/15 15:54:00,NPP-375,Brasil,SÃO PAULO,BARRETOS,Mata Atlântica,35,0.8,1.0,9.8,-20.45611,-48.78291
2020/08/15 15:54:00,NPP-375,Brasil,SÃO PAULO,BARRETOS,Mata Atlântica,27,1.1,0.9,19.9,-20.45403,-48.80577
2020/08/15 15:54:00,NPP-375,Brasil,SÃO PAULO,BARRETOS,Mata Atlântica,34,0.8,1.0,9.8,-20.44902,-48.78364
2020/08/15 15:54:00,NPP-375,Brasil,SÃO PAULO,BARRETOS,Mata Atlântica,32,0.9,1.0,27.6,-20.45298,-48.79045
2020/08/15 15:54:00,NPP-375,Brasil,SÃO PAULO,BARRETOS,Cerrado,49,0.1,1.0,11.0,-20.5754,-48.34703
2020/08/15 15:54:00,NPP-375,Brasil,SÃO PAULO,BARRETOS,Cerrado,48,0.1,1.0,9.1,-20.56898,-48.35416
2020/08/15 15:54:00,NPP-375,Brasil,SÃO PAULO,BARRETOS,Mata Atlântica,31,0.9,1.0,9.8,-20.44957,-48.79101
2020/08/15 15:54:00,NPP-375,Brasil,SÃO PAULO,BARRETOS,Mata Atlântica,27,1.1,0.9,14.8,-20.4507,-48.80609
2020/08/15 15:54:00,NPP-375,Brasil,SÃO PAULO,BARRETOS,Mata Atlântica,34,0.8,1.0,10.6,-20.45247,-48.78305
2020/08/15 15:54:00,NPP-375,Brasil,SÃO PAULO,BARRETOS,Cerrado,48,0.1,1.0,10.6,-20.5742,-48.35243
2020/08/15 15:54:00,NPP-375,Brasil,SÃO PAULO,BARRETOS,Cerrado,49,0.1,1.0,23.0,-20.57372,-48.34588
2020/08/15 15:54:00,NPP-375,Brasil,SÃO PAULO,BARRETOS,Mata Atlântica,28,1.2,0.9,14.8,-20.45781,-48.80553
2020/08/15 16:42:49,NOAA-20,Brasil,SÃO PAULO,BARRETOS,Cerrado,36,0.8,1.0,,-20.44645,-48.7802
2020/08/15 16:42:49,NOAA-20,Brasil,SÃO PAULO,BARRETOS,Mata Atlântica,26,1.2,0.9,,-20.45031,-48.80713
2020/08/15 16:42:49,NOAA-20,Brasil,SÃO PAULO,BARRETOS,Mata Atlântica,27,1.1,0.9,,-20.44976,-48.80329
2020/08/15 16:42:49,NOAA-20,Brasil,SÃO PAULO,BARRETOS,Mata Atlântica,31,1.0,1.0,,-20.4481,-48.79172
2020/08/15 16:42:49,NOAA-20,Brasil,SÃO PAULO,BARRETOS,Mata Atlântica,34,0.9,1.0,,-20.447,-48.78404
2020/08/15 16:42:49,NOAA-20,Brasil,SÃO PAULO,BARRETOS,Mata Atlântica,27,1.2,0.9,,-20.4537,-48.8066
2020/08/15 16:42:49,NOAA-20,Brasil,SÃO PAULO,BARRETOS,Mata Atlântica,28,1.1,0.9,,-20.45315,-48.80275
2020/08/15 16:42:49,NOAA-20,Brasil,SÃO PAULO,BARRETOS,Mata Atlântica,30,1.0,1.0,,-20.45204,-48.79502
2020/08/15 16:42:49,NOAA-20,Brasil,SÃO PAULO,BARRETOS,Mata Atlântica,32,0.9,1.0,,-20.45148,-48.79117
2020/08/15 16:42:49,NOAA-20,Brasil,SÃO PAULO,BARRETOS,Mata Atlântica,28,1.2,0.9,,-20.45709,-48.80605
2020/08/15 16:42:49,NOAA-20,Brasil,SÃO PAULO,BARRETOS,Mata Atlântica,29,1.1,0.9,,-20.45653,-48.8022
2020/08/15 16:42:49,NOAA-20,Brasil,SÃO PAULO,BARRETOS,Mata Atlântica,30,1.0,1.0,,-20.45598,-48.79833
2020/08/15 16:42:49,NOAA-20,Brasil,SÃO PAULO,BARRETOS,Mata Atlântica,34,0.8,1.0,,-20.45376,-48.78293
2020/08/15 16:42:49,NOAA-20,Brasil,SÃO PAULO,BARRETOS,Mata Atlântica,30,1.1,0.9,,-20.45992,-48.80163
2020/08/15 16:42:49,NOAA-20,Brasil,SÃO PAULO,BARRETOS,Mata Atlântica,35,0.8,1.0,,-20.45715,-48.78239
2020/08/15 16:42:49,NOAA-20,Brasil,SÃO PAULO,BARRETOS,Mata Atlântica,35,0.8,1.0,,-20.46053,-48.78186
2020/08/15 16:42:49,NOAA-20,Brasil,SÃO PAULO,BARRETOS,Mata Atlântica,36,0.8,1.0,,-20.45998,-48.77803
2020/08/15 16:42:49,NOAA-20,Brasil,SÃO PAULO,BARRETOS,Cerrado,31,1.3,1.0,,-20.43849,-48.79718
2020/08/15 16:42:49,NOAA-20,Brasil,SÃO PAULO,BARRETOS,Cerrado,34,1.2,1.0,,-20.43739,-48.78948
2020/08/15 16:42:49,NOAA-20,Brasil,SÃO PAULO,BARRETOS,Cerrado,32,1.2,1.0,,-20.43794,-48.79333
2020/08/15 16:42:49,NOAA-20,Brasil,SÃO PAULO,BARRETOS,Cerrado,29,1.2,1.0,,-20.44243,-48.8005
2020/08/15 16:42:49,NOAA-20,Brasil,SÃO PAULO,BARRETOS,Cerrado,31,1.2,1.0,,-20.44188,-48.79665
2020/08/15 16:42:49,NOAA-20,Brasil,SÃO PAULO,BARRETOS,Cerrado,32,1.1,1.0,,-20.44133,-48.7928
2020/08/15 16:42:49,NOAA-20,Brasil,SÃO PAULO,BARRETOS,Cerrado,48,0.1,1.0,,-20.57016,-48.35163
2020/08/15 17:20:00,AQUA_M-T,Brasil,SÃO PAULO,BARRETOS,Mata Atlântica,28,1.2,1.0,18.7,-20.447,-48.804
2020/08/15 17:20:00,AQUA_M-T,Brasil,SÃO PAULO,BARRETOS,Mata Atlântica,33,0.9,1.0,64.7,-20.456,-48.788
2020/08/15 17:20:00,AQUA_M-T,Brasil,SÃO PAULO,BARRETOS,Cerrado,33,1.0,1.0,18.6,-20.445,-48.79
2020/08/15 17:20:00,AQUA_M-T,Brasil,SÃO PAULO,BARRETOS,Mata Atlântica,35,0.9,1.0,23.0,-20.466,-48.786
2020/08/15 17:20:00,AQUA_M-T,Brasil,SÃO PAULO,BARRETOS,Mata Atlântica,29,1.1,0.9,185.0,-20.458,-48.802
2020/08/15 17:36:00,NPP-375,Brasil,SÃO PAULO,BARRETOS,Mata Atlântica,29,1.1,1.0,10.0,-20.46107,-48.80234
2020/08/15 17:36:00,NPP-375,Brasil,SÃO PAULO,BARRETOS,Mata Atlântica,36,0.8,1.0,4.8,-20.4621,-48.77999
2020/08/15 17:36:00,NPP-375,Brasil,SÃO PAULO,BARRETOS,Mata Atlântica,27,1.1,0.9,6.0,-20.44958,-48.80492
2020/08/15 17:36:00,NPP-375,Brasil,SÃO PAULO,BARRETOS,Mata Atlântica,27,1.1,0.9,6.2,-20.45002,-48.80337
2020/08/15 17:36:00,NPP-375,Brasil,SÃO PAULO,BARRETOS,Mata Atlântica,32,0.9,1.0,28.4,-20.45255,-48.79126
2020/08/15 17:36:00,NPP-375,Brasil,SÃO PAULO,BARRETOS,Mata Atlântica,30,1.0,1.0,28.4,-20.45347,-48.79536
2020/08/15 17:36:00,NPP-375,Brasil,SÃO PAULO,BARRETOS,Mata Atlântica,29,1.1,0.9,10.0,-20.45437,-48.7994
2020/08/15 17:36:00,NPP-375,Brasil,SÃO PAULO,BARRETOS,Mata Atlântica,28,1.1,0.9,10.0,-20.45529,-48.80349
2020/08/15 17:36:00,NPP-375,Brasil,SÃO PAULO,BARRETOS,Mata Atlântica,27,1.2,0.9,10.4,-20.45623,-48.80767
2020/08/15 17:36:00,NPP-375,Brasil,SÃO PAULO,BARRETOS,Mata Atlântica,35,0.8,1.0,24.9,-20.45641,-48.78155
2020/08/15 17:36:00,NPP-375,Brasil,SÃO PAULO,BARRETOS,Mata Atlântica,33,0.9,1.0,28.4,-20.45831,-48.79005
2020/08/15 17:36:00,NPP-375,Brasil,SÃO PAULO,BARRETOS,Mata Atlântica,32,1.0,1.0,28.4,-20.45924,-48.79417
2020/08/15 17:36:00,NPP-375,Brasil,SÃO PAULO,BARRETOS,Cerrado,33,1.3,1.0,7.5,-20.43592,-48.794
2020/08/15 17:36:00,NPP-375,Brasil,SÃO PAULO,BARRETOS,Cerrado,32,1.3,1.0,6.4,-20.43539,-48.7955
2020/08/15 17:36:00,NPP-375,Brasil,SÃO PAULO,BARRETOS,Cerrado,30,1.3,1.0,6.4,-20.43633,-48.79969
2020/08/15 17:36:00,NPP-375,Brasil,SÃO PAULO,BARRETOS,Cerrado,31,1.3,1.0,7.5,-20.43683,-48.79815
2020/08/15 17:36:00,NPP-375,Brasil,SÃO PAULO,BARRETOS,Cerrado,48,0.1,1.0,26.7,-20.56966,-48.3508
2020/08/15 17:36:00,NPP-375,Brasil,SÃO PAULO,BARRETOS,Cerrado,49,0.1,1.0,26.7,-20.57552,-48.34937
2020/08/15 17:36:00,NPP-375,Brasil,SÃO PAULO,BARRETOS,Mata Atlântica,31,1.1,1.0,10.0,-20.46015,-48.79827
2020/08/15 21:08:05,NOAA-19,Brasil,SÃO PAULO,BARRETOS,Mata Atlântica,18,1.6,1.0,,-20.4470787048,-48.831489563
2020/08/15 21:08:05,NOAA-19,Brasil,SÃO PAULO,BARRETOS,Mata Atlântica,14,1.7,1.0,,-20.4487609863,-48.8447608948
2020/08/15 21:08:06,NOAA-19,Brasil,SÃO PAULO,BARRETOS,Cerrado,17,1.8,1.0,,-20.4373607635,-48.8335609436
2020/08/16 04:48:00,NPP-375D,Brasil,SÃO PAULO,BARRETOS,Mata Atlântica,27,0.4,1.0,2.8,-20.68652,-48.72106
2020/08/19 16:03:27,MSG-03,Brasil,SÃO PAULO,BARRETOS,Mata Atlântica,11,0.0,1.0,,-20.53,-48.83
2020/08/19 16:18:00,NPP-375,Brasil,SÃO PAULO,BARRETOS,Mata Atlântica,11,0.0,1.0,21.7,-20.55519,-48.83356
2020/08/19 16:18:00,NPP-375,Brasil,SÃO PAULO,BARRETOS,Mata Atlântica,14,0.0,1.0,16.8,-20.5395,-48.82402
2020/08/19 16:18:00,NPP-375,Brasil,SÃO PAULO,BARRETOS,Mata Atlântica,16,0.0,1.0,13.2,-20.53892,-48.81856
2020/08/19 16:18:00,NPP-375,Brasil,SÃO PAULO,BARRETOS,Mata Atlântica,11,0.0,1.0,16.8,-20.54009,-48.82953
2020/08/19 16:18:00,NPP-375,Brasil,SÃO PAULO,BARRETOS,Mata Atlântica,17,0.0,1.0,13.2,-20.54374,-48.81786
2020/08/19 16:18:00,NPP-375,Brasil,SÃO PAULO,BARRETOS,Mata Atlântica,14,0.0,1.0,16.8,-20.54432,-48.82333
2020/08/19 16:18:00,NPP-375,Brasil,SÃO PAULO,BARRETOS,Mata Atlântica,11,0.0,1.0,16.8,-20.54491,-48.82888
2020/08/19 16:18:00,NPP-375,Brasil,SÃO PAULO,BARRETOS,Mata Atlântica,14,0.0,1.0,31.4,-20.54914,-48.82269
2020/08/19 16:18:00,NPP-375,Brasil,SÃO PAULO,BARRETOS,Mata Atlântica,18,0.0,1.0,18.8,-20.55338,-48.81657
2020/08/19 16:18:00,NPP-375,Brasil,SÃO PAULO,BARRETOS,Mata Atlântica,15,0.0,1.0,31.4,-20.55397,-48.82209
2020/08/19 16:18:00,NPP-375,Brasil,SÃO PAULO,BARRETOS,Mata Atlântica,17,0.0,1.0,7.6,-20.55879,-48.82151
2020/08/19 16:18:00,NPP-375,Brasil,SÃO PAULO,BARRETOS,Mata Atlântica,13,0.0,1.0,26.3,-20.56003,-48.83299
2020/08/19 16:18:00,NPP-375,Brasil,SÃO PAULO,BARRETOS,Mata Atlântica,23,0.0,1.0,36.7,-20.57208,-48.8087
2020/08/19 16:18:00,NPP-375,Brasil,SÃO PAULO,BARRETOS,Mata Atlântica,22,0.0,1.0,36.7,-20.57268,-48.81421
2020/08/19 16:18:00,NPP-375,Brasil,SÃO PAULO,BARRETOS,Mata Atlântica,24,0.0,1.0,194.0,-20.5769,-48.80808
2020/08/19 16:18:00,NPP-375,Brasil,SÃO PAULO,BARRETOS,Mata Atlântica,23,0.0,1.0,194.0,-20.58233,-48.81305
2020/08/19 16:18:00,NPP-375,Brasil,SÃO PAULO,BARRETOS,Cerrado,51,0.0,1.0,107.1,-20.56094,-48.36021
2020/08/19 16:18:00,NPP-375,Brasil,SÃO PAULO,BARRETOS,Cerrado,50,0.0,1.0,18.1,-20.55837,-48.36826
2020/08/19 16:18:00,NPP-375,Brasil,SÃO PAULO,BARRETOS,Cerrado,51,0.0,1.0,189.4,-20.55783,-48.36312
2020/08/19 16:49:56,AQUA_M-T,Brasil,SÃO PAULO,BARRETOS,Mata Atlântica,23,0.0,1.0,148.2,-20.58,-48.812
2020/08/19 16:49:56,AQUA_M-T,Brasil,SÃO PAULO,BARRETOS,Mata Atlântica,14,0.0,1.0,37.6,-20.547,-48.824
2020/08/19 16:49:56,AQUA_M-T,Brasil,SÃO PAULO,BARRETOS,Mata Atlântica,18,0.0,1.0,15.8,-20.546,-48.814
2020/08/19 16:49:56,AQUA_M-T,Brasil,SÃO PAULO,BARRETOS,Mata Atlântica,16,0.0,1.0,27.7,-20.556,-48.823
2020/08/19 16:49:56,AQUA_M-T,Brasil,SÃO PAULO,BARRETOS,Cerrado,50,0.0,1.0,9.0,-20.559,-48.367
2020/08/19 16:49:56,AQUA_M-T,Brasil,SÃO PAULO,BARRETOS,Mata Atlântica,16,0.0,1.0,17.7,-20.563,-48.826
2020/08/19 16:49:56,AQUA_M-T,Brasil,SÃO PAULO,BARRETOS,Mata Atlântica,26,0.0,1.0,35.7,-20.607,-48.798
2020/08/19 16:49:56,AQUA_M-T,Brasil,SÃO PAULO,BARRETOS,Mata Atlântica,26,0.0,1.0,1338.1,-20.598,-48.799
2020/08/19 16:49:56,AQUA_M-T,Brasil,SÃO PAULO,BARRETOS,Mata Atlântica,26,0.0,1.0,608.8,-20.599,-48.81
2020/08/19 16:49:56,AQUA_M-T,Brasil,SÃO PAULO,BARRETOS,Mata Atlântica,26,0.0,1.0,333.5,-20.588,-48.801
2020/08/19 16:49:56,AQUA_M-T,Brasil,SÃO PAULO,BARRETOS,Mata Atlântica,25,0.0,1.0,271.8,-20.59,-48.811
2020/08/19 16:49:56,AQUA_M-T,Brasil,SÃO PAULO,BARRETOS,Mata Atlântica,25,0.0,1.0,73.7,-20.579,-48.802
2020/08/19 17:03:26,MSG-03,Brasil,SÃO PAULO,BARRETOS,Mata Atlântica,29,0.0,1.0,,-20.56,-48.79
2020/08/19 17:07:06,NOAA-20,Brasil,SÃO PAULO,BARRETOS,Mata Atlântica,25,0.0,1.0,,-20.58217,-48.80203
2020/08/19 17:07:06,NOAA-20,Brasil,SÃO PAULO,BARRETOS,Mata Atlântica,24,0.0,1.0,,-20.57924,-48.80795
2020/08/19 17:07:06,NOAA-20,Brasil,SÃO PAULO,BARRETOS,Mata Atlântica,25,0.0,1.0,,-20.57829,-48.80276
2020/08/19 17:07:06,NOAA-20,Brasil,SÃO PAULO,BARRETOS,Mata Atlântica,25,0.0,1.0,,-20.5744,-48.80349
2020/08/19 17:07:06,NOAA-20,Brasil,SÃO PAULO,BARRETOS,Mata Atlântica,24,0.0,1.0,,-20.57536,-48.8087
2020/08/19 17:07:06,NOAA-20,Brasil,SÃO PAULO,BARRETOS,Mata Atlântica,22,0.0,1.0,,-20.57631,-48.81387
2020/08/19 17:07:06,NOAA-20,Brasil,SÃO PAULO,BARRETOS,Mata Atlântica,23,0.0,1.0,,-20.57149,-48.80947
2020/08/19 17:07:06,NOAA-20,Brasil,SÃO PAULO,BARRETOS,Mata Atlântica,14,0.0,1.0,,-20.56362,-48.83223
2020/08/19 17:07:06,NOAA-20,Brasil,SÃO PAULO,BARRETOS,Mata Atlântica,18,0.0,1.0,,-20.55694,-48.81774
2020/08/19 17:07:06,NOAA-20,Brasil,SÃO PAULO,BARRETOS,Mata Atlântica,17,0.0,1.0,,-20.55307,-48.81852
2020/08/19 17:07:06,NOAA-20,Brasil,SÃO PAULO,BARRETOS,Mata Atlântica,13,0.0,1.0,,-20.55496,-48.82873
2020/08/19 17:07:06,NOAA-20,Brasil,SÃO PAULO,BARRETOS,Mata Atlântica,18,0.0,1.0,,-20.56063,-48.81952
2020/08/19 17:07:06,NOAA-20,Brasil,SÃO PAULO,BARRETOS,Mata Atlântica,15,0.0,1.0,,-20.56243,-48.82969
2020/08/19 17:07:06,NOAA-20,Brasil,SÃO PAULO,BARRETOS,Cerrado,51,0.0,1.0,,-20.56237,-48.35871
2020/08/19 17:07:06,NOAA-20,Brasil,SÃO PAULO,BARRETOS,Mata Atlântica,17,0.0,1.0,,-20.55676,-48.82031
2020/08/19 17:07:06,NOAA-20,Brasil,SÃO PAULO,BARRETOS,Mata Atlântica,16,0.0,1.0,,-20.55288,-48.82108
2020/08/19 17:07:06,NOAA-20,Brasil,SÃO PAULO,BARRETOS,Mata Atlântica,14,0.0,1.0,,-20.55379,-48.82619
2020/08/19 17:07:06,NOAA-20,Brasil,SÃO PAULO,BARRETOS,Mata Atlântica,12,0.0,1.0,,-20.5547,-48.83126
2020/08/19 17:07:06,NOAA-20,Brasil,SÃO PAULO,BARRETOS,Mata Atlântica,15,0.0,1.0,,-20.54901,-48.82184
2020/08/19 17:07:06,NOAA-20,Brasil,SÃO PAULO,BARRETOS,Mata Atlântica,19,0.0,1.0,,-20.54326,-48.81214
2020/08/19 17:07:06,NOAA-20,Brasil,SÃO PAULO,BARRETOS,Mata Atlântica,17,0.0,1.0,,-20.54031,-48.8181
2020/08/19 17:07:06,NOAA-20,Brasil,SÃO PAULO,BARRETOS,Mata Atlântica,19,0.0,1.0,,-20.55583,-48.8151
2020/08/19 17:07:06,NOAA-20,Brasil,SÃO PAULO,BARRETOS,Mata Atlântica,26,0.0,1.0,,-20.60057,-48.79282
2020/08/19 17:07:06,NOAA-20,Brasil,SÃO PAULO,BARRETOS,Mata Atlântica,27,0.0,1.0,,-20.59578,-48.78852
2020/08/19 17:07:06,NOAA-20,Brasil,SÃO PAULO,BARRETOS,Mata Atlântica,26,0.0,1.0,,-20.59952,-48.80912
2020/08/19 17:07:06,NOAA-20,Brasil,SÃO PAULO,BARRETOS,Mata Atlântica,26,0.0,1.0,,-20.60046,-48.81427
2020/08/19 17:07:06,NOAA-20,Brasil,SÃO PAULO,BARRETOS,Mata Atlântica,26,0.0,1.0,,-20.59765,-48.79883
2020/08/19 17:07:06,NOAA-20,Brasil,SÃO PAULO,BARRETOS,Mata Atlântica,26,0.0,1.0,,-20.59379,-48.79968
2020/08/19 17:07:06,NOAA-20,Brasil,SÃO PAULO,BARRETOS,Mata Atlântica,27,0.0,1.0,,-20.59191,-48.78936
2020/08/19 17:07:06,NOAA-20,Brasil,SÃO PAULO,BARRETOS,Mata Atlântica,27,0.0,1.0,,-20.59285,-48.79453
2020/08/19 17:07:06,NOAA-20,Brasil,SÃO PAULO,BARRETOS,Mata Atlântica,26,0.0,1.0,,-20.58993,-48.80052
2020/08/19 17:07:06,NOAA-20,Brasil,SÃO PAULO,BARRETOS,Mata Atlântica,26,0.0,1.0,,-20.58511,-48.79612
2020/08/19 17:07:06,NOAA-20,Brasil,SÃO PAULO,BARRETOS,Mata Atlântica,25,0.0,1.0,,-20.587,-48.80646
2020/08/19 17:07:06,NOAA-20,Brasil,SÃO PAULO,BARRETOS,Mata Atlântica,26,0.0,1.0,,-20.58122,-48.79684
2020/08/19 17:07:06,NOAA-20,Brasil,SÃO PAULO,BARRETOS,Mata Atlântica,26,0.0,1.0,,-20.60444,-48.79197
2020/08/19 17:07:06,NOAA-20,Brasil,SÃO PAULO,BARRETOS,Mata Atlântica,26,0.0,1.0,,-20.60927,-48.79644
2020/08/19 17:07:06,NOAA-20,Brasil,SÃO PAULO,BARRETOS,Mata Atlântica,14,0.0,1.0,,-20.54125,-48.82333
2020/08/19 17:07:06,NOAA-20,Brasil,SÃO PAULO,BARRETOS,Cerrado,51,0.0,1.0,,-20.56338,-48.36425
2020/08/19 17:07:06,NOAA-20,Brasil,SÃO PAULO,BARRETOS,Cerrado,52,0.0,1.0,,-20.56934,-48.35162
2020/08/19 18:03:26,MSG-03,Brasil,SÃO PAULO,BARRETOS,Cerrado,51,0.0,1.0,,-20.57,-48.36
2020/08/19 18:03:26,MSG-03,Brasil,SÃO PAULO,BARRETOS,Mata Atlântica,29,0.0,1.0,,-20.56,-48.79
2020/08/19 18:03:26,MSG-03,Brasil,SÃO PAULO,BARRETOS,Mata Atlântica,11,0.0,1.0,,-20.53,-48.83
2020/08/19 18:43:18,GOES-16,Brasil,SÃO PAULO,BARRETOS,Mata Atlântica,23,0.0,1.0,,-20.57,-48.81
2020/08/19 18:43:18,GOES-16,Brasil,SÃO PAULO,BARRETOS,Mata Atlântica,28,0.0,1.0,,-20.57,-48.79
2020/08/19 18:43:18,GOES-16,Brasil,SÃO PAULO,BARRETOS,Mata Atlântica,28,0.0,1.0,,-20.59,-48.78
2020/08/19 21:03:17,GOES-16,Brasil,SÃO PAULO,BARRETOS,Mata Atlântica,20,0.0,1.0,,-20.55,-48.81
2020/08/19 21:03:17,GOES-16,Brasil,SÃO PAULO,BARRETOS,Mata Atlântica,23,0.0,1.0,,-20.57,-48.81
2020/08/19 21:03:17,GOES-16,Brasil,SÃO PAULO,BARRETOS,Mata Atlântica,28,0.0,1.0,,-20.57,-48.79
2020/08/20 04:16:22,NOAA-20,Brasil,SÃO PAULO,BARRETOS,Mata Atlântica,24,0.0,1.0,,-20.57649,-48.80946
2020/08/20 16:48:50,NOAA-20,Brasil,SÃO PAULO,BARRETOS,Mata Atlântica,15,0.0,1.0,,-20.53644,-48.82355
2020/08/20 16:48:50,NOAA-20,Brasil,SÃO PAULO,BARRETOS,Mata Atlântica,13,0.0,1.0,,-20.537,-48.82723
2020/08/20 16:48:50,NOAA-20,Brasil,SÃO PAULO,BARRETOS,Mata Atlântica,15,0.0,1.0,,-20.53976,-48.82298
2020/08/20 18:43:18,GOES-16,Brasil,SÃO PAULO,BARRETOS,Mata Atlântica,17,0.0,1.0,,-20.53,-48.82
2020/08/20 19:03:18,GOES-16,Brasil,SÃO PAULO,BARRETOS,Mata Atlântica,36,0.0,1.0,,-20.51,-48.78
2020/08/20 19:03:27,MSG-03,Brasil,SÃO PAULO,BARRETOS,Mata Atlântica,12,0.0,1.0,,-20.53,-48.83
2020/08/20 19:23:17,GOES-16,Brasil,SÃO PAULO,BARRETOS,Mata Atlântica,26,0.0,1.0,,-20.53,-48.8
2020/08/20 19:23:17,GOES-16,Brasil,SÃO PAULO,BARRETOS,Mata Atlântica,17,0.0,1.0,,-20.53,-48.82
2020/08/20 19:23:19,GOES-16,Brasil,SÃO PAULO,BARRETOS,Mata Atlântica,17,0.0,1.0,,-20.51,-48.82
2020/08/20 19:23:19,GOES-16,Brasil,SÃO PAULO,BARRETOS,Mata Atlântica,26,0.0,1.0,,-20.51,-48.8
2020/08/20 19:33:19,GOES-16,Brasil,SÃO PAULO,BARRETOS,Mata Atlântica,17,0.0,1.0,,-20.51,-48.82
2020/08/20 19:33:19,GOES-16,Brasil,SÃO PAULO,BARRETOS,Mata Atlântica,26,0.0,1.0,,-20.53,-48.8
2020/08/20 19:33:19,GOES-16,Brasil,SÃO PAULO,BARRETOS,Mata Atlântica,17,0.0,1.0,,-20.53,-48.82
2020/08/20 19:33:19,GOES-16,Brasil,SÃO PAULO,BARRETOS,Mata Atlântica,26,0.0,1.0,,-20.51,-48.8
2020/08/20 19:43:18,GOES-16,Brasil,SÃO PAULO,BARRETOS,Mata Atlântica,26,0.0,1.0,,-20.51,-48.8
2020/08/20 19:43:18,GOES-16,Brasil,SÃO PAULO,BARRETOS,Mata Atlântica,17,0.0,1.0,,-20.51,-48.82
2020/08/20 20:03:18,GOES-16,Brasil,SÃO PAULO,BARRETOS,Mata Atlântica,17,0.0,1.0,,-20.53,-48.82
2020/08/20 20:03:18,GOES-16,Brasil,SÃO PAULO,BARRETOS,Mata Atlântica,26,0.0,1.0,,-20.51,-48.8
2020/08/20 20:03:18,GOES-16,Brasil,SÃO PAULO,BARRETOS,Mata Atlântica,17,0.0,1.0,,-20.51,-48.82
2020/08/20 20:03:18,GOES-16,Brasil,SÃO PAULO,BARRETOS,Mata Atlântica,26,0.0,1.0,,-20.53,-48.8
2020/08/20 20:23:18,GOES-16,Brasil,SÃO PAULO,BARRETOS,Mata Atlântica,26,0.0,1.0,,-20.51,-48.8
2020/08/20 20:23:18,GOES-16,Brasil,SÃO PAULO,BARRETOS,Mata Atlântica,26,0.0,1.0,,-20.53,-48.8
2020/08/20 20:23:18,GOES-16,Brasil,SÃO PAULO,BARRETOS,Mata Atlântica,17,0.0,1.0,,-20.51,-48.82
2020/08/20 20:23:18,GOES-16,Brasil,SÃO PAULO,BARRETOS,Mata Atlântica,17,0.0,1.0,,-20.53,-48.82
2020/08/20 20:33:18,GOES-16,Brasil,SÃO PAULO,BARRETOS,Mata Atlântica,17,0.0,1.0,,-20.53,-48.82
2020/08/20 20:33:18,GOES-16,Brasil,SÃO PAULO,BARRETOS,Mata Atlântica,26,0.0,1.0,,-20.53,-48.8
2020/08/20 20:33:18,GOES-16,Brasil,SÃO PAULO,BARRETOS,Mata Atlântica,12,0.0,1.0,,-20.49,-48.83
2020/08/20 20:33:18,GOES-16,Brasil,SÃO PAULO,BARRETOS,Mata Atlântica,36,0.0,1.0,,-20.51,-48.78
2020/08/20 20:33:18,GOES-16,Brasil,SÃO PAULO,BARRETOS,Mata Atlântica,22,0.0,1.0,,-20.49,-48.81
2020/08/20 20:43:18,GOES-16,Brasil,SÃO PAULO,BARRETOS,Mata Atlântica,3,0.0,1.0,,-20.51,-48.85
2020/08/20 20:43:18,GOES-16,Brasil,SÃO PAULO,BARRETOS,Mata Atlântica,26,0.0,1.0,,-20.53,-48.8
2020/08/20 20:43:18,GOES-16,Brasil,SÃO PAULO,BARRETOS,Mata Atlântica,36,0.0,1.0,,-20.51,-48.78
2020/08/20 20:43:19,GOES-16,Brasil,SÃO PAULO,BARRETOS,Mata Atlântica,22,0.0,1.0,,-20.49,-48.81
2020/08/20 20:43:19,GOES-16,Brasil,SÃO PAULO,BARRETOS,Mata Atlântica,12,0.0,1.0,,-20.49,-48.83
2020/08/20 21:03:19,GOES-16,Brasil,SÃO PAULO,BARRETOS,Mata Atlântica,26,0.0,1.0,,-20.51,-48.8
2020/08/20 21:13:18,GOES-16,Brasil,SÃO PAULO,BARRETOS,Mata Atlântica,26,0.0,1.0,,-20.51,-48.8
2020/08/20 21:13:18,GOES-16,Brasil,SÃO PAULO,BARRETOS,Mata Atlântica,17,0.0,1.0,,-20.53,-48.82
2020/08/20 21:33:18,GOES-16,Brasil,SÃO PAULO,BARRETOS,Mata Atlântica,26,0.0,1.0,,-20.51,-48.8
2020/08/20 21:33:18,GOES-16,Brasil,SÃO PAULO,BARRETOS,Mata Atlântica,22,0.0,1.0,,-20.49,-48.81
2020/08/20 21:50:12,NOAA-19,Brasil,SÃO PAULO,BARRETOS,Mata Atlântica,26,0.0,1.0,,-20.5520629883,-48.801071167
2020/08/20 21:50:12,NOAA-19,Brasil,SÃO PAULO,BARRETOS,Mata Atlântica,15,0.0,1.0,,-20.5460910797,-48.8234062195
2020/08/20 21:50:12,NOAA-19,Brasil,SÃO PAULO,BARRETOS,Mata Atlântica,20,0.0,1.0,,-20.544260025,-48.8136138916
2020/08/20 21:50:12,NOAA-19,Brasil,SÃO PAULO,BARRETOS,Mata Atlântica,24,0.0,1.0,,-20.5424251556,-48.8038101196
2020/08/20 21:50:12,NOAA-19,Brasil,SÃO PAULO,BARRETOS,Mata Atlântica,17,0.0,1.0,,-20.5557308197,-48.8206672668
2020/08/20 21:50:12,NOAA-19,Brasil,SÃO PAULO,BARRETOS,Mata Atlântica,21,0.0,1.0,,-20.5538978577,-48.810874939
2020/08/20 22:03:18,GOES-16,Brasil,SÃO PAULO,BARRETOS,Mata Atlântica,26,0.0,1.0,,-20.51,-48.8
2020/08/20 22:03:18,GOES-16,Brasil,SÃO PAULO,BARRETOS,Mata Atlântica,22,0.0,1.0,,-20.49,-48.81
2020/08/20 22:13:18,GOES-16,Brasil,SÃO PAULO,BARRETOS,Mata Atlântica,26,0.0,1.0,,-20.51,-48.8
2020/08/20 22:13:19,GOES-16,Brasil,SÃO PAULO,BARRETOS,Cerrado,39,0.0,1.0,,-20.5,-48.46
2020/08/20 22:13:19,GOES-16,Brasil,SÃO PAULO,BARRETOS,Mata Atlântica,22,0.0,1.0,,-20.49,-48.81
2020/08/20 23:03:18,GOES-16,Brasil,SÃO PAULO,BARRETOS,Mata Atlântica,22,0.0,1.0,,-20.49,-48.81
2020/08/20 23:03:18,GOES-16,Brasil,SÃO PAULO,BARRETOS,Cerrado,39,0.0,1.0,,-20.5,-48.46
2020/08/20 23:13:18,GOES-16,Brasil,SÃO PAULO,BARRETOS,Mata Atlântica,22,0.0,1.0,,-20.49,-48.81
2020/08/20 23:33:18,GOES-16,Brasil,SÃO PAULO,BARRETOS,Mata Atlântica,22,0.0,1.0,,-20.49,-48.81
2020/08/20 23:53:19,GOES-16,Brasil,SÃO PAULO,BARRETOS,Mata Atlântica,22,0.0,1.0,,-20.49,-48.81
2020/08/21 00:03:19,GOES-16,Brasil,SÃO PAULO,BARRETOS,Mata Atlântica,22,6.4,0.5,,-20.49,-48.81
2020/08/21 00:13:18,GOES-16,Brasil,SÃO PAULO,BARRETOS,Mata Atlântica,22,6.4,0.5,,-20.49,-48.81
2020/08/21 00:26:02,METOP-B,Brasil,SÃO PAULO,BARRETOS,Mata Atlântica,31,6.3,0.8,,-20.498699188232422,-48.78950119018555
2020/08/21 00:26:02,METOP-B,Brasil,SÃO PAULO,BARRETOS,Mata Atlântica,39,6.1,0.8,,-20.495899200439453,-48.77289962768555
2020/08/21 00:26:24,METOP-B,Brasil,SÃO PAULO,BARRETOS,Mata Atlântica,30,6.3,0.8,,-20.48740005493164,-48.79159927368164
2020/08/21 00:26:24,METOP-B,Brasil,SÃO PAULO,BARRETOS,Mata Atlântica,38,6.1,0.8,,-20.484600067138672,-48.775001525878906
2020/08/21 00:26:25,METOP-B,Brasil,SÃO PAULO,BARRETOS,Mata Atlântica,37,6.1,0.8,,-20.474899291992188,-48.77690124511719
2020/08/21 00:26:25,METOP-B,Brasil,SÃO PAULO,BARRETOS,Mata Atlântica,29,6.3,0.9,,-20.477699279785156,-48.79349899291992
2020/08/21 01:02:18,NOAA-18D,Brasil,SÃO PAULO,BARRETOS,Mata Atlântica,27,6.3,0.8,,-20.5229969025,-48.7975502014
2020/08/21 01:02:18,NOAA-18D,Brasil,SÃO PAULO,BARRETOS,Mata Atlântica,22,6.4,0.7,,-20.5147666931,-48.8083686829
2020/08/21 01:02:18,NOAA-18D,Brasil,SÃO PAULO,BARRETOS,Mata Atlântica,26,6.4,0.8,,-20.5133094788,-48.8001480103
2020/08/21 01:02:18,NOAA-18D,Brasil,SÃO PAULO,BARRETOS,Mata Atlântica,30,6.3,0.8,,-20.5118484497,-48.7919197083
2020/08/21 01:02:18,NOAA-18D,Brasil,SÃO PAULO,BARRETOS,Mata Atlântica,23,6.4,0.7,,-20.5244541168,-48.8057746887
2020/08/23 16:42:00,NPP-375,Brasil,SÃO PAULO,BARRETOS,Mata Atlântica,0,0.0,-999.0,22.4,-20.47814,-48.81737
2020/08/23 16:42:00,NPP-375,Brasil,SÃO PAULO,BARRETOS,Mata Atlântica,0,0.0,1.0,3.8,-20.49975,-48.79809
2020/08/23 16:42:00,NPP-375,Brasil,SÃO PAULO,BARRETOS,Mata Atlântica,0,0.0,0.4,22.4,-20.47529,-48.82179
2020/08/23 17:32:34,NOAA-20,Brasil,SÃO PAULO,BARRETOS,Mata Atlântica,0,0.0,1.0,,-20.49968,-48.79386
2020/08/23 17:32:34,NOAA-20,Brasil,SÃO PAULO,BARRETOS,Mata Atlântica,0,0.0,1.0,,-20.50062,-48.79814
2020/08/23 17:32:34,NOAA-20,Brasil,SÃO PAULO,BARRETOS,Cerrado,0,0.0,1.0,,-20.58741,-48.56353
2020/08/24 16:24:00,NPP-375,Brasil,SÃO PAULO,BARRETOS,Mata Atlântica,1,0.8,1.0,2.8,-20.49875,-48.79652
2020/08/24 17:13:50,NOAA-20,Brasil,SÃO PAULO,BARRETOS,Mata Atlântica,1,0.8,1.0,,-20.49823,-48.79652
2020/08/25 16:54:53,NOAA-20,Brasil,SÃO PAULO,BARRETOS,Mata Atlântica,1,0.0,1.0,,-20.49514,-48.79752
2020/08/25 17:48:00,NPP-375,Brasil,SÃO PAULO,BARRETOS,Mata Atlântica,1,0.0,1.0,11.3,-20.49572,-48.79473
2020/08/25 17:48:00,NPP-375,Brasil,SÃO PAULO,BARRETOS,Cerrado,3,0.0,1.0,7.1,-20.5038,-48.56713
2020/08/25 17:48:00,NPP-375,Brasil,SÃO PAULO,BARRETOS,Cerrado,3,0.0,1.0,7.1,-20.50545,-48.57377
2020/08/25 17:48:00,NPP-375,Brasil,SÃO PAULO,BARRETOS,Cerrado,3,0.0,1.0,13.6,-20.50669,-48.56989
2020/08/26 04:04:34,NOAA-20,Brasil,SÃO PAULO,BARRETOS,Mata Atlântica,4,0.0,1.0,,-20.56833,-48.81709
2020/08/26 05:00:00,NPP-375D,Brasil,SÃO PAULO,BARRETOS,Mata Atlântica,4,0.0,1.0,1.6,-20.56884,-48.81633
2020/08/26 05:00:00,NPP-375D,Brasil,SÃO PAULO,BARRETOS,Mata Atlântica,4,0.0,1.0,2.6,-20.56747,-48.81582
2020/08/26 16:36:32,NOAA-20,Brasil,SÃO PAULO,BARRETOS,Mata Atlântica,2,0.0,1.0,,-20.48063,-48.82971
2020/08/26 16:36:32,NOAA-20,Brasil,SÃO PAULO,BARRETOS,Mata Atlântica,2,0.0,1.0,,-20.48422,-48.82916
2020/08/26 16:36:32,NOAA-20,Brasil,SÃO PAULO,BARRETOS,Mata Atlântica,2,0.0,1.0,,-20.48224,-48.83082
2020/08/26 17:30:00,NPP-375,Brasil,SÃO PAULO,BARRETOS,Mata Atlântica,2,0.0,1.0,2.4,-20.4845,-48.83236
2020/08/26 17:30:00,NPP-375,Brasil,SÃO PAULO,BARRETOS,Mata Atlântica,2,0.0,1.0,8.7,-20.47786,-48.82669
2020/08/26 17:30:00,NPP-375,Brasil,SÃO PAULO,BARRETOS,Mata Atlântica,2,0.0,1.0,6.9,-20.47859,-48.83015
2020/08/26 17:30:00,NPP-375,Brasil,SÃO PAULO,BARRETOS,Mata Atlântica,2,0.0,1.0,6.9,-20.4793,-48.83353
2020/08/26 18:43:18,GOES-16,Brasil,SÃO PAULO,BARRETOS,Mata Atlântica,2,0.0,-999.0,,-20.47,-48.83
2020/08/26 20:03:18,GOES-16,Brasil,SÃO PAULO,BARRETOS,Mata Atlântica,3,0.0,1.0,,-20.49,-48.83
2020/08/26 20:03:18,GOES-16,Brasil,SÃO PAULO,BARRETOS,Mata Atlântica,2,0.0,-999.0,,-20.47,-48.83
2020/08/26 20:13:18,GOES-16,Brasil,SÃO PAULO,BARRETOS,Mata Atlântica,2,0.0,-999.0,,-20.47,-48.83
2020/08/26 20:33:18,GOES-16,Brasil,SÃO PAULO,BARRETOS,Mata Atlântica,3,0.0,1.0,,-20.49,-48.83
2020/08/27 13:20:00,TERRA_M-T,Brasil,SÃO PAULO,BARRETOS,Cerrado,5,0.0,1.0,9.1,-20.452,-48.629
2020/08/27 13:20:00,TERRA_M-T,Brasil,SÃO PAULO,BARRETOS,Cerrado,5,0.0,1.0,46.0,-20.453,-48.618
2020/08/27 16:18:18,NOAA-20,Brasil,SÃO PAULO,BARRETOS,Mata Atlântica,3,0.0,1.0,,-20.47907,-48.83535
2020/08/27 17:12:00,NPP-375,Brasil,SÃO PAULO,BARRETOS,Mata Atlântica,3,0.0,1.0,52.8,-20.4799,-48.83372
2020/08/28 04:18:00,NPP-375D,Brasil,SÃO PAULO,BARRETOS,Mata Atlântica,4,0.0,1.0,1.2,-20.47042,-48.83739
2020/08/28 04:18:00,NPP-375D,Brasil,SÃO PAULO,BARRETOS,Mata Atlântica,4,0.0,1.0,1.2,-20.46707,-48.83678
2020/08/28 04:18:00,NPP-375D,Brasil,SÃO PAULO,BARRETOS,Mata Atlântica,4,0.0,1.0,1.1,-20.49109,-48.83735
2020/08/28 04:18:00,NPP-375D,Brasil,SÃO PAULO,BARRETOS,Mata Atlântica,4,0.0,1.0,1.2,-20.47103,-48.83366
2020/08/28 14:00:00,TERRA_M-T,Brasil,SÃO PAULO,BARRETOS,Mata Atlântica,4,0.0,1.0,26.6,-20.489,-48.833
2020/08/28 16:00:43,NOAA-20,Brasil,SÃO PAULO,BARRETOS,Mata Atlântica,4,0.0,1.0,,-20.49464,-48.83083
2020/08/28 16:45:45,AQUA_M-T,Brasil,SÃO PAULO,BARRETOS,Mata Atlântica,4,0.0,1.0,61.4,-20.496,-48.835
2020/08/28 16:48:00,NPP-375,Brasil,SÃO PAULO,BARRETOS,Mata Atlântica,4,0.0,1.0,6.7,-20.49539,-48.82707
2020/08/28 16:48:00,NPP-375,Brasil,SÃO PAULO,BARRETOS,Mata Atlântica,4,0.0,1.0,59.4,-20.49262,-48.83133
2020/08/28 16:48:00,NPP-375,Brasil,SÃO PAULO,BARRETOS,Mata Atlântica,4,0.0,0.9,13.5,-20.48869,-48.80547
2020/08/29 13:05:00,TERRA_M-T,Brasil,SÃO PAULO,BARRETOS,Mata Atlântica,5,0.0,1.0,16.0,-20.5,-48.804
2020/08/29 13:05:00,TERRA_M-T,Brasil,SÃO PAULO,BARRETOS,Mata Atlântica,6,0.0,1.0,22.6,-20.497,-48.797
2020/08/29 16:30:00,NPP-375,Brasil,SÃO PAULO,BARRETOS,Mata Atlântica,6,0.0,1.0,50.2,-20.49761,-48.79169
2020/08/29 16:30:00,NPP-375,Brasil,SÃO PAULO,BARRETOS,Mata Atlântica,6,0.0,1.0,32.8,-20.50546,-48.7906
2020/08/29 17:19:37,NOAA-20,Brasil,SÃO PAULO,BARRETOS,Mata Atlântica,6,0.0,1.0,,-20.50132,-48.79348
2020/08/29 17:19:37,NOAA-20,Brasil,SÃO PAULO,BARRETOS,Mata Atlântica,6,0.0,1.0,,-20.50239,-48.7946
2020/08/29 17:19:37,NOAA-20,Brasil,SÃO PAULO,BARRETOS,Mata Atlântica,6,0.0,1.0,,-20.5013,-48.7893
2020/08/29 17:19:37,NOAA-20,Brasil,SÃO PAULO,BARRETOS,Mata Atlântica,6,0.0,1.0,,-20.50601,-48.78824
2020/08/29 17:19:37,NOAA-20,Brasil,SÃO PAULO,BARRETOS,Mata Atlântica,6,0.0,1.0,,-20.51076,-48.79152
2020/08/29 17:19:37,NOAA-20,Brasil,SÃO PAULO,BARRETOS,Mata Atlântica,6,0.0,1.0,,-20.50604,-48.79247
2020/08/29 17:19:37,NOAA-20,Brasil,SÃO PAULO,BARRETOS,Mata Atlântica,6,0.0,1.0,,-20.51183,-48.79696
2020/08/29 17:26:29,AQUA_M-T,Brasil,SÃO PAULO,BARRETOS,Mata Atlântica,6,0.0,1.0,66.8,-20.507,-48.781
2020/08/29 17:26:29,AQUA_M-T,Brasil,SÃO PAULO,BARRETOS,Mata Atlântica,6,0.0,1.0,184.8,-20.52,-48.795
2020/08/29 17:26:29,AQUA_M-T,Brasil,SÃO PAULO,BARRETOS,Mata Atlântica,5,0.0,1.0,47.4,-20.524,-48.818
2020/08/29 17:26:29,AQUA_M-T,Brasil,SÃO PAULO,BARRETOS,Mata Atlântica,6,0.0,1.0,118.3,-20.506,-48.797
2020/08/29 17:26:29,AQUA_M-T,Brasil,SÃO PAULO,BARRETOS,Mata Atlântica,5,0.0,1.0,255.5,-20.511,-48.804
2020/08/29 18:33:18,GOES-16,Brasil,SÃO PAULO,BARRETOS,Mata Atlântica,6,0.0,1.0,,-20.53,-48.77
2020/08/29 18:43:18,GOES-16,Brasil,SÃO PAULO,BARRETOS,Mata Atlântica,6,0.0,1.0,,-20.53,-48.77
2020/08/29 18:43:18,GOES-16,Brasil,SÃO PAULO,BARRETOS,Mata Atlântica,6,0.0,1.0,,-20.51,-48.78
2020/08/29 19:33:19,GOES-16,Brasil,SÃO PAULO,BARRETOS,Mata Atlântica,6,0.0,1.0,,-20.51,-48.78
2020/08/29 19:43:18,GOES-16,Brasil,SÃO PAULO,BARRETOS,Mata Atlântica,6,0.0,1.0,,-20.51,-48.78
2020/08/29 20:03:18,GOES-16,Brasil,SÃO PAULO,BARRETOS,Mata Atlântica,6,0.0,1.0,,-20.51,-48.78
2020/08/29 20:43:18,GOES-16,Brasil,SÃO PAULO,BARRETOS,Mata Atlântica,5,0.0,1.0,,-20.53,-48.8
2020/08/29 20:43:18,GOES-16,Brasil,SÃO PAULO,BARRETOS,Mata Atlântica,6,0.0,1.0,,-20.53,-48.77
2020/08/29 20:43:18,GOES-16,Brasil,SÃO PAULO,BARRETOS,Mata Atlântica,5,0.0,1.0,,-20.51,-48.8
2020/08/29 20:43:18,GOES-16,Brasil,SÃO PAULO,BARRETOS,Mata Atlântica,6,0.0,1.0,,-20.51,-48.78
2020/08/29 21:13:18,GOES-16,Brasil,SÃO PAULO,BARRETOS,Mata Atlântica,6,0.0,1.0,,-20.51,-48.78
2020/08/29 21:45:22,NOAA-19,Brasil,SÃO PAULO,BARRETOS,Mata Atlântica,5,0.0,1.0,,-20.4832057953,-48.8396873474
2020/08/29 21:45:22,NOAA-19,Brasil,SÃO PAULO,BARRETOS,Mata Atlântica,5,0.0,0.9,,-20.4847049713,-48.8481445312
2020/08/30 03:42:00,NPP-375D,Brasil,SÃO PAULO,BARRETOS,Mata Atlântica,7,0.0,1.0,1.9,-20.5077,-48.79019
2020/08/30 04:29:09,NOAA-20,Brasil,SÃO PAULO,BARRETOS,Mata Atlântica,7,0.0,1.0,,-20.50863,-48.78978
2020/08/30 04:29:09,NOAA-20,Brasil,SÃO PAULO,BARRETOS,Mata Atlântica,7,0.0,1.0,,-20.50517,-48.7892
2020/08/30 12:11:16,NOAA-18D,Brasil,SÃO PAULO,BARRETOS,Mata Atlântica,7,0.0,1.0,,-20.5005283356,-48.7710762024
2020/08/30 16:12:00,NPP-375,Brasil,SÃO PAULO,BARRETOS,Mata Atlântica,7,0.0,1.0,9.8,-20.50877,-48.78472
2020/08/30 16:12:00,NPP-375,Brasil,SÃO PAULO,BARRETOS,Mata Atlântica,7,0.0,1.0,9.5,-20.50605,-48.78605
2020/08/30 16:31:40,AQUA_M-T,Brasil,SÃO PAULO,BARRETOS,Mata Atlântica,7,0.0,1.0,39.2,-20.511,-48.795
2020/08/30 17:01:05,NOAA-20,Brasil,SÃO PAULO,BARRETOS,Mata Atlântica,7,0.0,1.0,,-20.51126,-48.78195
2020/08/30 17:01:05,NOAA-20,Brasil,SÃO PAULO,BARRETOS,Mata Atlântica,7,0.0,1.0,,-20.50769,-48.78265
2020/08/30 17:01:05,NOAA-20,Brasil,SÃO PAULO,BARRETOS,Mata Atlântica,6,0.0,-999.0,,-20.46885,-48.82544
2020/08/30 21:33:37,NOAA-19,Brasil,SÃO PAULO,BARRETOS,Mata Atlântica,6,0.0,1.0,,-20.5179405212,-48.8054161072
2020/08/30 21:33:37,NOAA-19,Brasil,SÃO PAULO,BARRETOS,Mata Atlântica,6,0.0,1.0,,-20.5070075989,-48.8001213074
2020/08/30 21:33:37,NOAA-19,Brasil,SÃO PAULO,BARRETOS,Mata Atlântica,7,0.0,1.0,,-20.5167045593,-48.7976799011
2020/08/30 21:33:37,NOAA-19,Brasil,SÃO PAULO,BARRETOS,Mata Atlântica,6,0.0,1.0,,-20.5082435608,-48.8078575134
2020/08/31 04:10:31,NOAA-20,Brasil,SÃO PAULO,BARRETOS,Mata Atlântica,8,0.0,1.0,,-20.50772,-48.78696
2020/09/01 03:52:21,NOAA-20,Brasil,SÃO PAULO,BARRETOS,Cerrado,10,0.0,1.0,,-20.51321,-48.56767
2020/09/01 19:03:18,GOES-16,Brasil,SÃO PAULO,BARRETOS,Cerrado,10,0.0,1.0,,-20.64,-48.66
2020/09/01 19:03:18,GOES-16,Brasil,SÃO PAULO,BARRETOS,Cerrado,10,0.0,1.0,,-20.64,-48.68
2020/09/01 19:43:17,GOES-16,Brasil,SÃO PAULO,BARRETOS,Cerrado,10,0.0,1.0,,-20.64,-48.66
2020/09/02 03:35:57,NOAA-20,Brasil,SÃO PAULO,BARRETOS,Cerrado,11,0.0,1.0,,-20.4157,-48.56512
2020/09/02 04:30:00,NPP-375D,Brasil,SÃO PAULO,BARRETOS,Cerrado,11,0.0,1.0,0.8,-20.58745,-48.56084
2020/09/02 19:13:19,GOES-16,Brasil,SÃO PAULO,BARRETOS,Mata Atlântica,10,0.0,1.0,,-20.49,-48.78
2020/09/02 20:33:18,GOES-16,Brasil,SÃO PAULO,BARRETOS,Mata Atlântica,10,0.0,1.0,,-20.49,-48.78
2020/09/04 16:18:00,NPP-375,Brasil,SÃO PAULO,BARRETOS,Cerrado,13,0.0,1.0,44.9,-20.56187,-48.61476
2020/09/04 16:18:00,NPP-375,Brasil,SÃO PAULO,BARRETOS,Cerrado,13,0.0,1.0,49.0,-20.55631,-48.61063
2020/09/04 16:18:00,NPP-375,Brasil,SÃO PAULO,BARRETOS,Cerrado,13,0.0,1.0,44.7,-20.55693,-48.61617
2020/09/04 16:18:00,NPP-375,Brasil,SÃO PAULO,BARRETOS,Cerrado,13,0.0,1.0,49.0,-20.56107,-48.61011
2020/09/04 16:18:00,NPP-375,Brasil,SÃO PAULO,BARRETOS,Cerrado,13,0.0,1.0,44.9,-20.55653,-48.60978
2020/09/04 16:18:00,NPP-375,Brasil,SÃO PAULO,BARRETOS,Cerrado,13,0.0,1.0,44.9,-20.56129,-48.60924
2020/09/04 16:55:00,AQUA_M-T,Brasil,SÃO PAULO,BARRETOS,Cerrado,13,0.0,1.0,30.0,-20.563,-48.621
2020/09/04 16:55:00,AQUA_M-T,Brasil,SÃO PAULO,BARRETOS,Cerrado,13,0.0,1.0,60.7,-20.562,-48.611
2020/09/04 17:07:04,NOAA-20,Brasil,SÃO PAULO,BARRETOS,Cerrado,13,0.0,1.0,,-20.64864,-48.69949
2020/09/04 17:07:04,NOAA-20,Brasil,SÃO PAULO,BARRETOS,Cerrado,13,0.0,1.0,,-20.55997,-48.61152
2020/09/04 18:33:17,GOES-16,Brasil,SÃO PAULO,BARRETOS,Cerrado,13,0.0,1.0,,-20.66,-48.61
2020/09/04 18:43:17,GOES-16,Brasil,SÃO PAULO,BARRETOS,Cerrado,13,0.0,1.0,,-20.66,-48.63
2020/09/04 18:43:18,GOES-16,Brasil,SÃO PAULO,BARRETOS,Cerrado,13,0.0,1.0,,-20.64,-48.63
2020/09/06 17:24:00,NPP-375,Brasil,SÃO PAULO,BARRETOS,Cerrado,15,0.0,1.0,10.0,-20.34318,-48.64084
2020/09/07 16:11:44,NOAA-20,Brasil,SÃO PAULO,BARRETOS,Cerrado,16,0.0,1.0,,-20.46171,-48.7254
2020/09/07 17:06:00,NPP-375,Brasil,SÃO PAULO,BARRETOS,Cerrado,16,0.0,1.0,6.9,-20.33821,-48.64194
2020/09/07 21:13:18,GOES-16,Brasil,SÃO PAULO,BARRETOS,Cerrado,16,0.0,1.0,,-20.41,-48.66
2020/09/07 21:13:18,GOES-16,Brasil,SÃO PAULO,BARRETOS,Cerrado,16,0.0,1.0,,-20.39,-48.67
2020/09/07 21:33:18,GOES-16,Brasil,SÃO PAULO,BARRETOS,Cerrado,16,0.0,1.0,,-20.41,-48.68
2020/09/07 21:33:18,GOES-16,Brasil,SÃO PAULO,BARRETOS,Cerrado,16,0.0,1.0,,-20.41,-48.66
2020/09/07 21:33:19,GOES-16,Brasil,SÃO PAULO,BARRETOS,Cerrado,16,0.0,1.0,,-20.37,-48.65
2020/09/07 21:33:19,GOES-16,Brasil,SÃO PAULO,BARRETOS,Cerrado,16,0.0,1.0,,-20.37,-48.69
2020/09/07 21:33:19,GOES-16,Brasil,SÃO PAULO,BARRETOS,Cerrado,16,0.0,1.0,,-20.39,-48.64
2020/09/07 21:33:19,GOES-16,Brasil,SÃO PAULO,BARRETOS,Cerrado,16,0.0,1.0,,-20.39,-48.69
2020/09/07 21:40:29,NOAA-19,Brasil,SÃO PAULO,BARRETOS,Cerrado,16,0.0,1.0,,-20.4063987732,-48.6523933411
2020/09/07 21:40:29,NOAA-19,Brasil,SÃO PAULO,BARRETOS,Cerrado,16,0.0,1.0,,-20.4050693512,-48.64453125
2020/09/07 21:40:29,NOAA-19,Brasil,SÃO PAULO,BARRETOS,Cerrado,16,0.0,1.0,,-20.424030304,-48.6969871521
2020/09/07 21:40:29,NOAA-19,Brasil,SÃO PAULO,BARRETOS,Cerrado,16,0.0,1.0,,-20.422706604,-48.6891365051
2020/09/07 21:40:29,NOAA-19,Brasil,SÃO PAULO,BARRETOS,Cerrado,16,0.0,1.0,,-20.4213809967,-48.6812858582
2020/09/07 21:40:29,NOAA-19,Brasil,SÃO PAULO,BARRETOS,Cerrado,16,0.0,1.0,,-20.4200534821,-48.6734313965
2020/09/07 21:40:29,NOAA-19,Brasil,SÃO PAULO,BARRETOS,Cerrado,16,0.0,1.0,,-20.4337024689,-48.6944503784
2020/09/07 21:40:29,NOAA-19,Brasil,SÃO PAULO,BARRETOS,Cerrado,16,0.0,1.0,,-20.4323768616,-48.6865997314
2020/09/07 21:40:29,NOAA-19,Brasil,SÃO PAULO,BARRETOS,Cerrado,16,0.0,1.0,,-20.4310512543,-48.6787452698
2020/09/07 21:40:29,NOAA-19,Brasil,SÃO PAULO,BARRETOS,Cerrado,16,0.0,1.0,,-20.429725647,-48.6708908081
2020/09/07 21:40:29,NOAA-19,Brasil,SÃO PAULO,BARRETOS,Cerrado,16,0.0,1.0,,-20.4130344391,-48.6916770935
2020/09/07 21:40:29,NOAA-19,Brasil,SÃO PAULO,BARRETOS,Cerrado,16,0.0,1.0,,-20.4046878815,-48.7020645142
2020/09/07 21:40:29,NOAA-19,Brasil,SÃO PAULO,BARRETOS,Cerrado,16,0.0,1.0,,-20.4033622742,-48.6942138672
2020/09/07 21:40:29,NOAA-19,Brasil,SÃO PAULO,BARRETOS,Cerrado,16,0.0,1.0,,-20.4020366669,-48.6863632202
2020/09/07 21:40:29,NOAA-19,Brasil,SÃO PAULO,BARRETOS,Cerrado,16,0.0,1.0,,-20.4007110596,-48.6785087585
2020/09/07 21:40:29,NOAA-19,Brasil,SÃO PAULO,BARRETOS,Cerrado,16,0.0,1.0,,-20.3993835449,-48.6706504822
2020/09/07 21:40:29,NOAA-19,Brasil,SÃO PAULO,BARRETOS,Cerrado,16,0.0,1.0,,-20.3980560303,-48.6627960205
2020/09/07 21:40:29,NOAA-19,Brasil,SÃO PAULO,BARRETOS,Cerrado,16,0.0,1.0,,-20.4143600464,-48.6995239258
2020/09/07 21:40:29,NOAA-19,Brasil,SÃO PAULO,BARRETOS,Cerrado,16,0.0,1.0,,-20.4156837463,-48.7073745728
2020/09/07 21:40:29,NOAA-19,Brasil,SÃO PAULO,BARRETOS,Cerrado,16,0.0,1.0,,-20.3967285156,-48.6549339294
2020/09/07 21:40:29,NOAA-19,Brasil,SÃO PAULO,BARRETOS,Cerrado,16,0.0,1.0,,-20.3953990936,-48.6470718384
2020/09/07 21:40:29,NOAA-19,Brasil,SÃO PAULO,BARRETOS,Cerrado,16,0.0,1.0,,-20.4117088318,-48.6838226318
2020/09/07 21:40:29,NOAA-19,Brasil,SÃO PAULO,BARRETOS,Cerrado,16,0.0,1.0,,-20.4090557098,-48.6681137085
2020/09/07 21:40:29,NOAA-19,Brasil,SÃO PAULO,BARRETOS,Cerrado,16,0.0,1.0,,-20.4077281952,-48.6602554321
2020/09/07 21:43:19,GOES-16,Brasil,SÃO PAULO,BARRETOS,Cerrado,16,0.0,1.0,,-20.37,-48.69
2020/09/07 21:43:19,GOES-16,Brasil,SÃO PAULO,BARRETOS,Cerrado,16,0.0,1.0,,-20.37,-48.65
2020/09/07 21:43:19,GOES-16,Brasil,SÃO PAULO,BARRETOS,Cerrado,16,0.0,1.0,,-20.37,-48.62
2020/09/07 21:43:19,GOES-16,Brasil,SÃO PAULO,BARRETOS,Cerrado,16,0.0,1.0,,-20.39,-48.69
2020/09/07 21:43:19,GOES-16,Brasil,SÃO PAULO,BARRETOS,Cerrado,16,0.0,1.0,,-20.39,-48.64
2020/09/07 21:43:19,GOES-16,Brasil,SÃO PAULO,BARRETOS,Cerrado,16,0.0,1.0,,-20.41,-48.68
2020/09/07 21:43:19,GOES-16,Brasil,SÃO PAULO,BARRETOS,Cerrado,16,0.0,1.0,,-20.41,-48.66
2020/09/07 22:03:19,GOES-16,Brasil,SÃO PAULO,BARRETOS,Cerrado,16,0.0,1.0,,-20.37,-48.69
2020/09/07 22:03:19,GOES-16,Brasil,SÃO PAULO,BARRETOS,Cerrado,16,0.0,1.0,,-20.39,-48.64
2020/09/07 22:03:19,GOES-16,Brasil,SÃO PAULO,BARRETOS,Cerrado,16,0.0,1.0,,-20.39,-48.69
2020/09/07 22:03:19,GOES-16,Brasil,SÃO PAULO,BARRETOS,Cerrado,16,0.0,1.0,,-20.37,-48.67
2020/09/07 22:03:19,GOES-16,Brasil,SÃO PAULO,BARRETOS,Cerrado,16,0.0,1.0,,-20.37,-48.65
2020/09/07 22:03:19,GOES-16,Brasil,SÃO PAULO,BARRETOS,Cerrado,16,0.0,1.0,,-20.37,-48.62
2020/09/07 22:03:19,GOES-16,Brasil,SÃO PAULO,BARRETOS,Cerrado,16,0.0,1.0,,-20.41,-48.66
2020/09/07 22:03:27,MSG-03,Brasil,SÃO PAULO,BARRETOS,Cerrado,16,0.0,1.0,,-20.39,-48.65
2020/09/07 22:03:28,MSG-03,Brasil,SÃO PAULO,BARRETOS,Cerrado,16,0.0,1.0,,-20.36,-48.63
2020/09/07 22:13:19,GOES-16,Brasil,SÃO PAULO,BARRETOS,Cerrado,16,0.0,1.0,,-20.37,-48.65
2020/09/07 22:13:19,GOES-16,Brasil,SÃO PAULO,BARRETOS,Cerrado,16,0.0,1.0,,-20.37,-48.67
2020/09/07 22:13:19,GOES-16,Brasil,SÃO PAULO,BARRETOS,Cerrado,16,0.0,1.0,,-20.39,-48.69
2020/09/07 22:13:19,GOES-16,Brasil,SÃO PAULO,BARRETOS,Cerrado,16,0.0,1.0,,-20.39,-48.67
2020/09/07 22:13:19,GOES-16,Brasil,SÃO PAULO,BARRETOS,Cerrado,16,0.0,1.0,,-20.39,-48.64
2020/09/07 22:33:19,GOES-16,Brasil,SÃO PAULO,BARRETOS,Cerrado,16,0.0,1.0,,-20.41,-48.66
2020/09/07 22:33:19,GOES-16,Brasil,SÃO PAULO,BARRETOS,Cerrado,16,0.0,1.0,,-20.37,-48.67
2020/09/07 22:33:19,GOES-16,Brasil,SÃO PAULO,BARRETOS,Cerrado,16,0.0,1.0,,-20.37,-48.65
2020/09/07 22:33:19,GOES-16,Brasil,SÃO PAULO,BARRETOS,Cerrado,16,0.0,1.0,,-20.37,-48.62
2020/09/07 22:33:19,GOES-16,Brasil,SÃO PAULO,BARRETOS,Cerrado,16,0.0,1.0,,-20.39,-48.69
2020/09/07 22:33:19,GOES-16,Brasil,SÃO PAULO,BARRETOS,Cerrado,16,0.0,1.0,,-20.39,-48.67
2020/09/07 22:33:19,GOES-16,Brasil,SÃO PAULO,BARRETOS,Cerrado,16,0.0,1.0,,-20.39,-48.64
2020/09/07 22:43:18,GOES-16,Brasil,SÃO PAULO,BARRETOS,Cerrado,16,0.0,1.0,,-20.39,-48.67
2020/09/07 22:43:18,GOES-16,Brasil,SÃO PAULO,BARRETOS,Cerrado,16,0.0,1.0,,-20.37,-48.65
2020/09/07 22:43:18,GOES-16,Brasil,SÃO PAULO,BARRETOS,Cerrado,16,0.0,1.0,,-20.37,-48.67
2020/09/07 22:43:18,GOES-16,Brasil,SÃO PAULO,BARRETOS,Cerrado,16,0.0,1.0,,-20.41,-48.66
2020/09/07 22:43:18,GOES-16,Brasil,SÃO PAULO,BARRETOS,Cerrado,16,0.0,1.0,,-20.39,-48.64
2020/09/07 22:43:18,GOES-16,Brasil,SÃO PAULO,BARRETOS,Cerrado,16,0.0,1.0,,-20.39,-48.69
2020/09/07 22:43:18,GOES-16,Brasil,SÃO PAULO,BARRETOS,Cerrado,16,0.0,1.0,,-20.37,-48.62
2020/09/07 23:03:18,GOES-16,Brasil,SÃO PAULO,BARRETOS,Cerrado,15,0.0,1.0,,-20.41,-48.64
2020/09/07 23:03:18,GOES-16,Brasil,SÃO PAULO,BARRETOS,Cerrado,16,0.0,1.0,,-20.41,-48.66
2020/09/07 23:03:19,GOES-16,Brasil,SÃO PAULO,BARRETOS,Cerrado,16,0.0,1.0,,-20.37,-48.67
2020/09/07 23:03:19,GOES-16,Brasil,SÃO PAULO,BARRETOS,Cerrado,16,0.0,1.0,,-20.39,-48.69
2020/09/07 23:03:19,GOES-16,Brasil,SÃO PAULO,BARRETOS,Cerrado,16,0.0,1.0,,-20.37,-48.65
2020/09/07 23:03:19,GOES-16,Brasil,SÃO PAULO,BARRETOS,Cerrado,16,0.0,1.0,,-20.39,-48.64
2020/09/07 23:03:27,MSG-03,Brasil,SÃO PAULO,BARRETOS,Cerrado,16,0.0,1.0,,-20.36,-48.63
2020/09/07 23:03:27,MSG-03,Brasil,SÃO PAULO,BARRETOS,Cerrado,16,0.0,1.0,,-20.39,-48.65
2020/09/07 23:13:19,GOES-16,Brasil,SÃO PAULO,BARRETOS,Cerrado,16,0.0,1.0,,-20.41,-48.66
2020/09/07 23:13:19,GOES-16,Brasil,SÃO PAULO,BARRETOS,Cerrado,16,0.0,1.0,,-20.39,-48.69
2020/09/07 23:13:19,GOES-16,Brasil,SÃO PAULO,BARRETOS,Cerrado,16,0.0,1.0,,-20.39,-48.67
2020/09/07 23:33:19,GOES-16,Brasil,SÃO PAULO,BARRETOS,Cerrado,16,0.0,1.0,,-20.39,-48.67
2020/09/07 23:33:19,GOES-16,Brasil,SÃO PAULO,BARRETOS,Cerrado,16,0.0,1.0,,-20.41,-48.68
2020/09/07 23:33:19,GOES-16,Brasil,SÃO PAULO,BARRETOS,Cerrado,16,0.0,1.0,,-20.41,-48.66
2020/09/07 23:33:19,GOES-16,Brasil,SÃO PAULO,BARRETOS,Cerrado,16,0.0,1.0,,-20.39,-48.69
2020/09/08 00:13:18,GOES-16,Brasil,SÃO PAULO,BARRETOS,Cerrado,17,0.0,1.0,,-20.39,-48.62
2020/09/08 00:13:18,GOES-16,Brasil,SÃO PAULO,BARRETOS,Cerrado,17,0.0,1.0,,-20.39,-48.64
2020/09/08 00:13:18,GOES-16,Brasil,SÃO PAULO,BARRETOS,Cerrado,17,0.0,1.0,,-20.37,-48.65
2020/09/08 00:33:19,GOES-16,Brasil,SÃO PAULO,BARRETOS,Cerrado,17,0.0,1.0,,-20.37,-48.67
2020/09/08 00:33:19,GOES-16,Brasil,SÃO PAULO,BARRETOS,Cerrado,17,0.0,1.0,,-20.37,-48.65
2020/09/08 00:33:19,GOES-16,Brasil,SÃO PAULO,BARRETOS,Cerrado,17,0.0,1.0,,-20.37,-48.69
2020/09/08 00:43:19,GOES-16,Brasil,SÃO PAULO,BARRETOS,Cerrado,17,0.0,1.0,,-20.37,-48.67
2020/09/08 00:50:38,NOAA-18D,Brasil,SÃO PAULO,BARRETOS,Cerrado,17,0.0,1.0,,-20.4020004272,-48.6634788513
2020/09/08 00:50:38,NOAA-18D,Brasil,SÃO PAULO,BARRETOS,Cerrado,17,0.0,1.0,,-20.3922557831,-48.6658592224
2020/09/08 00:50:38,NOAA-18D,Brasil,SÃO PAULO,BARRETOS,Cerrado,17,0.0,1.0,,-20.3993835449,-48.7122344971
2020/09/08 00:50:38,NOAA-18D,Brasil,SÃO PAULO,BARRETOS,Cerrado,17,0.0,1.0,,-20.3981952667,-48.704498291
2020/09/08 00:50:38,NOAA-18D,Brasil,SÃO PAULO,BARRETOS,Cerrado,17,0.0,1.0,,-20.3970069885,-48.6967658997
2020/09/08 00:50:38,NOAA-18D,Brasil,SÃO PAULO,BARRETOS,Cerrado,17,0.0,1.0,,-20.3934440613,-48.6735839844
2020/09/08 00:50:38,NOAA-18D,Brasil,SÃO PAULO,BARRETOS,Cerrado,17,0.0,1.0,,-20.3825111389,-48.6682395935
2020/09/08 16:42:00,NPP-375,Brasil,SÃO PAULO,BARRETOS,Cerrado,17,0.0,1.0,7.8,-20.33692,-48.64226
2020/09/08 16:42:00,NPP-375,Brasil,SÃO PAULO,BARRETOS,Cerrado,17,0.0,1.0,5.7,-20.33354,-48.64281
2020/09/09 17:10:00,AQUA_M-T,Brasil,SÃO PAULO,BARRETOS,Mata Atlântica,17,0.0,1.0,266.9,-20.535,-48.854
2020/09/09 17:10:57,NOAA-20,Brasil,SÃO PAULO,BARRETOS,Mata Atlântica,17,0.0,1.0,,-20.53301,-48.85033
2020/09/09 17:10:57,NOAA-20,Brasil,SÃO PAULO,BARRETOS,Mata Atlântica,17,0.0,1.0,,-20.53802,-48.85352
2020/09/09 17:10:57,NOAA-20,Brasil,SÃO PAULO,BARRETOS,Mata Atlântica,17,0.0,1.0,,-20.53724,-48.84942
2020/09/09 17:10:57,NOAA-20,Brasil,SÃO PAULO,BARRETOS,Mata Atlântica,17,0.0,1.0,,-20.54226,-48.85263
2020/09/09 17:10:57,NOAA-20,Brasil,SÃO PAULO,BARRETOS,Mata Atlântica,17,0.0,1.0,,-20.53378,-48.85444
2020/09/09 17:10:57,NOAA-20,Brasil,SÃO PAULO,BARRETOS,Mata Atlântica,17,0.0,1.0,,-20.53647,-48.84532
2020/09/09 18:03:26,MSG-03,Brasil,SÃO PAULO,BARRETOS,Mata Atlântica,17,0.0,1.0,,-20.53,-48.83
2020/09/09 18:33:18,GOES-16,Brasil,SÃO PAULO,BARRETOS,Mata Atlântica,18,0.0,1.0,,-20.57,-48.83
2020/09/09 18:53:18,GOES-16,Brasil,SÃO PAULO,BARRETOS,Mata Atlântica,18,0.0,1.0,,-20.57,-48.83
2020/09/09 19:03:18,GOES-16,Brasil,SÃO PAULO,BARRETOS,Mata Atlântica,18,0.0,1.0,,-20.57,-48.83
2020/09/09 19:13:18,GOES-16,Brasil,SÃO PAULO,BARRETOS,Mata Atlântica,17,0.0,1.0,,-20.55,-48.84
2020/09/09 19:33:17,GOES-16,Brasil,SÃO PAULO,BARRETOS,Mata Atlântica,17,0.0,1.0,,-20.55,-48.84
2020/09/09 19:43:18,GOES-16,Brasil,SÃO PAULO,BARRETOS,Mata Atlântica,17,0.0,1.0,,-20.55,-48.84
2020/09/09 20:03:18,GOES-16,Brasil,SÃO PAULO,BARRETOS,Mata Atlântica,17,0.0,1.0,,-20.55,-48.84
2020/09/09 20:13:18,GOES-16,Brasil,SÃO PAULO,BARRETOS,Mata Atlântica,17,0.0,1.0,,-20.55,-48.84
2020/09/09 20:33:18,GOES-16,Brasil,SÃO PAULO,BARRETOS,Mata Atlântica,17,0.0,1.0,,-20.55,-48.84
2020/09/09 21:13:18,GOES-16,Brasil,SÃO PAULO,BARRETOS,Mata Atlântica,17,0.0,1.0,,-20.55,-48.84
2020/09/09 23:33:18,GOES-16,Brasil,SÃO PAULO,BARRETOS,Mata Atlântica,17,0.0,1.0,,-20.55,-48.84
2020/09/09 23:33:18,GOES-16,Brasil,SÃO PAULO,BARRETOS,Mata Atlântica,17,0.0,1.0,,-20.53,-48.84
2020/09/10 00:11:48,METOP-B,Brasil,SÃO PAULO,BARRETOS,Mata Atlântica,17,0.0,1.0,,-20.54990005493164,-48.823699951171875
2020/09/10 00:11:48,METOP-B,Brasil,SÃO PAULO,BARRETOS,Mata Atlântica,17,0.0,1.0,,-20.559600830078125,-48.82210159301758
2020/09/10 00:11:48,METOP-B,Brasil,SÃO PAULO,BARRETOS,Mata Atlântica,18,0.0,1.0,,-20.555200576782227,-48.79359817504883
2020/09/10 00:11:48,METOP-B,Brasil,SÃO PAULO,BARRETOS,Mata Atlântica,18,0.0,1.0,,-20.545499801635742,-48.79520034790039
2020/09/10 00:11:49,METOP-B,Brasil,SÃO PAULO,BARRETOS,Mata Atlântica,18,0.0,1.0,,-20.535900115966797,-48.79679870605469
2020/09/10 00:11:49,METOP-B,Brasil,SÃO PAULO,BARRETOS,Mata Atlântica,17,0.0,1.0,,-20.540300369262695,-48.82529830932617
2020/09/10 16:06:00,NPP-375,Brasil,SÃO PAULO,BARRETOS,Cerrado,19,0.0,1.0,10.3,-20.55045,-48.6172
2020/09/10 16:06:00,NPP-375,Brasil,SÃO PAULO,BARRETOS,Cerrado,19,0.0,1.0,10.3,-20.55002,-48.61264
2020/09/10 16:06:00,NPP-375,Brasil,SÃO PAULO,BARRETOS,Cerrado,19,0.0,1.0,17.0,-20.54978,-48.6161
2020/09/10 16:06:00,NPP-375,Brasil,SÃO PAULO,BARRETOS,Cerrado,19,0.0,1.0,13.8,-20.54939,-48.6116
2020/09/10 16:54:43,NOAA-20,Brasil,SÃO PAULO,BARRETOS,Cerrado,19,0.0,1.0,,-20.54856,-48.61676
2020/09/10 16:54:43,NOAA-20,Brasil,SÃO PAULO,BARRETOS,Cerrado,19,0.0,1.0,,-20.55133,-48.61229
2020/09/10 16:54:43,NOAA-20,Brasil,SÃO PAULO,BARRETOS,Cerrado,19,0.0,1.0,,-20.55472,-48.61167
2020/09/10 16:54:43,NOAA-20,Brasil,SÃO PAULO,BARRETOS,Cerrado,19,0.0,1.0,,-20.54794,-48.6129
2020/09/10 17:48:00,NPP-375,Brasil,SÃO PAULO,BARRETOS,Cerrado,19,0.0,1.0,7.0,-20.54627,-48.61591
2020/09/10 21:43:18,GOES-16,Brasil,SÃO PAULO,BARRETOS,Cerrado,19,0.0,1.0,,-20.64,-48.66
2020/09/11 04:04:24,NOAA-20,Brasil,SÃO PAULO,BARRETOS,Cerrado,20,0.0,1.0,,-20.56213,-48.62002
2020/09/11 05:00:00,NPP-375D,Brasil,SÃO PAULO,BARRETOS,Cerrado,20,0.0,1.0,0.5,-20.56335,-48.6185
2020/09/11 05:00:00,NPP-375D,Brasil,SÃO PAULO,BARRETOS,Cerrado,20,0.0,1.0,0.5,-20.55824,-48.61792
2020/09/11 14:15:00,TERRA_M-T,Brasil,SÃO PAULO,BARRETOS,Cerrado,20,0.0,1.0,86.2,-20.373,-48.7
2020/09/11 14:15:00,TERRA_M-T,Brasil,SÃO PAULO,BARRETOS,Cerrado,20,0.0,1.0,231.8,-20.39,-48.694
2020/09/11 14:15:00,TERRA_M-T,Brasil,SÃO PAULO,BARRETOS,Cerrado,20,0.0,1.0,228.6,-20.39,-48.702
2020/09/11 14:15:00,TERRA_M-T,Brasil,SÃO PAULO,BARRETOS,Cerrado,20,0.0,1.0,419.3,-20.407,-48.696
2020/09/11 14:15:00,TERRA_M-T,Brasil,SÃO PAULO,BARRETOS,Cerrado,20,0.0,1.0,92.5,-20.372,-48.693
2020/09/11 14:15:00,TERRA_M-T,Brasil,SÃO PAULO,BARRETOS,Cerrado,20,0.0,1.0,351.4,-20.408,-48.703
2020/09/11 14:15:00,TERRA_M-T,Brasil,SÃO PAULO,BARRETOS,Cerrado,20,0.0,1.0,60.3,-20.411,-48.66
2020/09/11 15:03:28,MSG-03,Brasil,SÃO PAULO,BARRETOS,Cerrado,20,0.0,1.0,,-20.43,-48.72
2020/09/11 16:36:26,NOAA-20,Brasil,SÃO PAULO,BARRETOS,Cerrado,20,0.0,1.0,,-20.40518,-48.7093
2020/09/11 16:36:26,NOAA-20,Brasil,SÃO PAULO,BARRETOS,Cerrado,20,0.0,1.0,,-20.40101,-48.70552
2020/09/11 16:36:26,NOAA-20,Brasil,SÃO PAULO,BARRETOS,Cerrado,20,0.0,1.0,,-20.40219,-48.71418
2020/09/11 16:36:26,NOAA-20,Brasil,SÃO PAULO,BARRETOS,Cerrado,20,0.0,1.0,,-20.39924,-48.69257
2020/09/11 16:36:26,NOAA-20,Brasil,SÃO PAULO,BARRETOS,Cerrado,20,0.0,1.0,,-20.4016,-48.70985
2020/09/11 16:36:26,NOAA-20,Brasil,SÃO PAULO,BARRETOS,Cerrado,19,0.0,1.0,,-20.40277,-48.71849
2020/09/11 16:36:26,NOAA-20,Brasil,SÃO PAULO,BARRETOS,Cerrado,20,0.0,1.0,,-20.39743,-48.70608
2020/09/11 16:36:26,NOAA-20,Brasil,SÃO PAULO,BARRETOS,Cerrado,20,0.0,1.0,,-20.3992,-48.71906
2020/09/11 16:36:26,NOAA-20,Brasil,SÃO PAULO,BARRETOS,Cerrado,20,0.0,1.0,,-20.39445,-48.71097
2020/09/11 16:36:26,NOAA-20,Brasil,SÃO PAULO,BARRETOS,Cerrado,20,0.0,1.0,,-20.38851,-48.69415
2020/09/11 16:36:26,NOAA-20,Brasil,SÃO PAULO,BARRETOS,Cerrado,20,0.0,1.0,,-20.38729,-48.71209
2020/09/11 16:36:26,NOAA-20,Brasil,SÃO PAULO,BARRETOS,Cerrado,20,0.0,1.0,,-20.41105,-48.68335
2020/09/11 16:36:26,NOAA-20,Brasil,SÃO PAULO,BARRETOS,Cerrado,20,0.0,1.0,,-20.41446,-48.70921
2020/09/11 16:36:26,NOAA-20,Brasil,SÃO PAULO,BARRETOS,Cerrado,20,0.0,1.0,,-20.40804,-48.68816
2020/09/11 16:36:26,NOAA-20,Brasil,SÃO PAULO,BARRETOS,Cerrado,20,0.0,1.0,,-20.41088,-48.70973
2020/09/11 16:36:26,NOAA-20,Brasil,SÃO PAULO,BARRETOS,Cerrado,20,0.0,1.0,,-20.38312,-48.70827
2020/09/11 16:36:26,NOAA-20,Brasil,SÃO PAULO,BARRETOS,Cerrado,20,0.0,1.0,,-20.38371,-48.71263
2020/09/11 16:36:26,NOAA-20,Brasil,SÃO PAULO,BARRETOS,Cerrado,20,0.0,1.0,,-20.37955,-48.70882
2020/09/11 16:36:26,NOAA-20,Brasil,SÃO PAULO,BARRETOS,Cerrado,20,0.0,1.0,,-20.39802,-48.71041
2020/09/11 16:36:26,NOAA-20,Brasil,SÃO PAULO,BARRETOS,Cerrado,20,0.0,1.0,,-20.41239,-48.68193
2020/09/11 16:36:26,NOAA-20,Brasil,SÃO PAULO,BARRETOS,Cerrado,20,0.0,1.0,,-20.41463,-48.68283
2020/09/11 16:36:26,NOAA-20,Brasil,SÃO PAULO,BARRETOS,Cerrado,20,0.0,1.0,,-20.41747,-48.70437
2020/09/11 16:36:26,NOAA-20,Brasil,SÃO PAULO,BARRETOS,Cerrado,19,0.0,1.0,,-20.39861,-48.71474
2020/09/11 16:36:26,NOAA-20,Brasil,SÃO PAULO,BARRETOS,Cerrado,20,0.0,1.0,,-20.41593,-48.70775
2020/09/11 16:36:26,NOAA-20,Brasil,SÃO PAULO,BARRETOS,Cerrado,20,0.0,1.0,,-20.4094,-48.68674
2020/09/11 16:36:26,NOAA-20,Brasil,SÃO PAULO,BARRETOS,Cerrado,20,0.0,1.0,,-20.40523,-48.68293
2020/09/11 16:36:26,NOAA-20,Brasil,SÃO PAULO,BARRETOS,Cerrado,20,0.0,1.0,,-20.4064,-48.69154
2020/09/11 16:36:26,NOAA-20,Brasil,SÃO PAULO,BARRETOS,Cerrado,20,0.0,1.0,,-20.40876,-48.70878
2020/09/11 16:36:26,NOAA-20,Brasil,SÃO PAULO,BARRETOS,Cerrado,20,0.0,1.0,,-20.40994,-48.71741
2020/09/11 16:36:26,NOAA-20,Brasil,SÃO PAULO,BARRETOS,Cerrado,20,0.0,1.0,,-20.40935,-48.71311
2020/09/11 16:36:26,NOAA-20,Brasil,SÃO PAULO,BARRETOS,Cerrado,20,0.0,1.0,,-20.40577,-48.71363
2020/09/11 16:36:26,NOAA-20,Brasil,SÃO PAULO,BARRETOS,Cerrado,20,0.0,1.0,,-20.40635,-48.71794
2020/09/11 16:36:26,NOAA-20,Brasil,SÃO PAULO,BARRETOS,Cerrado,20,0.0,1.0,,-20.40282,-48.69205
2020/09/11 16:36:26,NOAA-20,Brasil,SÃO PAULO,BARRETOS,Cerrado,20,0.0,1.0,,-20.40458,-48.70496
2020/09/11 16:36:26,NOAA-20,Brasil,SÃO PAULO,BARRETOS,Cerrado,20,0.0,1.0,,-20.40694,-48.72226
2020/09/11 17:00:00,AQUA_M-T,Brasil,SÃO PAULO,BARRETOS,Cerrado,20,0.0,1.0,469.5,-20.423,-48.717
2020/09/11 17:00:00,AQUA_M-T,Brasil,SÃO PAULO,BARRETOS,Cerrado,20,0.0,1.0,29.0,-20.421,-48.708
2020/09/11 17:00:00,AQUA_M-T,Brasil,SÃO PAULO,BARRETOS,Cerrado,20,0.0,1.0,54.4,-20.385,-48.714
2020/09/11 17:00:00,AQUA_M-T,Brasil,SÃO PAULO,BARRETOS,Cerrado,20,0.0,1.0,25.9,-20.394,-48.712
2020/09/11 17:00:00,AQUA_M-T,Brasil,SÃO PAULO,BARRETOS,Cerrado,20,0.0,1.0,41.2,-20.403,-48.711
2020/09/11 17:00:00,AQUA_M-T,Brasil,SÃO PAULO,BARRETOS,Cerrado,20,0.0,1.0,45.3,-20.405,-48.72
2020/09/11 17:00:00,AQUA_M-T,Brasil,SÃO PAULO,BARRETOS,Cerrado,20,0.0,1.0,26.6,-20.411,-48.7
2020/09/11 17:00:00,AQUA_M-T,Brasil,SÃO PAULO,BARRETOS,Cerrado,20,0.0,1.0,123.5,-20.412,-48.709
2020/09/11 17:00:00,AQUA_M-T,Brasil,SÃO PAULO,BARRETOS,Cerrado,20,0.0,1.0,810.4,-20.414,-48.719
2020/09/11 17:00:00,AQUA_M-T,Brasil,SÃO PAULO,BARRETOS,Cerrado,20,0.0,1.0,118.2,-20.415,-48.728
2020/09/11 17:00:00,AQUA_M-T,Brasil,SÃO PAULO,BARRETOS,Cerrado,20,0.0,1.0,33.9,-20.419,-48.689
2020/09/11 17:00:00,AQUA_M-T,Brasil,SÃO PAULO,BARRETOS,Cerrado,19,0.0,1.0,268.6,-20.424,-48.727
2020/09/11 17:03:27,MSG-03,Brasil,SÃO PAULO,BARRETOS,Cerrado,20,0.0,1.0,,-20.4,-48.71
2020/09/11 17:30:00,NPP-375,Brasil,SÃO PAULO,BARRETOS,Cerrado,20,0.0,1.0,127.7,-20.41404,-48.7239
2020/09/11 17:30:00,NPP-375,Brasil,SÃO PAULO,BARRETOS,Cerrado,20,0.0,1.0,82.9,-20.41547,-48.73075
2020/09/11 17:30:00,NPP-375,Brasil,SÃO PAULO,BARRETOS,Cerrado,20,0.0,1.0,11.3,-20.39778,-48.69891
2020/09/11 17:30:00,NPP-375,Brasil,SÃO PAULO,BARRETOS,Cerrado,20,0.0,1.0,8.8,-20.4225,-48.71964
2020/09/11 17:30:00,NPP-375,Brasil,SÃO PAULO,BARRETOS,Cerrado,20,0.0,1.0,8.8,-20.42174,-48.71614
2020/09/11 17:30:00,NPP-375,Brasil,SÃO PAULO,BARRETOS,Cerrado,20,0.0,1.0,7.2,-20.42098,-48.71264
2020/09/11 17:30:00,NPP-375,Brasil,SÃO PAULO,BARRETOS,Cerrado,20,0.0,1.0,82.9,-20.42071,-48.72953
2020/09/11 17:30:00,NPP-375,Brasil,SÃO PAULO,BARRETOS,Cerrado,20,0.0,1.0,82.9,-20.41999,-48.72612
2020/09/11 17:30:00,NPP-375,Brasil,SÃO PAULO,BARRETOS,Cerrado,20,0.0,1.0,127.7,-20.41854,-48.7192
2020/09/11 17:30:00,NPP-375,Brasil,SÃO PAULO,BARRETOS,Cerrado,20,0.0,1.0,41.3,-20.4178,-48.71568
2020/09/11 17:30:00,NPP-375,Brasil,SÃO PAULO,BARRETOS,Cerrado,20,0.0,1.0,41.3,-20.41707,-48.71217
2020/09/11 17:30:00,NPP-375,Brasil,SÃO PAULO,BARRETOS,Cerrado,20,0.0,1.0,7.8,-20.39635,-48.6921
2020/09/11 17:30:00,NPP-375,Brasil,SÃO PAULO,BARRETOS,Cerrado,20,0.0,1.0,3.5,-20.39111,-48.69337
2020/09/11 17:30:00,NPP-375,Brasil,SÃO PAULO,BARRETOS,Cerrado,20,0.0,1.0,5.8,-20.38416,-48.71256
2020/09/11 17:30:00,NPP-375,Brasil,SÃO PAULO,BARRETOS,Cerrado,20,0.0,1.0,5.8,-20.37963,-48.71713
2020/09/11 17:30:00,NPP-375,Brasil,SÃO PAULO,BARRETOS,Cerrado,20,0.0,1.0,5.8,-20.37892,-48.71379
2020/09/11 17:30:00,NPP-375,Brasil,SÃO PAULO,BARRETOS,Cerrado,20,0.0,1.0,8.7,-20.37821,-48.71045
2020/09/11 17:30:00,NPP-375,Brasil,SÃO PAULO,BARRETOS,Cerrado,20,0.0,1.0,8.7,-20.3775,-48.7071
2020/09/11 17:30:00,NPP-375,Brasil,SÃO PAULO,BARRETOS,Cerrado,20,0.0,1.0,71.6,-20.41691,-48.73758
2020/09/11 17:30:00,NPP-375,Brasil,SÃO PAULO,BARRETOS,Cerrado,20,0.0,1.0,9.3,-20.41634,-48.70871
2020/09/11 17:30:00,NPP-375,Brasil,SÃO PAULO,BARRETOS,Cerrado,20,0.0,1.0,71.6,-20.41619,-48.73418
2020/09/11 17:30:00,NPP-375,Brasil,SÃO PAULO,BARRETOS,Cerrado,20,0.0,1.0,9.3,-20.41563,-48.70529
2020/09/11 17:30:00,NPP-375,Brasil,SÃO PAULO,BARRETOS,Cerrado,20,0.0,1.0,82.9,-20.41475,-48.72732
2020/09/11 17:30:00,NPP-375,Brasil,SÃO PAULO,BARRETOS,Cerrado,20,0.0,1.0,4.5,-20.41424,-48.68157
2020/09/11 17:30:00,NPP-375,Brasil,SÃO PAULO,BARRETOS,Cerrado,20,0.0,1.0,41.3,-20.41258,-48.71696
2020/09/11 17:30:00,NPP-375,Brasil,SÃO PAULO,BARRETOS,Cerrado,20,0.0,1.0,41.3,-20.41185,-48.71348
2020/09/11 17:30:00,NPP-375,Brasil,SÃO PAULO,BARRETOS,Cerrado,20,0.0,1.0,9.3,-20.41113,-48.71004
2020/09/11 17:30:00,NPP-375,Brasil,SÃO PAULO,BARRETOS,Cerrado,20,0.0,1.0,15.1,-20.41096,-48.73541
2020/09/11 17:30:00,NPP-375,Brasil,SÃO PAULO,BARRETOS,Cerrado,20,0.0,1.0,39.9,-20.41024,-48.73196
2020/09/11 17:30:00,NPP-375,Brasil,SÃO PAULO,BARRETOS,Cerrado,20,0.0,1.0,39.9,-20.40952,-48.72854
2020/09/11 17:30:00,NPP-375,Brasil,SÃO PAULO,BARRETOS,Cerrado,20,0.0,1.0,5.7,-20.4088,-48.72513
2020/09/11 17:30:00,NPP-375,Brasil,SÃO PAULO,BARRETOS,Cerrado,20,0.0,1.0,5.7,-20.40808,-48.7217
2020/09/11 17:30:00,NPP-375,Brasil,SÃO PAULO,BARRETOS,Cerrado,20,0.0,1.0,9.0,-20.40736,-48.71825
2020/09/11 17:30:00,NPP-375,Brasil,SÃO PAULO,BARRETOS,Cerrado,20,0.0,1.0,9.0,-20.40663,-48.71479
2020/09/11 17:30:00,NPP-375,Brasil,SÃO PAULO,BARRETOS,Cerrado,20,0.0,1.0,6.8,-20.40606,-48.68594
2020/09/11 17:30:00,NPP-375,Brasil,SÃO PAULO,BARRETOS,Cerrado,20,0.0,1.0,10.3,-20.40591,-48.71137
2020/09/11 17:30:00,NPP-375,Brasil,SÃO PAULO,BARRETOS,Cerrado,20,0.0,1.0,10.3,-20.4052,-48.70799
2020/09/11 17:30:00,NPP-375,Brasil,SÃO PAULO,BARRETOS,Cerrado,20,0.0,1.0,43.6,-20.40449,-48.70461
2020/09/11 17:30:00,NPP-375,Brasil,SÃO PAULO,BARRETOS,Cerrado,20,0.0,1.0,43.6,-20.40376,-48.70116
2020/09/11 17:30:00,NPP-375,Brasil,SÃO PAULO,BARRETOS,Cerrado,20,0.0,1.0,5.7,-20.40356,-48.72632
2020/09/11 17:30:00,NPP-375,Brasil,SÃO PAULO,BARRETOS,Cerrado,20,0.0,1.0,5.7,-20.40284,-48.72289
2020/09/11 17:30:00,NPP-375,Brasil,SÃO PAULO,BARRETOS,Cerrado,20,0.0,1.0,11.3,-20.4023,-48.69423
2020/09/11 17:30:00,NPP-375,Brasil,SÃO PAULO,BARRETOS,Cerrado,20,0.0,1.0,9.0,-20.40211,-48.71944
2020/09/11 17:30:00,NPP-375,Brasil,SÃO PAULO,BARRETOS,Cerrado,20,0.0,1.0,9.0,-20.40138,-48.71598
2020/09/11 17:30:00,NPP-375,Brasil,SÃO PAULO,BARRETOS,Cerrado,20,0.0,1.0,10.3,-20.40066,-48.71255
2020/09/11 17:30:00,NPP-375,Brasil,SÃO PAULO,BARRETOS,Cerrado,20,0.0,1.0,10.3,-20.39994,-48.70914
2020/09/11 17:30:00,NPP-375,Brasil,SÃO PAULO,BARRETOS,Cerrado,20,0.0,1.0,43.6,-20.39922,-48.70573
2020/09/11 17:30:00,NPP-375,Brasil,SÃO PAULO,BARRETOS,Cerrado,20,0.0,1.0,43.6,-20.3985,-48.70232
2020/09/11 17:53:19,GOES-16,Brasil,SÃO PAULO,BARRETOS,Cerrado,20,0.0,1.0,,-20.39,-48.74
2020/09/11 17:53:19,GOES-16,Brasil,SÃO PAULO,BARRETOS,Cerrado,19,0.0,1.0,,-20.43,-48.75
2020/09/11 17:53:19,GOES-16,Brasil,SÃO PAULO,BARRETOS,Cerrado,20,0.0,1.0,,-20.39,-48.71
2020/09/11 18:03:19,GOES-16,Brasil,SÃO PAULO,BARRETOS,Cerrado,20,0.0,1.0,,-20.39,-48.74
2020/09/11 18:03:19,GOES-16,Brasil,SÃO PAULO,BARRETOS,Cerrado,20,0.0,1.0,,-20.39,-48.71
2020/09/11 18:03:19,GOES-16,Brasil,SÃO PAULO,BARRETOS,Cerrado,19,0.0,1.0,,-20.43,-48.75
2020/09/11 18:03:19,GOES-16,Brasil,SÃO PAULO,BARRETOS,Cerrado,19,0.0,1.0,,-20.41,-48.75
2020/09/11 18:03:28,MSG-03,Brasil,SÃO PAULO,BARRETOS,Cerrado,20,0.0,1.0,,-20.4,-48.71
2020/09/11 18:03:28,MSG-03,Brasil,SÃO PAULO,BARRETOS,Cerrado,19,0.0,1.0,,-20.4,-48.76
2020/09/11 18:13:18,GOES-16,Brasil,SÃO PAULO,BARRETOS,Cerrado,20,0.0,1.0,,-20.39,-48.74
2020/09/11 18:13:18,GOES-16,Brasil,SÃO PAULO,BARRETOS,Cerrado,19,0.0,1.0,,-20.41,-48.75
2020/09/11 18:33:18,GOES-16,Brasil,SÃO PAULO,BARRETOS,Cerrado,20,0.0,1.0,,-20.43,-48.7
2020/09/11 18:33:18,GOES-16,Brasil,SÃO PAULO,BARRETOS,Cerrado,20,0.0,1.0,,-20.43,-48.73
2020/09/11 18:53:19,GOES-16,Brasil,SÃO PAULO,BARRETOS,Cerrado,20,0.0,1.0,,-20.43,-48.73
2020/09/11 18:53:19,GOES-16,Brasil,SÃO PAULO,BARRETOS,Cerrado,20,0.0,1.0,,-20.41,-48.71
2020/09/11 18:53:19,GOES-16,Brasil,SÃO PAULO,BARRETOS,Cerrado,20,0.0,1.0,,-20.41,-48.73
2020/09/11 19:03:19,GOES-16,Brasil,SÃO PAULO,BARRETOS,Cerrado,20,0.0,1.0,,-20.41,-48.73
2020/09/11 19:03:19,GOES-16,Brasil,SÃO PAULO,BARRETOS,Cerrado,20,0.0,1.0,,-20.43,-48.73
2020/09/11 19:03:19,GOES-16,Brasil,SÃO PAULO,BARRETOS,Cerrado,20,0.0,1.0,,-20.43,-48.7
2020/09/11 19:03:19,GOES-16,Brasil,SÃO PAULO,BARRETOS,Cerrado,20,0.0,1.0,,-20.41,-48.71
2020/09/11 19:13:19,GOES-16,Brasil,SÃO PAULO,BARRETOS,Cerrado,20,0.0,1.0,,-20.41,-48.71
2020/09/11 19:13:19,GOES-16,Brasil,SÃO PAULO,BARRETOS,Cerrado,20,0.0,1.0,,-20.41,-48.73
2020/09/11 19:33:19,GOES-16,Brasil,SÃO PAULO,BARRETOS,Cerrado,20,0.0,1.0,,-20.41,-48.73
2020/09/11 19:33:19,GOES-16,Brasil,SÃO PAULO,BARRETOS,Cerrado,20,0.0,1.0,,-20.43,-48.73
2020/09/11 19:33:19,GOES-16,Brasil,SÃO PAULO,BARRETOS,Cerrado,20,0.0,1.0,,-20.43,-48.7
2020/09/11 19:43:18,GOES-16,Brasil,SÃO PAULO,BARRETOS,Cerrado,20,0.0,1.0,,-20.43,-48.7
2020/09/11 19:43:18,GOES-16,Brasil,SÃO PAULO,BARRETOS,Cerrado,20,0.0,1.0,,-20.41,-48.73
2020/09/11 19:43:18,GOES-16,Brasil,SÃO PAULO,BARRETOS,Cerrado,20,0.0,1.0,,-20.41,-48.71
2020/09/11 19:43:18,GOES-16,Brasil,SÃO PAULO,BARRETOS,Cerrado,20,0.0,1.0,,-20.43,-48.73
2020/09/11 20:03:18,GOES-16,Brasil,SÃO PAULO,BARRETOS,Cerrado,20,0.0,1.0,,-20.41,-48.73
2020/09/11 20:03:18,GOES-16,Brasil,SÃO PAULO,BARRETOS,Cerrado,20,0.0,1.0,,-20.41,-48.71
2020/09/11 20:33:19,GOES-16,Brasil,SÃO PAULO,BARRETOS,Cerrado,20,0.0,1.0,,-20.43,-48.73
2020/09/12 04:42:00,NPP-375D,Brasil,SÃO PAULO,BARRETOS,Cerrado,21,0.0,1.0,1.3,-20.41166,-48.73941
2020/09/12 04:42:00,NPP-375D,Brasil,SÃO PAULO,BARRETOS,Cerrado,21,0.0,1.0,1.3,-20.41541,-48.73997
2020/09/12 04:42:00,NPP-375D,Brasil,SÃO PAULO,BARRETOS,Cerrado,21,0.0,1.0,1.3,-20.41605,-48.73523
2020/09/12 04:42:00,NPP-375D,Brasil,SÃO PAULO,BARRETOS,Cerrado,21,0.0,1.0,5.5,-20.39925,-48.71806
2020/09/12 04:42:00,NPP-375D,Brasil,SÃO PAULO,BARRETOS,Cerrado,21,0.0,1.0,24.7,-20.39862,-48.7228
2020/09/12 04:42:00,NPP-375D,Brasil,SÃO PAULO,BARRETOS,Cerrado,21,0.0,1.0,1.3,-20.39551,-48.71746
2020/09/12 04:42:00,NPP-375D,Brasil,SÃO PAULO,BARRETOS,Cerrado,21,0.0,1.0,0.3,-20.4167,-48.73048
2020/09/12 04:42:00,NPP-375D,Brasil,SÃO PAULO,BARRETOS,Cerrado,21,0.0,1.0,2.1,-20.38369,-48.69149
2020/09/12 04:42:00,NPP-375D,Brasil,SÃO PAULO,BARRETOS,Cerrado,21,0.0,1.0,0.9,-20.39487,-48.72219
2020/09/12 04:42:00,NPP-375D,Brasil,SÃO PAULO,BARRETOS,Cerrado,21,0.0,1.0,24.7,-20.40236,-48.72342
2020/09/12 04:42:00,NPP-375D,Brasil,SÃO PAULO,BARRETOS,Cerrado,21,0.0,1.0,2.4,-20.4198,-48.73579
2020/09/12 04:42:00,NPP-375D,Brasil,SÃO PAULO,BARRETOS,Cerrado,21,0.0,1.0,24.7,-20.40172,-48.72815
2020/09/12 04:42:00,NPP-375D,Brasil,SÃO PAULO,BARRETOS,Cerrado,21,0.0,1.0,1.0,-20.4061,-48.72402
2020/09/12 16:17:57,NOAA-20,Brasil,SÃO PAULO,BARRETOS,Cerrado,21,0.0,1.0,,-20.38328,-48.69405
2020/09/12 17:12:00,NPP-375,Brasil,SÃO PAULO,BARRETOS,Cerrado,21,0.0,1.0,5.8,-20.49096,-48.56087
2020/09/12 17:12:00,NPP-375,Brasil,SÃO PAULO,BARRETOS,Cerrado,21,0.0,1.0,9.7,-20.38283,-48.69564
2020/09/12 23:33:19,GOES-16,Brasil,SÃO PAULO,BARRETOS,Cerrado,21,0.0,1.0,,-20.39,-48.64
2020/09/12 23:53:19,GOES-16,Brasil,SÃO PAULO,BARRETOS,Cerrado,21,0.0,1.0,,-20.41,-48.66
2020/09/12 23:53:19,GOES-16,Brasil,SÃO PAULO,BARRETOS,Cerrado,21,0.0,1.0,,-20.41,-48.64
2020/09/13 00:03:20,GOES-16,Brasil,SÃO PAULO,BARRETOS,Cerrado,22,0.0,1.0,,-20.39,-48.64
2020/09/13 00:13:18,GOES-16,Brasil,SÃO PAULO,BARRETOS,Cerrado,22,0.0,1.0,,-20.39,-48.67
2020/09/13 03:29:53,NOAA-20,Brasil,SÃO PAULO,BARRETOS,Cerrado,22,0.0,1.0,,-20.38932,-48.71158
2020/09/13 03:29:53,NOAA-20,Brasil,SÃO PAULO,BARRETOS,Cerrado,22,0.0,1.0,,-20.38684,-48.71206
2020/09/13 04:18:00,NPP-375D,Brasil,SÃO PAULO,BARRETOS,Cerrado,22,0.0,1.0,6.3,-20.38964,-48.70922
2020/09/13 04:18:00,NPP-375D,Brasil,SÃO PAULO,BARRETOS,Cerrado,22,0.0,1.0,6.3,-20.39298,-48.70984
2020/09/13 04:18:00,NPP-375D,Brasil,SÃO PAULO,BARRETOS,Cerrado,22,0.0,1.0,1.3,-20.3787,-48.69185
2020/09/13 04:18:00,NPP-375D,Brasil,SÃO PAULO,BARRETOS,Cerrado,22,0.0,1.0,0.8,-20.3793,-48.68812
2020/09/13 04:35:00,AQUA_M-M,Brasil,SÃO PAULO,BARRETOS,Cerrado,22,0.0,1.0,14.5,-20.386,-48.709
2020/09/13 04:35:00,AQUA_M-M,Brasil,SÃO PAULO,BARRETOS,Cerrado,22,0.0,1.0,18.5,-20.395,-48.711
2020/09/13 05:05:57,NOAA-20,Brasil,SÃO PAULO,BARRETOS,Cerrado,22,0.0,1.0,,-20.39022,-48.71427
2020/09/13 05:05:57,NOAA-20,Brasil,SÃO PAULO,BARRETOS,Cerrado,22,0.0,1.0,,-20.39065,-48.70945
2020/09/13 06:03:20,GOES-16,Brasil,SÃO PAULO,BARRETOS,Cerrado,22,0.0,1.0,,-20.39,-48.71
2020/09/13 06:03:20,GOES-16,Brasil,SÃO PAULO,BARRETOS,Cerrado,22,0.0,1.0,,-20.39,-48.69
2020/09/13 14:00:00,TERRA_M-T,Brasil,SÃO PAULO,BARRETOS,Cerrado,22,0.0,1.0,53.7,-20.401,-48.711
2020/09/13 16:00:33,NOAA-20,Brasil,SÃO PAULO,BARRETOS,Cerrado,22,0.0,1.0,,-20.39796,-48.71101
2020/09/13 16:48:00,NPP-375,Brasil,SÃO PAULO,BARRETOS,Mata Atlântica,22,0.0,1.0,30.5,-20.71335,-48.76628
2020/09/13 16:48:00,NPP-375,Brasil,SÃO PAULO,BARRETOS,Mata Atlântica,22,0.0,1.0,36.6,-20.71059,-48.77055
2020/09/13 16:48:00,NPP-375,Brasil,SÃO PAULO,BARRETOS,Cerrado,22,0.0,1.0,4.4,-20.38033,-48.68792
2020/09/13 17:38:44,NOAA-20,Brasil,SÃO PAULO,BARRETOS,Mata Atlântica,22,0.0,1.0,,-20.71622,-48.78506
2020/09/13 17:38:44,NOAA-20,Brasil,SÃO PAULO,BARRETOS,Mata Atlântica,22,0.0,1.0,,-20.71902,-48.78173
2020/09/13 17:38:44,NOAA-20,Brasil,SÃO PAULO,BARRETOS,Mata Atlântica,22,0.0,1.0,,-20.71657,-48.77143
2020/09/13 17:38:44,NOAA-20,Brasil,SÃO PAULO,BARRETOS,Mata Atlântica,22,0.0,1.0,,-20.70911,-48.76775
2020/09/13 17:38:44,NOAA-20,Brasil,SÃO PAULO,BARRETOS,Mata Atlântica,22,0.0,1.0,,-20.71506,-48.78002
2020/09/13 17:38:44,NOAA-20,Brasil,SÃO PAULO,BARRETOS,Cerrado,22,0.0,1.0,,-20.49512,-48.55892
2020/09/13 17:38:44,NOAA-20,Brasil,SÃO PAULO,BARRETOS,Mata Atlântica,22,0.0,1.0,,-20.70763,-48.77632
2020/09/13 17:38:44,NOAA-20,Brasil,SÃO PAULO,BARRETOS,Mata Atlântica,22,0.0,1.0,,-20.71388,-48.7749
2020/09/13 17:38:44,NOAA-20,Brasil,SÃO PAULO,BARRETOS,Mata Atlântica,22,0.0,1.0,,-20.72005,-48.77315
2020/09/13 17:38:44,NOAA-20,Brasil,SÃO PAULO,BARRETOS,Mata Atlântica,22,0.0,1.0,,-20.71159,-48.77819
2020/09/13 17:38:44,NOAA-20,Brasil,SÃO PAULO,BARRETOS,Mata Atlântica,22,0.0,1.0,,-20.71037,-48.77304
2020/09/13 17:38:44,NOAA-20,Brasil,SÃO PAULO,BARRETOS,Mata Atlântica,22,0.0,1.0,,-20.72126,-48.7784
2020/09/13 17:38:44,NOAA-20,Brasil,SÃO PAULO,BARRETOS,Mata Atlântica,22,0.0,1.0,,-20.71269,-48.76974
2020/09/13 17:38:44,NOAA-20,Brasil,SÃO PAULO,BARRETOS,Mata Atlântica,22,0.0,1.0,,-20.7178,-48.77662
2020/09/13 18:03:17,GOES-16,Brasil,SÃO PAULO,BARRETOS,Mata Atlântica,22,0.0,1.0,,-20.72,-48.75
2020/09/13 18:23:17,GOES-16,Brasil,SÃO PAULO,BARRETOS,Cerrado,22,0.0,1.0,,-20.6,-48.6
2020/09/13 18:23:17,GOES-16,Brasil,SÃO PAULO,BARRETOS,Mata Atlântica,22,0.0,1.0,,-20.72,-48.78
2020/09/13 18:23:17,GOES-16,Brasil,SÃO PAULO,BARRETOS,Cerrado,22,0.0,1.0,,-20.6,-48.62
2020/09/13 18:23:17,GOES-16,Brasil,SÃO PAULO,BARRETOS,Mata Atlântica,22,0.0,1.0,,-20.72,-48.75
2020/09/13 18:33:18,GOES-16,Brasil,SÃO PAULO,BARRETOS,Cerrado,22,0.0,1.0,,-20.6,-48.62
2020/09/13 18:33:18,GOES-16,Brasil,SÃO PAULO,BARRETOS,Mata Atlântica,22,0.0,1.0,,-20.72,-48.78
2020/09/13 18:33:18,GOES-16,Brasil,SÃO PAULO,BARRETOS,Mata Atlântica,20,0.0,1.0,,-20.45,-48.88
2020/09/13 18:33:18,GOES-16,Brasil,SÃO PAULO,BARRETOS,Cerrado,22,0.0,1.0,,-20.6,-48.6
2020/09/13 18:43:17,GOES-16,Brasil,SÃO PAULO,BARRETOS,Cerrado,22,0.0,1.0,,-20.6,-48.6
2020/09/13 18:43:17,GOES-16,Brasil,SÃO PAULO,BARRETOS,Cerrado,22,0.0,1.0,,-20.6,-48.62
2020/09/13 18:43:17,GOES-16,Brasil,SÃO PAULO,BARRETOS,Mata Atlântica,22,0.0,1.0,,-20.72,-48.78
2020/09/13 18:43:19,GOES-16,Brasil,SÃO PAULO,BARRETOS,Mata Atlântica,20,0.0,1.0,,-20.45,-48.88
2020/09/13 19:03:16,GOES-16,Brasil,SÃO PAULO,BARRETOS,Mata Atlântica,22,0.0,1.0,,-20.72,-48.78
2020/09/13 19:13:18,GOES-16,Brasil,SÃO PAULO,BARRETOS,Mata Atlântica,22,0.0,1.0,,-20.72,-48.78
2020/09/14 04:00:00,NPP-375D,Brasil,SÃO PAULO,BARRETOS,Cerrado,23,0.0,1.0,3.5,-20.50942,-48.60332
2020/09/14 04:00:00,NPP-375D,Brasil,SÃO PAULO,BARRETOS,Cerrado,23,0.0,1.0,3.5,-20.50868,-48.60714
2020/09/14 20:03:18,GOES-16,Brasil,SÃO PAULO,BARRETOS,Mata Atlântica,23,0.0,1.0,,-20.49,-48.74
2020/09/14 21:59:03,NOAA-19,Brasil,SÃO PAULO,BARRETOS,Cerrado,23,0.0,1.0,,-20.5845603943,-48.6744842529
2020/09/14 21:59:03,NOAA-19,Brasil,SÃO PAULO,BARRETOS,Cerrado,23,0.0,1.0,,-20.5868148804,-48.6860275269
2020/09/16 15:54:00,NPP-375,Brasil,SÃO PAULO,BARRETOS,Mata Atlântica,25,0.0,1.0,8.2,-20.71423,-48.7539
2020/09/16 15:54:00,NPP-375,Brasil,SÃO PAULO,BARRETOS,Mata Atlântica,25,0.0,1.0,9.0,-20.71088,-48.75368
2020/09/16 15:54:00,NPP-375,Brasil,SÃO PAULO,BARRETOS,Mata Atlântica,25,0.0,1.0,10.1,-20.71037,-48.7464
2020/09/16 16:42:27,NOAA-20,Brasil,SÃO PAULO,BARRETOS,Mata Atlântica,25,0.0,1.0,,-20.71285,-48.75024
2020/09/16 18:33:18,GOES-16,Brasil,SÃO PAULO,BARRETOS,Cerrado,25,0.0,1.0,,-20.68,-48.65
2020/09/16 18:33:18,GOES-16,Brasil,SÃO PAULO,BARRETOS,Cerrado,25,0.0,1.0,,-20.7,-48.62
2020/09/16 18:43:17,GOES-16,Brasil,SÃO PAULO,BARRETOS,Cerrado,25,0.0,1.0,,-20.7,-48.62
2020/09/17 16:20:28,NOAA-20,Brasil,SÃO PAULO,BARRETOS,Cerrado,26,0.0,1.0,,-20.53458,-48.64621
2020/09/17 16:20:28,NOAA-20,Brasil,SÃO PAULO,BARRETOS,Cerrado,26,0.0,1.0,,-20.53989,-48.65407
2020/09/17 20:53:19,GOES-16,Brasil,SÃO PAULO,BARRETOS,Cerrado,21,0.0,1.0,,-20.39,-48.8
2020/09/17 20:53:19,GOES-16,Brasil,SÃO PAULO,BARRETOS,Cerrado,22,0.0,1.0,,-20.41,-48.8
2020/09/17 20:53:19,GOES-16,Brasil,SÃO PAULO,BARRETOS,Cerrado,21,0.0,1.0,,-20.41,-48.82
2020/09/17 20:53:19,GOES-16,Brasil,SÃO PAULO,BARRETOS,Cerrado,19,0.0,1.0,,-20.39,-48.83
2020/09/17 21:03:20,GOES-16,Brasil,SÃO PAULO,BARRETOS,Cerrado,22,0.0,1.0,,-20.41,-48.8
2020/09/17 21:03:20,GOES-16,Brasil,SÃO PAULO,BARRETOS,Cerrado,21,0.0,1.0,,-20.39,-48.8
2020/09/18 03:33:41,NOAA-20,Brasil,SÃO PAULO,BARRETOS,Mata Atlântica,27,0.0,1.0,,-20.50329,-48.7467
2020/09/18 04:30:00,NPP-375D,Brasil,SÃO PAULO,BARRETOS,Mata Atlântica,27,0.0,1.0,3.7,-20.50667,-48.74382
2020/09/18 04:30:00,NPP-375D,Brasil,SÃO PAULO,BARRETOS,Mata Atlântica,27,0.0,1.0,3.7,-20.50724,-48.74009
2020/09/18 04:30:00,NPP-375D,Brasil,SÃO PAULO,BARRETOS,Mata Atlântica,27,0.0,1.0,2.1,-20.5061,-48.74754
2020/09/18 04:55:00,AQUA_M-M,Brasil,SÃO PAULO,BARRETOS,Mata Atlântica,27,0.0,1.0,12.7,-20.496,-48.746
2020/09/18 04:55:00,AQUA_M-M,Brasil,SÃO PAULO,BARRETOS,Mata Atlântica,27,0.0,1.0,16.6,-20.497,-48.731
2020/09/18 05:14:51,NOAA-20,Brasil,SÃO PAULO,BARRETOS,Mata Atlântica,27,0.0,1.0,,-20.50871,-48.74762
2020/09/18 05:14:51,NOAA-20,Brasil,SÃO PAULO,BARRETOS,Mata Atlântica,27,0.0,1.0,,-20.50614,-48.74633
2020/09/18 05:14:51,NOAA-20,Brasil,SÃO PAULO,BARRETOS,Mata Atlântica,27,0.0,1.0,,-20.50664,-48.74029
2020/09/18 05:14:51,NOAA-20,Brasil,SÃO PAULO,BARRETOS,Mata Atlântica,27,0.0,1.0,,-20.50917,-48.74164
2020/09/18 16:01:58,NOAA-20,Brasil,SÃO PAULO,BARRETOS,Mata Atlântica,27,0.0,1.0,,-20.50963,-48.74044
2020/09/18 16:01:58,NOAA-20,Brasil,SÃO PAULO,BARRETOS,Mata Atlântica,27,0.0,1.0,,-20.51007,-48.74511
2020/09/18 16:01:58,NOAA-20,Brasil,SÃO PAULO,BARRETOS,Mata Atlântica,26,0.0,1.0,,-20.51052,-48.74975
2020/09/18 16:01:58,NOAA-20,Brasil,SÃO PAULO,BARRETOS,Mata Atlântica,27,0.0,1.0,,-20.51483,-48.74657
2020/09/18 16:01:58,NOAA-20,Brasil,SÃO PAULO,BARRETOS,Mata Atlântica,26,0.0,1.0,,-20.50935,-48.75173
2020/09/18 16:01:58,NOAA-20,Brasil,SÃO PAULO,BARRETOS,Mata Atlântica,26,0.0,1.0,,-20.5211,-48.75043
2020/09/18 16:01:58,NOAA-20,Brasil,SÃO PAULO,BARRETOS,Mata Atlântica,27,0.0,1.0,,-20.51442,-48.74194
2020/09/18 16:01:58,NOAA-20,Brasil,SÃO PAULO,BARRETOS,Mata Atlântica,26,0.0,1.0,,-20.5215,-48.75494
2020/09/18 16:01:58,NOAA-20,Brasil,SÃO PAULO,BARRETOS,Mata Atlântica,27,0.0,1.0,,-20.5203,-48.74142
2020/09/18 16:01:58,NOAA-20,Brasil,SÃO PAULO,BARRETOS,Mata Atlântica,27,0.0,1.0,,-20.50895,-48.74709
2020/09/18 16:01:58,NOAA-20,Brasil,SÃO PAULO,BARRETOS,Mata Atlântica,27,0.0,1.0,,-20.50854,-48.74245
2020/09/18 16:01:58,NOAA-20,Brasil,SÃO PAULO,BARRETOS,Mata Atlântica,26,0.0,1.0,,-20.52191,-48.7595
2020/09/18 16:01:58,NOAA-20,Brasil,SÃO PAULO,BARRETOS,Mata Atlântica,27,0.0,1.0,,-20.52071,-48.74596
2020/09/18 16:01:58,NOAA-20,Brasil,SÃO PAULO,BARRETOS,Mata Atlântica,26,0.0,1.0,,-20.51524,-48.7512
2020/09/18 16:01:58,NOAA-20,Brasil,SÃO PAULO,BARRETOS,Mata Atlântica,26,0.0,1.0,,-20.51564,-48.75576
2020/09/18 16:01:58,NOAA-20,Brasil,SÃO PAULO,BARRETOS,Mata Atlântica,26,0.0,1.0,,-20.51604,-48.76028
2020/09/18 16:54:00,NPP-375,Brasil,SÃO PAULO,BARRETOS,Mata Atlântica,27,0.0,1.0,15.7,-20.51458,-48.74858
2020/09/18 16:54:00,NPP-375,Brasil,SÃO PAULO,BARRETOS,Mata Atlântica,27,0.0,1.0,25.2,-20.52414,-48.74289
2020/09/18 16:54:00,NPP-375,Brasil,SÃO PAULO,BARRETOS,Mata Atlântica,27,0.0,1.0,25.2,-20.52352,-48.73905
2020/09/18 16:54:00,NPP-375,Brasil,SÃO PAULO,BARRETOS,Mata Atlântica,27,0.0,1.0,21.7,-20.5229,-48.7352
2020/09/18 16:54:00,NPP-375,Brasil,SÃO PAULO,BARRETOS,Mata Atlântica,26,0.0,1.0,14.9,-20.52199,-48.75123
2020/09/18 16:54:00,NPP-375,Brasil,SÃO PAULO,BARRETOS,Mata Atlântica,27,0.0,1.0,14.9,-20.52137,-48.74737
2020/09/18 16:54:00,NPP-375,Brasil,SÃO PAULO,BARRETOS,Mata Atlântica,27,0.0,1.0,25.2,-20.52075,-48.74352
2020/09/18 16:54:00,NPP-375,Brasil,SÃO PAULO,BARRETOS,Mata Atlântica,27,0.0,1.0,25.2,-20.52012,-48.73967
2020/09/18 16:54:00,NPP-375,Brasil,SÃO PAULO,BARRETOS,Mata Atlântica,26,0.0,1.0,15.7,-20.51859,-48.75183
2020/09/18 16:54:00,NPP-375,Brasil,SÃO PAULO,BARRETOS,Mata Atlântica,26,0.0,1.0,15.7,-20.51797,-48.74799
2020/09/18 16:54:00,NPP-375,Brasil,SÃO PAULO,BARRETOS,Mata Atlântica,27,0.0,1.0,10.0,-20.51735,-48.74414
2020/09/18 16:54:00,NPP-375,Brasil,SÃO PAULO,BARRETOS,Mata Atlântica,26,0.0,1.0,19.3,-20.51582,-48.75628
2020/09/18 16:54:00,NPP-375,Brasil,SÃO PAULO,BARRETOS,Mata Atlântica,26,0.0,1.0,15.7,-20.5152,-48.75243
2020/09/18 16:54:00,NPP-375,Brasil,SÃO PAULO,BARRETOS,Mata Atlântica,27,0.0,1.0,10.0,-20.51396,-48.74475
2020/09/18 16:54:00,NPP-375,Brasil,SÃO PAULO,BARRETOS,Mata Atlântica,27,0.0,1.0,10.0,-20.51334,-48.74091
2020/09/18 16:54:00,NPP-375,Brasil,SÃO PAULO,BARRETOS,Mata Atlântica,27,0.0,1.0,2.8,-20.51272,-48.73708
2020/09/18 16:54:00,NPP-375,Brasil,SÃO PAULO,BARRETOS,Mata Atlântica,26,0.0,1.0,21.2,-20.51242,-48.75688
2020/09/18 16:54:00,NPP-375,Brasil,SÃO PAULO,BARRETOS,Mata Atlântica,26,0.0,1.0,8.9,-20.5118,-48.75303
2020/09/18 16:54:00,NPP-375,Brasil,SÃO PAULO,BARRETOS,Mata Atlântica,27,0.0,1.0,8.9,-20.51119,-48.74921
2020/09/18 16:54:00,NPP-375,Brasil,SÃO PAULO,BARRETOS,Mata Atlântica,27,0.0,1.0,11.3,-20.51057,-48.74537
2020/09/18 16:54:00,NPP-375,Brasil,SÃO PAULO,BARRETOS,Mata Atlântica,27,0.0,1.0,11.3,-20.50995,-48.74153
2020/09/18 16:54:00,NPP-375,Brasil,SÃO PAULO,BARRETOS,Mata Atlântica,26,0.0,1.0,8.9,-20.5078,-48.74984
2020/09/18 16:54:00,NPP-375,Brasil,SÃO PAULO,BARRETOS,Mata Atlântica,27,0.0,1.0,11.3,-20.50718,-48.74599
2020/09/18 16:54:00,NPP-375,Brasil,SÃO PAULO,BARRETOS,Cerrado,27,0.0,1.0,7.1,-20.55569,-48.61376
2020/09/18 16:54:00,NPP-375,Brasil,SÃO PAULO,BARRETOS,Cerrado,27,0.0,1.0,6.9,-20.55909,-48.61314
2020/09/18 17:05:00,AQUA_M-T,Brasil,SÃO PAULO,BARRETOS,Cerrado,27,0.0,1.0,6.9,-20.57,-48.614
2020/09/18 17:05:00,AQUA_M-T,Brasil,SÃO PAULO,BARRETOS,Mata Atlântica,27,0.0,1.0,51.6,-20.524,-48.744
2020/09/18 17:05:00,AQUA_M-T,Brasil,SÃO PAULO,BARRETOS,Mata Atlântica,27,0.0,1.0,91.8,-20.533,-48.743
2020/09/18 17:05:00,AQUA_M-T,Brasil,SÃO PAULO,BARRETOS,Mata Atlântica,27,0.0,1.0,24.8,-20.531,-48.733
2020/09/18 17:05:00,AQUA_M-T,Brasil,SÃO PAULO,BARRETOS,Mata Atlântica,26,0.0,1.0,7.7,-20.527,-48.764
2020/09/18 17:05:00,AQUA_M-T,Brasil,SÃO PAULO,BARRETOS,Mata Atlântica,26,0.0,1.0,61.6,-20.525,-48.754
2020/09/18 17:05:00,AQUA_M-T,Brasil,SÃO PAULO,BARRETOS,Mata Atlântica,26,0.0,1.0,31.9,-20.534,-48.753
2020/09/19 04:06:00,NPP-375D,Brasil,SÃO PAULO,BARRETOS,Mata Atlântica,27,9.31,0.7,1.2,-20.50891,-48.74399
2020/09/19 04:06:00,NPP-375D,Brasil,SÃO PAULO,BARRETOS,Mata Atlântica,27,9.32,0.56,1.2,-20.51262,-48.74479
2020/09/19 04:06:00,NPP-375D,Brasil,SÃO PAULO,BARRETOS,Mata Atlântica,27,9.62,0.33,1.2,-20.51176,-48.7496
2020/09/19 04:06:00,NPP-375D,Brasil,SÃO PAULO,BARRETOS,Mata Atlântica,27,9.61,0.57,1.2,-20.50805,-48.74877
2020/09/19 04:06:00,NPP-375D,Brasil,SÃO PAULO,BARRETOS,Mata Atlântica,26,9.6,0.19,1.6,-20.51549,-48.75037
2020/09/19 04:55:33,NOAA-20,Brasil,SÃO PAULO,BARRETOS,Mata Atlântica,27,9.47,0.72,,-20.50632,-48.74612
2020/09/19 04:55:33,NOAA-20,Brasil,SÃO PAULO,BARRETOS,Mata Atlântica,27,9.62,0.38,,-20.51103,-48.74953
2020/09/19 04:55:33,NOAA-20,Brasil,SÃO PAULO,BARRETOS,Mata Atlântica,27,9.44,0.51,,-20.51136,-48.74657
2020/09/19 04:55:33,NOAA-20,Brasil,SÃO PAULO,BARRETOS,Mata Atlântica,27,9.51,0.73,,-20.5057,-48.74677
2020/09/19 04:55:33,NOAA-20,Brasil,SÃO PAULO,BARRETOS,Mata Atlântica,27,9.49,0.5,,-20.51075,-48.74722
2020/09/23 17:06:00,NPP-375,Brasil,SÃO PAULO,BARRETOS,Mata Atlântica,15,5.9,0.0,8.4,-20.6558,-48.79074
2020/09/24 13:45:00,TERRA_M-T,Brasil,SÃO PAULO,BARRETOS,Cerrado,0,0.0,0.0,279.9,-20.427,-48.819
2020/09/24 13:45:00,TERRA_M-T,Brasil,SÃO PAULO,BARRETOS,Cerrado,0,0.0,0.0,89.0,-20.426,-48.83
2020/09/24 13:45:00,TERRA_M-T,Brasil,SÃO PAULO,BARRETOS,Cerrado,0,0.0,0.0,120.8,-20.429,-48.807
2020/09/24 16:42:00,NPP-375,Brasil,SÃO PAULO,BARRETOS,Cerrado,0,0.0,0.0,4.3,-20.55331,-48.61378
2020/09/25 17:10:00,AQUA_M-T,Brasil,SÃO PAULO,BARRETOS,Mata Atlântica,2,0.0,0.3,12.2,-20.459,-48.783
2020/09/26 13:30:00,TERRA_M-T,Brasil,SÃO PAULO,BARRETOS,Mata Atlântica,3,0.0,0.5,16.4,-20.458,-48.783
2020/09/26 16:06:00,NPP-375,Brasil,SÃO PAULO,BARRETOS,Mata Atlântica,3,0.0,0.6,4.0,-20.46275,-48.78204
2020/09/26 16:06:00,NPP-375,Brasil,SÃO PAULO,BARRETOS,Mata Atlântica,3,0.0,0.6,5.4,-20.46035,-48.78305
2020/09/26 17:48:00,NPP-375,Brasil,SÃO PAULO,BARRETOS,Cerrado,3,0.0,-999.0,14.8,-20.45593,-48.45753
2020/09/27 17:30:00,NPP-375,Brasil,SÃO PAULO,BARRETOS,Mata Atlântica,4,0.0,0.8,4.2,-20.47981,-48.77757
2020/09/27 17:30:00,NPP-375,Brasil,SÃO PAULO,BARRETOS,Mata Atlântica,4,0.0,0.8,10.3,-20.47911,-48.77422
2020/09/27 17:30:00,NPP-375,Brasil,SÃO PAULO,BARRETOS,Mata Atlântica,4,0.0,0.8,8.7,-20.47463,-48.77892
2020/09/27 17:30:00,NPP-375,Brasil,SÃO PAULO,BARRETOS,Mata Atlântica,4,0.0,0.8,9.4,-20.47391,-48.77551
2020/09/27 17:30:00,NPP-375,Brasil,SÃO PAULO,BARRETOS,Mata Atlântica,4,0.0,0.8,8.7,-20.46945,-48.78032
2020/09/27 17:30:00,NPP-375,Brasil,SÃO PAULO,BARRETOS,Mata Atlântica,4,0.0,0.8,9.4,-20.46872,-48.77686
2020/09/27 17:30:00,NPP-375,Brasil,SÃO PAULO,BARRETOS,Mata Atlântica,4,0.0,0.9,3.0,-20.46427,-48.78168
2020/09/30 04:00:00,NPP-375D,Brasil,SÃO PAULO,BARRETOS,Cerrado,0,0.0,0.9,1.7,-20.52075,-48.55651
2020/09/30 16:30:00,NPP-375,Brasil,SÃO PAULO,BARRETOS,Cerrado,0,0.0,0.7,57.0,-20.50824,-48.51592
2020/09/30 16:30:00,NPP-375,Brasil,SÃO PAULO,BARRETOS,Cerrado,1,0.0,0.7,291.9,-20.50697,-48.50581
2020/09/30 16:30:00,NPP-375,Brasil,SÃO PAULO,BARRETOS,Cerrado,1,0.0,0.7,291.9,-20.50633,-48.50073
2020/09/30 16:30:00,NPP-375,Brasil,SÃO PAULO,BARRETOS,Cerrado,1,0.0,0.8,150.8,-20.50311,-48.5064
2020/09/30 16:30:00,NPP-375,Brasil,SÃO PAULO,BARRETOS,Cerrado,1,0.0,0.8,150.8,-20.50248,-48.50134
2020/09/30 16:30:00,NPP-375,Brasil,SÃO PAULO,BARRETOS,Cerrado,1,0.0,0.8,150.8,-20.49926,-48.507
2020/09/30 16:30:00,NPP-375,Brasil,SÃO PAULO,BARRETOS,Cerrado,1,0.0,0.8,150.8,-20.49863,-48.50195
2020/09/30 16:30:00,NPP-375,Brasil,SÃO PAULO,BARRETOS,Cerrado,1,0.0,0.8,161.6,-20.49154,-48.50809
2020/09/30 16:30:00,NPP-375,Brasil,SÃO PAULO,BARRETOS,Cerrado,1,0.0,0.8,161.6,-20.49091,-48.50305
2020/09/30 16:30:00,NPP-375,Brasil,SÃO PAULO,BARRETOS,Cerrado,1,0.0,0.8,157.9,-20.48768,-48.50859
2020/09/30 16:30:00,NPP-375,Brasil,SÃO PAULO,BARRETOS,Cerrado,2,0.0,0.8,157.9,-20.48705,-48.50357
2020/09/30 16:30:00,NPP-375,Brasil,SÃO PAULO,BARRETOS,Cerrado,1,0.0,0.7,57.0,-20.51145,-48.51022
2020/09/30 16:30:00,NPP-375,Brasil,SÃO PAULO,BARRETOS,Cerrado,2,0.0,0.9,16.1,-20.47611,-48.51031
2020/09/30 16:30:00,NPP-375,Brasil,SÃO PAULO,BARRETOS,Cerrado,2,0.0,0.9,16.1,-20.47934,-48.50467
2020/09/30 16:30:00,NPP-375,Brasil,SÃO PAULO,BARRETOS,Cerrado,2,0.0,0.9,157.9,-20.4832,-48.50411
2020/09/30 16:30:00,NPP-375,Brasil,SÃO PAULO,BARRETOS,Cerrado,1,0.0,0.9,157.9,-20.48382,-48.50916
2020/09/30 16:30:00,NPP-375,Brasil,SÃO PAULO,BARRETOS,Cerrado,1,0.0,0.8,687.8,-20.49279,-48.51808
2020/09/30 16:30:00,NPP-375,Brasil,SÃO PAULO,BARRETOS,Cerrado,1,0.0,0.8,687.8,-20.49217,-48.5131
2020/09/30 16:30:00,NPP-375,Brasil,SÃO PAULO,BARRETOS,Cerrado,1,0.0,0.9,136.2,-20.48445,-48.51419
2020/09/30 16:30:00,NPP-375,Brasil,SÃO PAULO,BARRETOS,Cerrado,1,0.0,0.8,161.6,-20.49478,-48.50254
2020/09/30 16:30:00,NPP-375,Brasil,SÃO PAULO,BARRETOS,Cerrado,1,0.0,0.8,767.9,-20.50374,-48.51143
2020/09/30 16:30:00,NPP-375,Brasil,SÃO PAULO,BARRETOS,Cerrado,1,0.0,0.8,161.6,-20.49541,-48.50757
2020/09/30 16:30:00,NPP-375,Brasil,SÃO PAULO,BARRETOS,Cerrado,1,0.0,0.9,17.5,-20.48183,-48.52482
2020/09/30 16:30:00,NPP-375,Brasil,SÃO PAULO,BARRETOS,Cerrado,1,0.0,0.7,57.0,-20.5076,-48.51083
2020/09/30 16:30:00,NPP-375,Brasil,SÃO PAULO,BARRETOS,Cerrado,0,0.0,0.8,30.6,-20.50502,-48.52163
2020/09/30 16:30:00,NPP-375,Brasil,SÃO PAULO,BARRETOS,Cerrado,1,0.0,0.8,767.9,-20.49989,-48.51202
2020/09/30 16:30:00,NPP-375,Brasil,SÃO PAULO,BARRETOS,Cerrado,1,0.0,0.8,687.8,-20.49603,-48.51259
2020/09/30 16:30:00,NPP-375,Brasil,SÃO PAULO,BARRETOS,Cerrado,1,0.0,0.8,136.2,-20.4883,-48.51362
2020/09/30 16:30:00,NPP-375,Brasil,SÃO PAULO,BARRETOS,Cerrado,2,0.0,0.9,181.7,-20.48643,-48.49854
2020/09/30 16:30:00,NPP-375,Brasil,SÃO PAULO,BARRETOS,Cerrado,0,0.0,0.7,57.0,-20.51209,-48.5153
2020/09/30 17:03:26,MSG-03,Brasil,SÃO PAULO,BARRETOS,Cerrado,1,0.0,0.7,,-20.51,-48.5
2020/09/30 17:17:05,NOAA-20,Brasil,SÃO PAULO,BARRETOS,Cerrado,1,0.0,0.7,,-20.51343,-48.50003
2020/09/30 17:17:05,NOAA-20,Brasil,SÃO PAULO,BARRETOS,Cerrado,1,0.0,0.8,,-20.50272,-48.49637
2020/09/30 17:17:05,NOAA-20,Brasil,SÃO PAULO,BARRETOS,Cerrado,1,0.0,0.7,,-20.50753,-48.49547
2020/09/30 17:17:05,NOAA-20,Brasil,SÃO PAULO,BARRETOS,Cerrado,1,0.0,0.7,,-20.50863,-48.50093
2020/09/30 17:17:05,NOAA-20,Brasil,SÃO PAULO,BARRETOS,Cerrado,2,0.0,0.9,,-20.48722,-48.49374
2020/09/30 17:17:05,NOAA-20,Brasil,SÃO PAULO,BARRETOS,Cerrado,1,0.0,0.8,,-20.50383,-48.50185
2020/09/30 17:17:05,NOAA-20,Brasil,SÃO PAULO,BARRETOS,Cerrado,1,0.0,0.8,,-20.49791,-48.49726
2020/09/30 17:30:00,AQUA_M-T,Brasil,SÃO PAULO,BARRETOS,Cerrado,6,0.0,-999.0,80.2,-20.456,-48.454
2020/09/30 18:43:19,GOES-16,Brasil,SÃO PAULO,BARRETOS,Cerrado,0,0.0,0.8,,-20.5,-48.53
2020/09/30 18:43:19,GOES-16,Brasil,SÃO PAULO,BARRETOS,Cerrado,1,0.0,0.8,,-20.5,-48.5
2020/09/30 19:03:19,GOES-16,Brasil,SÃO PAULO,BARRETOS,Cerrado,0,0.0,0.8,,-20.5,-48.53
2020/09/30 19:13:18,GOES-16,Brasil,SÃO PAULO,BARRETOS,Cerrado,0,0.0,0.7,,-20.52,-48.52
2020/09/30 20:03:26,MSG-03,Brasil,SÃO PAULO,BARRETOS,Cerrado,0,0.0,0.8,,-20.52,-48.55
2020/09/30 20:03:26,MSG-03,Brasil,SÃO PAULO,BARRETOS,Cerrado,1,0.0,0.7,,-20.51,-48.5
2020/09/30 22:03:19,GOES-16,Brasil,SÃO PAULO,BARRETOS,Cerrado,0,0.0,0.7,,-20.52,-48.52
2020/09/30 22:13:18,GOES-16,Brasil,SÃO PAULO,BARRETOS,Cerrado,0,0.0,0.7,,-20.52,-48.52
2020/09/30 22:13:18,GOES-16,Brasil,SÃO PAULO,BARRETOS,Cerrado,0,0.0,0.8,,-20.52,-48.55
2020/09/30 22:43:18,GOES-16,Brasil,SÃO PAULO,BARRETOS,Cerrado,0,0.0,0.7,,-20.52,-48.52
2020/09/30 22:43:18,GOES-16,Brasil,SÃO PAULO,BARRETOS,Cerrado,1,0.0,0.7,,-20.52,-48.5
2020/09/30 23:13:19,GOES-16,Brasil,SÃO PAULO,BARRETOS,Cerrado,0,0.0,0.7,,-20.52,-48.52
2020/10/01 04:29:40,NOAA-20,Brasil,SÃO PAULO,BARRETOS,Cerrado,3,0.0,1.0,,-20.48894,-48.50729
2020/10/01 04:29:40,NOAA-20,Brasil,SÃO PAULO,BARRETOS,Cerrado,3,0.0,1.0,,-20.49357,-48.50695
2020/10/01 04:29:40,NOAA-20,Brasil,SÃO PAULO,BARRETOS,Cerrado,3,0.0,1.0,,-20.49303,-48.50371
2020/10/01 04:29:40,NOAA-20,Brasil,SÃO PAULO,BARRETOS,Cerrado,3,0.0,1.0,,-20.49244,-48.50784
2020/10/01 12:35:19,NOAA-18D,Brasil,SÃO PAULO,BARRETOS,Cerrado,4,0.0,1.0,,-20.4944458008,-48.483745575
2020/10/01 12:35:19,NOAA-18D,Brasil,SÃO PAULO,BARRETOS,Cerrado,4,0.0,1.0,,-20.4956550598,-48.4757461548
2020/10/01 13:50:00,TERRA_M-T,Brasil,SÃO PAULO,BARRETOS,Cerrado,2,0.0,0.8,88.4,-20.525,-48.518
2020/10/01 13:50:00,TERRA_M-T,Brasil,SÃO PAULO,BARRETOS,Cerrado,2,0.0,0.9,101.8,-20.523,-48.534
2020/10/01 13:50:00,TERRA_M-T,Brasil,SÃO PAULO,BARRETOS,Cerrado,2,0.0,0.4,920.3,-20.534,-48.535
2020/10/01 13:50:00,TERRA_M-T,Brasil,SÃO PAULO,BARRETOS,Cerrado,2,0.0,0.8,699.9,-20.536,-48.52
2020/10/01 16:12:00,NPP-375,Brasil,SÃO PAULO,BARRETOS,Cerrado,2,0.0,0.6,4.1,-20.53992,-48.53289
2020/10/01 16:12:00,NPP-375,Brasil,SÃO PAULO,BARRETOS,Cerrado,3,0.0,1.0,6.9,-20.49375,-48.49605
2020/10/01 16:12:00,NPP-375,Brasil,SÃO PAULO,BARRETOS,Cerrado,2,0.0,0.7,45.3,-20.53402,-48.52684
2020/10/01 16:12:00,NPP-375,Brasil,SÃO PAULO,BARRETOS,Cerrado,2,0.0,0.8,9.6,-20.5383,-48.51642
2020/10/01 16:12:00,NPP-375,Brasil,SÃO PAULO,BARRETOS,Cerrado,2,0.0,0.8,77.8,-20.53894,-48.52293
2020/10/01 16:12:00,NPP-375,Brasil,SÃO PAULO,BARRETOS,Cerrado,2,0.0,0.8,45.3,-20.53926,-48.5262
2020/10/01 16:12:00,NPP-375,Brasil,SÃO PAULO,BARRETOS,Cerrado,2,0.0,0.8,10.5,-20.54387,-48.51914
2020/10/01 16:12:00,NPP-375,Brasil,SÃO PAULO,BARRETOS,Cerrado,2,0.0,0.8,10.5,-20.54419,-48.52242
2020/10/01 16:12:00,NPP-375,Brasil,SÃO PAULO,BARRETOS,Cerrado,2,0.0,0.8,16.0,-20.55146,-48.54225
2020/10/01 16:12:00,NPP-375,Brasil,SÃO PAULO,BARRETOS,Cerrado,2,0.0,0.8,13.3,-20.5564,-48.5385
2020/10/01 16:12:00,NPP-375,Brasil,SÃO PAULO,BARRETOS,Cerrado,2,0.0,0.8,8.3,-20.56133,-48.53472
2020/10/01 16:12:00,NPP-375,Brasil,SÃO PAULO,BARRETOS,Cerrado,2,0.0,0.8,77.8,-20.5337,-48.52354
2020/10/01 16:12:00,NPP-375,Brasil,SÃO PAULO,BARRETOS,Cerrado,2,0.0,0.8,77.8,-20.53862,-48.51966
2020/10/01 16:12:00,NPP-375,Brasil,SÃO PAULO,BARRETOS,Cerrado,2,0.0,0.6,4.1,-20.54026,-48.53631
2020/10/01 16:12:00,NPP-375,Brasil,SÃO PAULO,BARRETOS,Cerrado,2,0.0,0.8,16.0,-20.55113,-48.53884
2020/10/01 16:12:00,NPP-375,Brasil,SÃO PAULO,BARRETOS,Cerrado,2,0.0,0.8,8.3,-20.56098,-48.53124
2020/10/01 16:12:00,NPP-375,Brasil,SÃO PAULO,BARRETOS,Cerrado,8,0.0,1.0,3.2,-20.59565,-48.71768
2020/10/01 16:12:00,NPP-375,Brasil,SÃO PAULO,BARRETOS,Cerrado,2,0.0,0.8,32.6,-20.52846,-48.52421
2020/10/01 16:12:00,NPP-375,Brasil,SÃO PAULO,BARRETOS,Cerrado,2,0.0,0.8,13.3,-20.55674,-48.54189
2020/10/01 16:12:00,NPP-375,Brasil,SÃO PAULO,BARRETOS,Cerrado,2,0.0,0.7,45.3,-20.53959,-48.52951
2020/10/01 16:35:00,AQUA_M-T,Brasil,SÃO PAULO,BARRETOS,Cerrado,3,0.0,0.9,167.1,-20.503,-48.483
2020/10/01 16:35:00,AQUA_M-T,Brasil,SÃO PAULO,BARRETOS,Cerrado,3,0.0,1.0,225.2,-20.493,-48.503
2020/10/01 16:35:00,AQUA_M-T,Brasil,SÃO PAULO,BARRETOS,Cerrado,2,0.0,0.8,83.9,-20.549,-48.528
2020/10/01 16:35:00,AQUA_M-T,Brasil,SÃO PAULO,BARRETOS,Cerrado,3,0.0,1.0,689.7,-20.496,-48.496
2020/10/01 16:35:00,AQUA_M-T,Brasil,SÃO PAULO,BARRETOS,Cerrado,3,0.0,0.9,245.5,-20.508,-48.494
2020/10/01 16:35:00,AQUA_M-T,Brasil,SÃO PAULO,BARRETOS,Cerrado,3,0.0,0.9,319.3,-20.505,-48.502
2020/10/01 16:35:00,AQUA_M-T,Brasil,SÃO PAULO,BARRETOS,Cerrado,4,0.0,1.0,113.8,-20.491,-48.484
2020/10/01 16:35:00,AQUA_M-T,Brasil,SÃO PAULO,BARRETOS,Cerrado,2,0.0,0.7,71.6,-20.537,-48.529
2020/10/01 16:57:34,NOAA-20,Brasil,SÃO PAULO,BARRETOS,Cerrado,2,0.0,0.8,,-20.5281,-48.52758
2020/10/01 16:57:34,NOAA-20,Brasil,SÃO PAULO,BARRETOS,Cerrado,3,0.0,0.9,,-20.5061,-48.48585
2020/10/01 16:57:34,NOAA-20,Brasil,SÃO PAULO,BARRETOS,Cerrado,2,0.0,0.8,,-20.53119,-48.51899
2020/10/01 16:57:34,NOAA-20,Brasil,SÃO PAULO,BARRETOS,Cerrado,4,0.0,1.0,,-20.49523,-48.48781
2020/10/01 16:57:34,NOAA-20,Brasil,SÃO PAULO,BARRETOS,Cerrado,3,0.0,0.9,,-20.50762,-48.49477
2020/10/01 16:57:34,NOAA-20,Brasil,SÃO PAULO,BARRETOS,Cerrado,3,0.0,0.9,,-20.50248,-48.48649
2020/10/01 16:57:34,NOAA-20,Brasil,SÃO PAULO,BARRETOS,Cerrado,3,0.0,0.9,,-20.504,-48.49541
2020/10/01 16:57:34,NOAA-20,Brasil,SÃO PAULO,BARRETOS,Cerrado,3,0.0,0.9,,-20.49885,-48.48715
2020/10/01 16:57:34,NOAA-20,Brasil,SÃO PAULO,BARRETOS,Cerrado,3,0.0,0.9,,-20.50038,-48.49606
2020/10/01 16:57:34,NOAA-20,Brasil,SÃO PAULO,BARRETOS,Cerrado,3,0.0,1.0,,-20.49238,-48.49293
2020/10/01 16:57:34,NOAA-20,Brasil,SÃO PAULO,BARRETOS,Cerrado,4,0.0,1.0,,-20.48876,-48.49361
2020/10/01 16:57:34,NOAA-20,Brasil,SÃO PAULO,BARRETOS,Cerrado,3,0.0,0.8,,-20.56668,-48.53022
2020/10/01 16:57:34,NOAA-20,Brasil,SÃO PAULO,BARRETOS,Cerrado,3,0.0,0.9,,-20.56743,-48.53461
2020/10/01 16:57:34,NOAA-20,Brasil,SÃO PAULO,BARRETOS,Cerrado,2,0.0,0.8,,-20.53096,-48.52246
2020/10/01 16:57:34,NOAA-20,Brasil,SÃO PAULO,BARRETOS,Cerrado,2,0.0,0.8,,-20.53171,-48.52691
2020/10/01 16:57:34,NOAA-20,Brasil,SÃO PAULO,BARRETOS,Cerrado,3,0.0,0.9,,-20.50686,-48.49029
2020/10/01 16:57:34,NOAA-20,Brasil,SÃO PAULO,BARRETOS,Cerrado,3,0.0,0.9,,-20.49961,-48.4916
2020/10/01 16:57:34,NOAA-20,Brasil,SÃO PAULO,BARRETOS,Cerrado,3,0.0,0.9,,-20.50323,-48.49094
2020/10/01 16:57:34,NOAA-20,Brasil,SÃO PAULO,BARRETOS,Cerrado,3,0.0,1.0,,-20.49599,-48.49225
2020/10/01 16:57:34,NOAA-20,Brasil,SÃO PAULO,BARRETOS,Cerrado,2,0.0,0.8,,-20.53021,-48.51802
2020/10/01 16:57:34,NOAA-20,Brasil,SÃO PAULO,BARRETOS,Cerrado,2,0.0,0.8,,-20.52836,-48.52409
2020/10/01 16:57:34,NOAA-20,Brasil,SÃO PAULO,BARRETOS,Cerrado,4,0.0,1.0,,-20.49161,-48.48846
2020/10/01 16:57:34,NOAA-20,Brasil,SÃO PAULO,BARRETOS,Cerrado,3,0.0,0.9,,-20.57027,-48.52949
2020/10/01 16:57:34,NOAA-20,Brasil,SÃO PAULO,BARRETOS,Cerrado,2,0.0,0.8,,-20.55948,-48.53169
2020/10/02 15:54:00,NPP-375,Brasil,SÃO PAULO,BARRETOS,Cerrado,9,0.0,1.0,20.3,-20.66834,-48.70926
2020/10/02 15:54:00,NPP-375,Brasil,SÃO PAULO,BARRETOS,Cerrado,9,0.0,1.0,25.2,-20.67242,-48.70798
2020/10/02 15:54:00,NPP-375,Brasil,SÃO PAULO,BARRETOS,Cerrado,9,0.0,1.0,24.4,-20.66779,-48.70209
2020/10/02 15:54:00,NPP-375,Brasil,SÃO PAULO,BARRETOS,Cerrado,9,0.0,1.0,10.6,-20.67542,-48.70873
2020/10/02 15:54:00,NPP-375,Brasil,SÃO PAULO,BARRETOS,Cerrado,9,0.0,1.0,25.2,-20.67192,-48.70086
2020/10/03 02:13:17,GOES-16,Brasil,SÃO PAULO,BARRETOS,Cerrado,10,0.0,1.0,,-20.66,-48.61
2020/10/03 02:13:17,GOES-16,Brasil,SÃO PAULO,BARRETOS,Cerrado,9,0.0,0.8,,-20.64,-48.61
2020/10/03 02:33:16,GOES-16,Brasil,SÃO PAULO,BARRETOS,Cerrado,9,0.0,0.8,,-20.64,-48.61
2020/10/03 02:33:16,GOES-16,Brasil,SÃO PAULO,BARRETOS,Cerrado,9,0.0,1.0,,-20.64,-48.59
2020/10/03 02:33:16,GOES-16,Brasil,SÃO PAULO,BARRETOS,Cerrado,9,0.0,1.0,,-20.64,-48.63
2020/10/03 02:33:16,GOES-16,Brasil,SÃO PAULO,BARRETOS,Cerrado,10,0.0,1.0,,-20.66,-48.61
2020/10/03 02:43:18,GOES-16,Brasil,SÃO PAULO,BARRETOS,Cerrado,9,0.0,0.8,,-20.64,-48.61
2020/10/03 02:43:18,GOES-16,Brasil,SÃO PAULO,BARRETOS,Cerrado,9,0.0,1.0,,-20.64,-48.63
2020/10/03 02:43:18,GOES-16,Brasil,SÃO PAULO,BARRETOS,Cerrado,10,0.0,1.0,,-20.66,-48.61
2020/10/03 03:03:17,GOES-16,Brasil,SÃO PAULO,BARRETOS,Cerrado,9,0.0,0.8,,-20.64,-48.61
2020/10/03 03:51:46,NOAA-20,Brasil,SÃO PAULO,BARRETOS,Cerrado,9,0.0,1.0,,-20.64435,-48.62812
2020/10/03 13:35:00,TERRA_M-T,Brasil,SÃO PAULO,BARRETOS,Cerrado,8,0.0,1.0,23.1,-20.59,-48.602
2020/10/03 16:20:25,NOAA-20,Brasil,SÃO PAULO,BARRETOS,Cerrado,5,0.0,1.0,,-20.55114,-48.42938
2020/10/03 16:20:25,NOAA-20,Brasil,SÃO PAULO,BARRETOS,Cerrado,5,0.0,1.0,,-20.55962,-48.42824
2020/10/03 16:20:25,NOAA-20,Brasil,SÃO PAULO,BARRETOS,Cerrado,10,0.0,1.0,,-20.59336,-48.7169
2020/10/03 16:20:25,NOAA-20,Brasil,SÃO PAULO,BARRETOS,Cerrado,5,0.0,1.0,,-20.55587,-48.43297
2020/10/03 16:20:25,NOAA-20,Brasil,SÃO PAULO,BARRETOS,Cerrado,5,0.0,1.0,,-20.56011,-48.43239
2020/10/03 16:20:25,NOAA-20,Brasil,SÃO PAULO,BARRETOS,Cerrado,5,0.0,1.0,,-20.55636,-48.43717
2020/10/03 16:20:25,NOAA-20,Brasil,SÃO PAULO,BARRETOS,Cerrado,5,0.0,1.0,,-20.55538,-48.4288
2020/10/03 16:25:00,AQUA_M-T,Brasil,SÃO PAULO,BARRETOS,Cerrado,4,0.0,0.9,180.2,-20.566,-48.459
2020/10/03 16:25:00,AQUA_M-T,Brasil,SÃO PAULO,BARRETOS,Cerrado,6,0.0,1.0,358.4,-20.563,-48.426
2020/10/03 16:25:00,AQUA_M-T,Brasil,SÃO PAULO,BARRETOS,Cerrado,4,0.0,0.9,284.4,-20.561,-48.455
2020/10/03 16:25:00,AQUA_M-T,Brasil,SÃO PAULO,BARRETOS,Cerrado,5,0.0,1.0,314.9,-20.558,-48.423
2020/10/04 04:30:00,NPP-375D,Brasil,SÃO PAULO,BARRETOS,Cerrado,7,0.0,1.0,40.1,-20.40788,-48.55087
2020/10/04 04:30:00,NPP-375D,Brasil,SÃO PAULO,BARRETOS,Cerrado,11,0.0,1.0,3.5,-20.59152,-48.71964
2020/10/04 04:43:18,GOES-16,Brasil,SÃO PAULO,BARRETOS,Cerrado,8,0.0,1.0,,-20.4,-48.55
2020/10/04 04:43:18,GOES-16,Brasil,SÃO PAULO,BARRETOS,Cerrado,6,0.0,1.0,,-20.42,-48.55
2020/10/04 04:43:18,GOES-16,Brasil,SÃO PAULO,BARRETOS,Cerrado,8,0.0,1.0,,-20.4,-48.53
2020/10/04 04:43:18,GOES-16,Brasil,SÃO PAULO,BARRETOS,Cerrado,8,0.0,1.0,,-20.42,-48.52
2020/10/04 04:55:00,AQUA_M-M,Brasil,SÃO PAULO,BARRETOS,Cerrado,8,0.0,1.0,55.5,-20.396,-48.559
2020/10/04 04:55:00,AQUA_M-M,Brasil,SÃO PAULO,BARRETOS,Cerrado,8,0.0,1.0,52.7,-20.398,-48.544
2020/10/04 04:55:00,AQUA_M-M,Brasil,SÃO PAULO,BARRETOS,Cerrado,7,0.0,1.0,40.8,-20.409,-48.545
2020/10/04 04:55:00,AQUA_M-M,Brasil,SÃO PAULO,BARRETOS,Cerrado,7,0.0,1.0,38.9,-20.407,-48.552
2020/10/04 05:15:15,NOAA-20,Brasil,SÃO PAULO,BARRETOS,Cerrado,7,0.0,1.0,,-20.40645,-48.55196
2020/10/04 05:15:15,NOAA-20,Brasil,SÃO PAULO,BARRETOS,Cerrado,8,0.0,1.0,,-20.39766,-48.5566
2020/10/04 05:15:15,NOAA-20,Brasil,SÃO PAULO,BARRETOS,Cerrado,7,0.0,1.0,,-20.40443,-48.55757
2020/10/04 05:15:15,NOAA-20,Brasil,SÃO PAULO,BARRETOS,Cerrado,8,0.0,1.0,,-20.39917,-48.55731
2020/10/04 05:15:15,NOAA-20,Brasil,SÃO PAULO,BARRETOS,Cerrado,7,0.0,1.0,,-20.40497,-48.55123
2020/10/04 05:33:19,GOES-16,Brasil,SÃO PAULO,BARRETOS,Cerrado,6,0.0,1.0,,-20.42,-48.55
2020/10/04 16:01:17,NOAA-20,Brasil,SÃO PAULO,BARRETOS,Cerrado,7,0.0,1.0,,-20.40934,-48.56384
2020/10/04 16:01:17,NOAA-20,Brasil,SÃO PAULO,BARRETOS,Cerrado,8,0.0,1.0,,-20.40976,-48.56838
2020/10/04 16:01:17,NOAA-20,Brasil,SÃO PAULO,BARRETOS,Cerrado,7,0.0,0.7,,-20.43338,-48.57005
2020/10/04 16:01:17,NOAA-20,Brasil,SÃO PAULO,BARRETOS,Cerrado,6,0.0,1.0,,-20.43259,-48.56103
2020/10/04 16:01:17,NOAA-20,Brasil,SÃO PAULO,BARRETOS,Cerrado,6,0.0,1.0,,-20.43295,-48.5655
2020/10/04 16:01:17,NOAA-20,Brasil,SÃO PAULO,BARRETOS,Cerrado,11,0.0,1.0,,-20.59309,-48.71885
2020/10/04 16:01:17,NOAA-20,Brasil,SÃO PAULO,BARRETOS,Cerrado,7,0.0,1.0,,-20.41597,-48.57212
2020/10/04 16:01:17,NOAA-20,Brasil,SÃO PAULO,BARRETOS,Cerrado,7,0.0,1.0,,-20.42177,-48.57141
2020/10/04 16:01:17,NOAA-20,Brasil,SÃO PAULO,BARRETOS,Cerrado,7,0.0,1.0,,-20.42136,-48.56701
2020/10/04 16:01:17,NOAA-20,Brasil,SÃO PAULO,BARRETOS,Cerrado,7,0.0,0.8,,-20.428,-48.5752
2020/10/04 16:01:17,NOAA-20,Brasil,SÃO PAULO,BARRETOS,Cerrado,8,0.0,1.0,,-20.40396,-48.56904
2020/10/04 16:01:17,NOAA-20,Brasil,SÃO PAULO,BARRETOS,Cerrado,7,0.0,0.7,,-20.43337,-48.57008
2020/10/04 16:01:17,NOAA-20,Brasil,SÃO PAULO,BARRETOS,Cerrado,6,0.0,1.0,,-20.43298,-48.56553
2020/10/04 16:01:17,NOAA-20,Brasil,SÃO PAULO,BARRETOS,Cerrado,6,0.0,1.0,,-20.42673,-48.56168
2020/10/04 16:01:17,NOAA-20,Brasil,SÃO PAULO,BARRETOS,Cerrado,7,0.0,1.0,,-20.42715,-48.56615
2020/10/04 16:01:17,NOAA-20,Brasil,SÃO PAULO,BARRETOS,Cerrado,7,0.0,1.0,,-20.42052,-48.55806
2020/10/04 16:01:17,NOAA-20,Brasil,SÃO PAULO,BARRETOS,Cerrado,7,0.0,1.0,,-20.42095,-48.5626
2020/10/04 16:01:17,NOAA-20,Brasil,SÃO PAULO,BARRETOS,Cerrado,7,0.0,1.0,,-20.41472,-48.55869
2020/10/04 16:01:17,NOAA-20,Brasil,SÃO PAULO,BARRETOS,Cerrado,7,0.0,1.0,,-20.41514,-48.56321
2020/10/04 16:54:00,NPP-375,Brasil,SÃO PAULO,BARRETOS,Cerrado,6,0.0,1.0,142.7,-20.43191,-48.55917
2020/10/04 16:54:00,NPP-375,Brasil,SÃO PAULO,BARRETOS,Cerrado,8,0.0,1.0,22.3,-20.40863,-48.56732
2020/10/04 16:54:00,NPP-375,Brasil,SÃO PAULO,BARRETOS,Cerrado,7,0.0,1.0,22.3,-20.40799,-48.56343
2020/10/04 16:54:00,NPP-375,Brasil,SÃO PAULO,BARRETOS,Cerrado,8,0.0,1.0,20.5,-20.40221,-48.56845
2020/10/04 16:54:00,NPP-375,Brasil,SÃO PAULO,BARRETOS,Cerrado,7,0.0,1.0,28.5,-20.41141,-48.56283
2020/10/04 16:54:00,NPP-375,Brasil,SÃO PAULO,BARRETOS,Cerrado,7,0.0,1.0,28.5,-20.41205,-48.56671
2020/10/04 16:54:00,NPP-375,Brasil,SÃO PAULO,BARRETOS,Cerrado,7,0.0,1.0,135.9,-20.4161,-48.56998
2020/10/04 16:54:00,NPP-375,Brasil,SÃO PAULO,BARRETOS,Cerrado,7,0.0,1.0,135.9,-20.41674,-48.57389
2020/10/04 16:54:00,NPP-375,Brasil,SÃO PAULO,BARRETOS,Cerrado,7,0.0,1.0,55.9,-20.41761,-48.55771
2020/10/04 16:54:00,NPP-375,Brasil,SÃO PAULO,BARRETOS,Cerrado,7,0.0,1.0,33.1,-20.41824,-48.56159
2020/10/04 16:54:00,NPP-375,Brasil,SÃO PAULO,BARRETOS,Cerrado,6,0.0,1.0,16.2,-20.41975,-48.54931
2020/10/04 16:54:00,NPP-375,Brasil,SÃO PAULO,BARRETOS,Cerrado,7,0.0,1.0,96.2,-20.42015,-48.57327
2020/10/04 16:54:00,NPP-375,Brasil,SÃO PAULO,BARRETOS,Cerrado,7,0.0,1.0,69.9,-20.42079,-48.57717
2020/10/04 16:54:00,NPP-375,Brasil,SÃO PAULO,BARRETOS,Cerrado,7,0.0,1.0,55.9,-20.42102,-48.5571
2020/10/04 16:54:00,NPP-375,Brasil,SÃO PAULO,BARRETOS,Cerrado,7,0.0,1.0,43.8,-20.42635,-48.56817
2020/10/04 16:54:00,NPP-375,Brasil,SÃO PAULO,BARRETOS,Cerrado,7,0.0,0.9,43.8,-20.42698,-48.57206
2020/10/04 16:54:00,NPP-375,Brasil,SÃO PAULO,BARRETOS,Cerrado,6,0.0,1.0,83.5,-20.42849,-48.55979
2020/10/04 16:54:00,NPP-375,Brasil,SÃO PAULO,BARRETOS,Cerrado,6,0.0,1.0,83.5,-20.42913,-48.56369
2020/10/04 16:54:00,NPP-375,Brasil,SÃO PAULO,BARRETOS,Cerrado,6,0.0,1.0,142.7,-20.43254,-48.56306
2020/10/04 16:54:00,NPP-375,Brasil,SÃO PAULO,BARRETOS,Cerrado,6,0.0,1.0,142.7,-20.43532,-48.55856
2020/10/04 16:54:00,NPP-375,Brasil,SÃO PAULO,BARRETOS,Cerrado,6,0.0,1.0,142.7,-20.43596,-48.56244
2020/10/04 16:54:00,NPP-375,Brasil,SÃO PAULO,BARRETOS,Cerrado,8,0.0,1.0,20.5,-20.40563,-48.56784
2020/10/04 16:54:00,NPP-375,Brasil,SÃO PAULO,BARRETOS,Cerrado,8,0.0,1.0,16.1,-20.40927,-48.57121
2020/10/04 16:54:00,NPP-375,Brasil,SÃO PAULO,BARRETOS,Cerrado,7,0.0,1.0,28.5,-20.41546,-48.56609
2020/10/04 16:54:00,NPP-375,Brasil,SÃO PAULO,BARRETOS,Cerrado,8,0.0,1.0,12.2,-20.41738,-48.5778
2020/10/04 16:54:00,NPP-375,Brasil,SÃO PAULO,BARRETOS,Cerrado,7,0.0,1.0,96.2,-20.41951,-48.56937
2020/10/04 16:54:00,NPP-375,Brasil,SÃO PAULO,BARRETOS,Cerrado,6,0.0,1.0,55.9,-20.42039,-48.55322
2020/10/04 16:54:00,NPP-375,Brasil,SÃO PAULO,BARRETOS,Cerrado,7,0.0,1.0,83.5,-20.42571,-48.56429
2020/10/04 16:54:00,NPP-375,Brasil,SÃO PAULO,BARRETOS,Cerrado,7,0.0,0.8,28.5,-20.42762,-48.57593
2020/10/04 16:54:00,NPP-375,Brasil,SÃO PAULO,BARRETOS,Cerrado,7,0.0,0.8,43.8,-20.4304,-48.57144
2020/10/04 16:54:00,NPP-375,Brasil,SÃO PAULO,BARRETOS,Cerrado,6,0.0,0.9,12.4,-20.43318,-48.56695
2020/10/04 16:54:00,NPP-375,Brasil,SÃO PAULO,BARRETOS,Cerrado,8,0.0,1.0,22.3,-20.40521,-48.56793
2020/10/04 16:54:00,NPP-375,Brasil,SÃO PAULO,BARRETOS,Cerrado,7,0.0,1.0,28.5,-20.41482,-48.56221
2020/10/04 16:54:00,NPP-375,Brasil,SÃO PAULO,BARRETOS,Cerrado,7,0.0,1.0,33.1,-20.41888,-48.56548
2020/10/04 16:54:00,NPP-375,Brasil,SÃO PAULO,BARRETOS,Cerrado,6,0.0,1.0,83.5,-20.42507,-48.56039
2020/10/04 16:54:00,NPP-375,Brasil,SÃO PAULO,BARRETOS,Cerrado,7,0.0,0.9,43.8,-20.42976,-48.56757
2020/10/04 16:54:00,NPP-375,Brasil,SÃO PAULO,BARRETOS,Cerrado,11,0.0,1.0,9.6,-20.59101,-48.72224
2020/10/04 16:54:00,NPP-375,Brasil,SÃO PAULO,BARRETOS,Cerrado,6,0.0,1.0,66.1,-20.4238,-48.5526
2020/10/04 16:54:00,NPP-375,Brasil,SÃO PAULO,BARRETOS,Cerrado,7,0.0,1.0,96.2,-20.42357,-48.57266
2020/10/04 16:54:00,NPP-375,Brasil,SÃO PAULO,BARRETOS,Cerrado,8,0.0,1.0,135.9,-20.41268,-48.57059
2020/10/04 16:54:00,NPP-375,Brasil,SÃO PAULO,BARRETOS,Cerrado,7,0.0,1.0,96.2,-20.42293,-48.56877
2020/10/04 16:54:00,NPP-375,Brasil,SÃO PAULO,BARRETOS,Cerrado,7,0.0,1.0,33.1,-20.42229,-48.56487
2020/10/04 17:05:00,AQUA_M-T,Brasil,SÃO PAULO,BARRETOS,Cerrado,7,0.0,0.5,15.1,-20.435,-48.577
2020/10/04 17:05:00,AQUA_M-T,Brasil,SÃO PAULO,BARRETOS,Cerrado,7,0.0,1.0,124.7,-20.415,-48.57
2020/10/04 17:05:00,AQUA_M-T,Brasil,SÃO PAULO,BARRETOS,Cerrado,6,0.0,1.0,146.6,-20.423,-48.558
2020/10/04 17:05:00,AQUA_M-T,Brasil,SÃO PAULO,BARRETOS,Cerrado,6,0.0,1.0,170.7,-20.432,-48.557
2020/10/04 17:05:00,AQUA_M-T,Brasil,SÃO PAULO,BARRETOS,Cerrado,7,0.0,1.0,56.8,-20.414,-48.56
2020/10/04 17:05:00,AQUA_M-T,Brasil,SÃO PAULO,BARRETOS,Cerrado,6,0.0,0.9,546.5,-20.434,-48.567
2020/10/04 17:05:00,AQUA_M-T,Brasil,SÃO PAULO,BARRETOS,Cerrado,8,0.0,1.0,23.2,-20.407,-48.568
2020/10/04 18:33:18,GOES-16,Brasil,SÃO PAULO,BARRETOS,Cerrado,9,0.0,1.0,,-20.39,-48.57
2020/10/04 18:33:18,GOES-16,Brasil,SÃO PAULO,BARRETOS,Cerrado,7,0.0,1.0,,-20.42,-48.57
2020/10/04 18:43:19,GOES-16,Brasil,SÃO PAULO,BARRETOS,Cerrado,6,0.0,1.0,,-20.42,-48.55
2020/10/04 19:03:19,GOES-16,Brasil,SÃO PAULO,BARRETOS,Cerrado,7,0.0,1.0,,-20.42,-48.57
2020/10/04 19:03:19,GOES-16,Brasil,SÃO PAULO,BARRETOS,Cerrado,6,0.0,1.0,,-20.42,-48.55
2020/10/04 21:25:50,NOAA-19,Brasil,SÃO PAULO,BARRETOS,Cerrado,8,0.0,1.0,,-20.4050827026,-48.5840682983
2020/10/04 21:25:50,NOAA-19,Brasil,SÃO PAULO,BARRETOS,Cerrado,9,0.0,1.0,,-20.396736145,-48.5958366394
2020/10/04 21:25:50,NOAA-19,Brasil,SÃO PAULO,BARRETOS,Cerrado,8,0.0,1.0,,-20.4037303925,-48.5745353699
2020/10/05 04:06:00,NPP-375D,Brasil,SÃO PAULO,BARRETOS,Cerrado,12,0.0,1.0,1.0,-20.59126,-48.71863
2020/10/05 04:06:00,NPP-375D,Brasil,SÃO PAULO,BARRETOS,Cerrado,7,0.0,1.0,1.7,-20.42291,-48.55383
2020/10/05 04:06:00,NPP-375D,Brasil,SÃO PAULO,BARRETOS,Cerrado,8,0.0,1.0,1.1,-20.42206,-48.55855
2020/10/05 04:06:00,NPP-375D,Brasil,SÃO PAULO,BARRETOS,Mata Atlântica,12,0.0,1.0,1.2,-20.59041,-48.7233
2020/10/05 04:06:00,NPP-375D,Brasil,SÃO PAULO,BARRETOS,Cerrado,8,0.0,1.0,1.1,-20.42121,-48.56328
2020/10/05 04:55:17,NOAA-20,Brasil,SÃO PAULO,BARRETOS,Cerrado,12,0.0,1.0,,-20.58999,-48.72106
2020/10/05 04:55:17,NOAA-20,Brasil,SÃO PAULO,BARRETOS,Mata Atlântica,12,0.0,1.0,,-20.59052,-48.72367
2020/10/05 04:55:17,NOAA-20,Brasil,SÃO PAULO,BARRETOS,Cerrado,12,0.0,1.0,,-20.59086,-48.72055
2020/10/05 13:25:00,TERRA_M-T,Brasil,SÃO PAULO,BARRETOS,Cerrado,8,0.0,0.9,19.5,-20.43,-48.569
2020/10/05 17:23:02,NOAA-20,Brasil,SÃO PAULO,BARRETOS,Cerrado,9,0.0,1.0,,-20.41079,-48.5745
2020/10/05 17:23:02,NOAA-20,Brasil,SÃO PAULO,BARRETOS,Mata Atlântica,12,0.0,1.0,,-20.51614,-48.86152
2020/10/05 17:23:02,NOAA-20,Brasil,SÃO PAULO,BARRETOS,Cerrado,9,0.0,1.0,,-20.40693,-48.57639
2020/10/06 16:18:00,NPP-375,Brasil,SÃO PAULO,BARRETOS,Mata Atlântica,13,0.0,1.0,21.3,-20.53256,-48.85859
2020/10/06 16:18:00,NPP-375,Brasil,SÃO PAULO,BARRETOS,Mata Atlântica,13,0.0,1.0,21.6,-20.52833,-48.86479
2020/10/06 16:18:00,NPP-375,Brasil,SÃO PAULO,BARRETOS,Mata Atlântica,13,0.0,1.0,21.6,-20.52349,-48.86532
2020/10/06 16:18:00,NPP-375,Brasil,SÃO PAULO,BARRETOS,Mata Atlântica,13,0.0,1.0,11.1,-20.51866,-48.86591
2020/10/06 16:18:00,NPP-375,Brasil,SÃO PAULO,BARRETOS,Mata Atlântica,13,0.0,1.0,21.6,-20.52773,-48.85917
2020/10/06 16:55:00,AQUA_M-T,Brasil,SÃO PAULO,BARRETOS,Mata Atlântica,13,0.0,1.0,62.1,-20.527,-48.865
2020/10/06 17:04:24,NOAA-20,Brasil,SÃO PAULO,BARRETOS,Mata Atlântica,13,0.0,1.0,,-20.53152,-48.86296
2020/10/06 17:04:24,NOAA-20,Brasil,SÃO PAULO,BARRETOS,Mata Atlântica,13,0.0,1.0,,-20.52674,-48.85866
2020/10/06 17:04:24,NOAA-20,Brasil,SÃO PAULO,BARRETOS,Mata Atlântica,13,0.0,1.0,,-20.51997,-48.86528
2020/10/06 17:04:24,NOAA-20,Brasil,SÃO PAULO,BARRETOS,Mata Atlântica,13,0.0,1.0,,-20.53444,-48.85712
2020/10/06 17:04:24,NOAA-20,Brasil,SÃO PAULO,BARRETOS,Mata Atlântica,13,0.0,1.0,,-20.5306,-48.8579
2020/10/07 16:00:00,NPP-375,Brasil,SÃO PAULO,BARRETOS,Cerrado,9,0.0,1.0,11.7,-20.43298,-48.56285
2020/10/07 16:00:00,NPP-375,Brasil,SÃO PAULO,BARRETOS,Cerrado,9,0.0,1.0,11.7,-20.43253,-48.55721
2020/10/07 16:00:00,NPP-375,Brasil,SÃO PAULO,BARRETOS,Cerrado,9,0.0,1.0,13.3,-20.43155,-48.5654
2020/10/07 16:00:00,NPP-375,Brasil,SÃO PAULO,BARRETOS,Cerrado,9,0.0,1.0,13.5,-20.43105,-48.55971
2020/10/07 16:00:00,NPP-375,Brasil,SÃO PAULO,BARRETOS,Cerrado,9,0.0,1.0,8.9,-20.43745,-48.55919
2020/10/07 16:45:01,NOAA-20,Brasil,SÃO PAULO,BARRETOS,Cerrado,9,0.0,1.0,,-20.47204,-48.56736
2020/10/08 13:55:00,TERRA_M-T,Brasil,SÃO PAULO,BARRETOS,Cerrado,9,2.1,1.0,333.3,-20.48,-48.515
2020/10/08 13:55:00,TERRA_M-T,Brasil,SÃO PAULO,BARRETOS,Cerrado,9,2.2,1.0,372.6,-20.48,-48.508
2020/10/08 13:55:00,TERRA_M-T,Brasil,SÃO PAULO,BARRETOS,Cerrado,8,2.1,1.0,34.1,-20.477,-48.528
2020/10/08 13:55:00,TERRA_M-T,Brasil,SÃO PAULO,BARRETOS,Cerrado,10,2.2,1.0,86.3,-20.482,-48.495
2020/10/08 15:03:28,MSG-03,Brasil,SÃO PAULO,BARRETOS,Cerrado,8,2.1,1.0,,-20.48,-48.54
2020/10/08 16:26:39,NOAA-20,Brasil,SÃO PAULO,BARRETOS,Cerrado,8,2.1,1.0,,-20.48342,-48.52534
2020/10/08 16:26:39,NOAA-20,Brasil,SÃO PAULO,BARRETOS,Cerrado,9,2.1,1.0,,-20.48598,-48.51472
2020/10/08 16:26:39,NOAA-20,Brasil,SÃO PAULO,BARRETOS,Cerrado,9,2.1,1.0,,-20.48149,-48.51028
2020/10/08 17:24:00,NPP-375,Brasil,SÃO PAULO,BARRETOS,Cerrado,9,2.1,1.0,97.8,-20.48412,-48.51603
2020/10/08 17:24:00,NPP-375,Brasil,SÃO PAULO,BARRETOS,Cerrado,9,2.1,1.0,97.8,-20.48528,-48.5218
2020/10/14 17:12:00,NPP-375,Brasil,SÃO PAULO,BARRETOS,Mata Atlântica,3,0.0,1.0,61.8,-20.68597,-48.74221
2020/10/17 04:29:57,NOAA-20,Brasil,SÃO PAULO,BARRETOS,Cerrado,2,0.0,1.0,,-20.49892,-48.63996
2020/10/29 04:50:00,AQUA_M-M,Brasil,SÃO PAULO,BARRETOS,Cerrado,2,1.8,0.9,35.2,-20.5,-48.63
2020/10/29 05:00:00,NPP-375D,Brasil,SÃO PAULO,BARRETOS,Cerrado,2,1.8,0.91,6.1,-20.50351,-48.6385
2020/10/29 05:00:00,NPP-375D,Brasil,SÃO PAULO,BARRETOS,Cerrado,2,1.8,0.9,6.1,-20.49875,-48.6347
2020/10/29 05:00:00,NPP-375D,Brasil,SÃO PAULO,BARRETOS,Cerrado,2,1.8,0.9,6.1,-20.49841,-48.63792
2020/10/29 05:00:00,NPP-375D,Brasil,SÃO PAULO,BARRETOS,Cerrado,2,1.8,0.9,1.9,-20.49909,-48.63147
2020/10/29 05:00:00,NPP-375D,Brasil,SÃO PAULO,BARRETOS,Cerrado,2,1.8,0.91,6.1,-20.50384,-48.6353
2020/10/29 05:00:00,NPP-375D,Brasil,SÃO PAULO,BARRETOS,Cerrado,2,1.8,0.92,1.9,-20.50418,-48.63209
2020/11/01 02:10:00,TERRA_M-M,Brasil,SÃO PAULO,BARRETOS,Cerrado,2,0.0,0.8,14.6,-20.5,-48.638
2020/11/01 02:10:00,TERRA_M-M,Brasil,SÃO PAULO,BARRETOS,Cerrado,2,0.0,0.9,16.0,-20.511,-48.636
2020/11/01 04:00:00,NPP-375D,Brasil,SÃO PAULO,BARRETOS,Cerrado,2,0.0,0.8,3.1,-20.50626,-48.63793
2020/11/01 04:00:00,NPP-375D,Brasil,SÃO PAULO,BARRETOS,Cerrado,2,0.0,0.8,1.0,-20.50293,-48.63327
2020/11/01 04:00:00,NPP-375D,Brasil,SÃO PAULO,BARRETOS,Cerrado,2,0.0,0.8,1.0,-20.50222,-48.63702
2020/11/01 04:00:00,NPP-375D,Brasil,SÃO PAULO,BARRETOS,Cerrado,2,0.0,0.9,5.6,-20.50696,-48.63419
2020/11/01 04:54:00,NOAA-20,Brasil,SÃO PAULO,BARRETOS,Cerrado,2,0.0,0.8,3.4,-20.50679,-48.63226
2020/11/01 04:54:00,NOAA-20,Brasil,SÃO PAULO,BARRETOS,Cerrado,2,0.0,0.8,3.4,-20.50163,-48.63675
2020/11/01 04:54:00,NOAA-20,Brasil,SÃO PAULO,BARRETOS,Cerrado,2,0.0,0.8,3.4,-20.50622,-48.63729
2020/11/01 16:30:00,NPP-375,Brasil,SÃO PAULO,BARRETOS,Cerrado,2,0.0,0.2,9.5,-20.50743,-48.57759
2020/11/02 00:15:51,METOP-B,Brasil,SÃO PAULO,BARRETOS,Cerrado,3,0.0,0.9,,-20.477399826049805,-48.60100173950195
2020/11/02 00:15:52,METOP-B,Brasil,SÃO PAULO,BARRETOS,Cerrado,3,0.0,0.9,,-20.46769905090332,-48.60260009765625
2020/11/02 03:42:00,NPP-375D,Brasil,SÃO PAULO,BARRETOS,Cerrado,3,0.0,0.9,2.1,-20.50788,-48.63448
2020/11/02 03:42:00,NPP-375D,Brasil,SÃO PAULO,BARRETOS,Cerrado,3,0.0,0.9,3.7,-20.50709,-48.63811
2020/11/02 04:30:00,NOAA-20,Brasil,SÃO PAULO,BARRETOS,Cerrado,3,0.0,0.9,0.7,-20.50431,-48.63833
2020/11/02 04:30:00,NOAA-20,Brasil,SÃO PAULO,BARRETOS,Cerrado,3,0.0,0.9,0.7,-20.5049,-48.63421
2020/11/02 04:30:00,NOAA-20,Brasil,SÃO PAULO,BARRETOS,Cerrado,3,0.0,1.0,2.6,-20.50839,-48.63474
2020/11/08 17:42:00,NPP-375,Brasil,SÃO PAULO,BARRETOS,Cerrado,9,0.0,1.0,6.5,-20.34438,-48.62732
2020/11/08 17:42:00,NPP-375,Brasil,SÃO PAULO,BARRETOS,Cerrado,9,0.0,0.8,6.5,-20.33804,-48.62896
2020/11/24 00:23:17,GOES-16,Brasil,SÃO PAULO,BARRETOS,Cerrado,5,0.7,1.0,,-20.66,-48.68
2020/11/24 00:44:44,NOAA-18D,Brasil,SÃO PAULO,BARRETOS,Cerrado,5,0.7,1.0,,-20.6165599823,-48.7086753845
2020/11/24 00:44:44,NOAA-18D,Brasil,SÃO PAULO,BARRETOS,Mata Atlântica,5,0.7,1.0,,-20.6193332672,-48.7292518616
2020/11/24 00:44:44,NOAA-18D,Brasil,SÃO PAULO,BARRETOS,Cerrado,5,0.7,1.0,,-20.6276473999,-48.7168045044
2020/11/24 00:44:44,NOAA-18D,Brasil,SÃO PAULO,BARRETOS,Cerrado,5,0.7,1.0,,-20.6179466248,-48.7189559937
2020/11/24 01:01:02,METOP-B,Brasil,SÃO PAULO,BARRETOS,Cerrado,5,0.7,1.0,,-20.66349983215332,-48.66450119018555
2020/11/24 01:01:02,METOP-B,Brasil,SÃO PAULO,BARRETOS,Cerrado,5,0.7,1.0,,-20.655500411987305,-48.67430114746094
2020/11/24 01:01:02,METOP-B,Brasil,SÃO PAULO,BARRETOS,Cerrado,5,0.7,1.0,,-20.657100677490234,-48.68170166015625
2020/11/24 01:01:02,METOP-B,Brasil,SÃO PAULO,BARRETOS,Cerrado,5,0.7,1.0,,-20.665199279785156,-48.67190170288086
2020/11/24 01:01:02,METOP-B,Brasil,SÃO PAULO,BARRETOS,Cerrado,5,0.7,1.0,,-20.666799545288086,-48.67919921875
2020/11/24 01:01:02,METOP-B,Brasil,SÃO PAULO,BARRETOS,Cerrado,5,0.6,1.0,,-20.653799057006836,-48.666900634765625
2020/11/24 01:03:16,GOES-16,Brasil,SÃO PAULO,BARRETOS,Cerrado,5,0.7,1.0,,-20.66,-48.68
2020/11/24 03:30:00,NPP-375D,Brasil,SÃO PAULO,BARRETOS,Cerrado,5,0.7,1.0,2.0,-20.66215,-48.68433
2020/11/24 03:30:00,NPP-375D,Brasil,SÃO PAULO,BARRETOS,Cerrado,5,0.7,1.0,2.1,-20.66608,-48.6801
2020/11/24 03:30:00,NPP-375D,Brasil,SÃO PAULO,BARRETOS,Cerrado,5,0.7,1.0,1.7,-20.66358,-48.67844
2020/11/24 04:18:00,NOAA-20,Brasil,SÃO PAULO,BARRETOS,Cerrado,5,0.7,1.0,2.9,-20.66006,-48.6795
2020/11/24 05:12:00,NPP-375D,Brasil,SÃO PAULO,BARRETOS,Cerrado,5,0.7,1.0,3.5,-20.6624,-48.67585
2020/11/24 05:12:00,NPP-375D,Brasil,SÃO PAULO,BARRETOS,Cerrado,5,0.7,1.0,3.5,-20.66194,-48.68093
2020/11/25 04:00:00,NOAA-20,Brasil,SÃO PAULO,BARRETOS,Cerrado,6,0.9,1.0,1.0,-20.65317,-48.68368
2020/11/27 04:12:00,NPP-375D,Brasil,SÃO PAULO,BARRETOS,Mata Atlântica,5,0.0,1.0,0.7,-20.68411,-48.78836
2020/12/20 17:00:00,NOAA-20,Brasil,SÃO PAULO,BARRETOS,Mata Atlântica,5,7.4,0.0,8.3,-20.58209,-48.83094
