DataHora,Satelite,Pais,Estado,Municipio,Bioma,DiaSemChuva,Precipitacao,RiscoFogo,FRP,Latitude,Longitude
2024/01/02 17:04:00,AQUA_M-T,Brasil,SÃO PAULO,NOVA GRANADA,Cerrado,0,0.98,0.38,25.6,-20.54684,-49.43139
2024/01/07 12:59:00,TERRA_M-T,Brasil,SÃO PAULO,NOVA GRANADA,Cerrado,2,0.55,0.5,8.2,-20.5466,-49.42521
2024/02/05 17:15:00,NOAA-21,Brasil,SÃO PAULO,NOVA GRANADA,Mata Atlântica,0,16.66,0.0,4.5,-20.47138,-49.23565
2024/05/16 16:09:00,NPP-375,Brasil,SÃO PAULO,NOVA GRANADA,Cerrado,31,0.0,0.63,44.6,-20.55457,-49.29689
2024/05/16 16:09:00,NPP-375,Brasil,SÃO PAULO,NOVA GRANADA,Cerrado,31,0.0,0.85,5.8,-20.54854,-49.2976
2024/05/16 16:37:00,NOAA-20,Brasil,SÃO PAULO,NOVA GRANADA,Cerrado,31,0.0,0.75,46.8,-20.55397,-49.29506
2024/05/16 17:24:00,NOAA-21,Brasil,SÃO PAULO,NOVA GRANADA,Cerrado,31,0.0,0.72,26.2,-20.55455,-49.29517
2024/05/16 17:24:00,NOAA-21,Brasil,SÃO PAULO,NOVA GRANADA,Cerrado,31,0.0,0.83,4.1,-20.55001,-49.29616
2024/05/16 17:24:00,NOAA-21,Brasil,SÃO PAULO,NOVA GRANADA,Cerrado,31,0.0,0.74,20.0,-20.55084,-49.29789
2024/05/16 17:24:00,NOAA-21,Brasil,SÃO PAULO,NOVA GRANADA,Cerrado,31,0.0,0.63,20.0,-20.55537,-49.29689
2024/05/16 17:49:00,NPP-375,Brasil,SÃO PAULO,NOVA GRANADA,Cerrado,31,0.0,0.71,5.7,-20.55528,-49.29535
2024/05/16 17:49:00,NPP-375,Brasil,SÃO PAULO,NOVA GRANADA,Cerrado,31,0.0,0.85,5.1,-20.55369,-49.29309
2024/05/16 17:58:00,AQUA_M-T,Brasil,SÃO PAULO,NOVA GRANADA,Cerrado,31,0.0,0.68,12.5,-20.55303,-49.29716
2024/05/16 18:47:00,GOES-16,Brasil,SÃO PAULO,NOVA GRANADA,Cerrado,31,0.0,0.91,90.1,-20.5633,-49.2991
2024/05/16 20:47:00,GOES-16,Brasil,SÃO PAULO,NOVA GRANADA,Cerrado,31,0.0,0.91,96.4,-20.5633,-49.2991
2024/05/16 21:37:00,GOES-16,Brasil,SÃO PAULO,NOVA GRANADA,Cerrado,31,0.0,0.91,105.4,-20.5633,-49.2991
2024/05/16 21:37:00,GOES-16,Brasil,SÃO PAULO,NOVA GRANADA,Cerrado,31,0.0,1.0,83.8,-20.564,-49.2761
2024/05/16 21:57:00,GOES-16,Brasil,SÃO PAULO,NOVA GRANADA,Cerrado,31,0.0,1.0,87.3,-20.564,-49.2761
2024/05/16 21:57:00,GOES-16,Brasil,SÃO PAULO,NOVA GRANADA,Cerrado,31,0.0,0.91,86.2,-20.5633,-49.2991
2024/05/16 22:07:00,GOES-16,Brasil,SÃO PAULO,NOVA GRANADA,Cerrado,31,0.0,0.91,98.3,-20.5633,-49.2991
2024/05/16 22:07:00,GOES-16,Brasil,SÃO PAULO,NOVA GRANADA,Cerrado,31,0.0,1.0,78.3,-20.564,-49.2761
2024/05/16 22:17:00,GOES-16,Brasil,SÃO PAULO,NOVA GRANADA,Cerrado,31,0.0,0.91,76.1,-20.5633,-49.2991
2024/05/17 00:36:37,METOP-C,Brasil,SÃO PAULO,NOVA GRANADA,Cerrado,32,0.0,0.78,,-20.557199478149414,-49.295101165771484
2024/05/17 03:47:00,NOAA-20,Brasil,SÃO PAULO,NOVA GRANADA,Cerrado,32,0.0,0.74,1.6,-20.55061,-49.29853
2024/05/17 03:47:00,NOAA-20,Brasil,SÃO PAULO,NOVA GRANADA,Cerrado,32,0.0,0.73,1.6,-20.55699,-49.29604
2024/05/17 03:47:00,NOAA-20,Brasil,SÃO PAULO,NOVA GRANADA,Cerrado,32,0.0,0.97,2.4,-20.55235,-49.29065
2024/05/17 03:47:00,NOAA-20,Brasil,SÃO PAULO,NOVA GRANADA,Cerrado,32,0.0,0.83,1.6,-20.55148,-49.2946
2024/05/17 04:36:00,NOAA-21,Brasil,SÃO PAULO,NOVA GRANADA,Cerrado,32,0.0,0.7,2.4,-20.55522,-49.29541
2024/05/17 04:36:00,NOAA-21,Brasil,SÃO PAULO,NOVA GRANADA,Cerrado,32,0.0,0.79,2.4,-20.55862,-49.29596
2024/05/17 04:36:00,NOAA-21,Brasil,SÃO PAULO,NOVA GRANADA,Cerrado,32,0.0,0.91,2.1,-20.55579,-49.29152
2024/05/17 05:01:00,NPP-375D,Brasil,SÃO PAULO,NOVA GRANADA,Cerrado,32,0.0,0.96,2.5,-20.55591,-49.29065
2024/05/17 05:01:00,NPP-375D,Brasil,SÃO PAULO,NOVA GRANADA,Cerrado,32,0.0,0.65,2.5,-20.55529,-49.29652
2024/05/17 05:01:00,NPP-375D,Brasil,SÃO PAULO,NOVA GRANADA,Cerrado,32,0.0,0.68,3.1,-20.55357,-49.29674
2024/05/17 13:04:00,TERRA_M-T,Brasil,SÃO PAULO,NOVA GRANADA,Cerrado,32,0.0,1.0,57.3,-20.56133,-49.28994
2024/05/17 13:04:00,TERRA_M-T,Brasil,SÃO PAULO,NOVA GRANADA,Cerrado,32,0.0,0.75,35.6,-20.5599,-49.30082
2024/05/17 13:57:00,GOES-16,Brasil,SÃO PAULO,NOVA GRANADA,Cerrado,32,0.0,0.91,109.7,-20.5633,-49.2991
2024/05/17 14:07:00,GOES-16,Brasil,SÃO PAULO,NOVA GRANADA,Cerrado,32,0.0,0.91,87.3,-20.5633,-49.2991
2024/05/17 14:17:00,GOES-16,Brasil,SÃO PAULO,NOVA GRANADA,Cerrado,32,0.0,0.91,92.9,-20.5633,-49.2991
2024/05/17 14:27:00,GOES-16,Brasil,SÃO PAULO,NOVA GRANADA,Cerrado,32,0.0,0.91,95.6,-20.5633,-49.2991
2024/05/17 16:16:00,NOAA-20,Brasil,SÃO PAULO,NOVA GRANADA,Cerrado,32,0.0,0.9,10.0,-20.5575,-49.29231
2024/05/17 16:16:00,NOAA-20,Brasil,SÃO PAULO,NOVA GRANADA,Cerrado,32,0.0,0.92,10.9,-20.56017,-49.29278
2024/05/17 16:16:00,NOAA-20,Brasil,SÃO PAULO,NOVA GRANADA,Cerrado,32,0.0,0.76,4.7,-20.55787,-49.29591
2024/05/17 17:02:00,AQUA_M-T,Brasil,SÃO PAULO,NOVA GRANADA,Cerrado,32,0.0,0.79,143.1,-20.56084,-49.29932
2024/05/17 17:02:00,AQUA_M-T,Brasil,SÃO PAULO,NOVA GRANADA,Cerrado,32,0.0,1.0,175.3,-20.57631,-49.29805
2024/05/17 17:02:00,AQUA_M-T,Brasil,SÃO PAULO,NOVA GRANADA,Cerrado,32,0.0,1.0,38.4,-20.57496,-49.32581
2024/05/17 17:02:00,AQUA_M-T,Brasil,SÃO PAULO,NOVA GRANADA,Cerrado,32,0.0,1.0,317.6,-20.57203,-49.29417
2024/05/17 17:05:00,NOAA-21,Brasil,SÃO PAULO,NOVA GRANADA,Cerrado,32,0.0,1.0,128.7,-20.5599,-49.28949
2024/05/17 17:05:00,NOAA-21,Brasil,SÃO PAULO,NOVA GRANADA,Cerrado,32,0.0,0.81,128.7,-20.55711,-49.2943
2024/05/17 17:05:00,NOAA-21,Brasil,SÃO PAULO,NOVA GRANADA,Cerrado,32,0.0,0.98,128.7,-20.55642,-49.29018
2024/05/17 17:32:00,NPP-375,Brasil,SÃO PAULO,NOVA GRANADA,Cerrado,32,0.0,0.98,76.6,-20.56349,-49.29232
2024/05/17 17:32:00,NPP-375,Brasil,SÃO PAULO,NOVA GRANADA,Cerrado,32,0.0,0.86,8.7,-20.55842,-49.29361
2024/05/17 17:32:00,NPP-375,Brasil,SÃO PAULO,NOVA GRANADA,Cerrado,32,0.0,1.0,57.1,-20.56281,-49.28914
2024/05/17 17:32:00,NPP-375,Brasil,SÃO PAULO,NOVA GRANADA,Cerrado,32,0.0,1.0,57.1,-20.56214,-49.28594
2024/05/17 17:32:00,NPP-375,Brasil,SÃO PAULO,NOVA GRANADA,Cerrado,32,0.0,0.78,8.7,-20.5591,-49.29682
2024/05/17 17:32:00,NPP-375,Brasil,SÃO PAULO,NOVA GRANADA,Cerrado,32,0.0,0.97,18.6,-20.55774,-49.29044
2024/05/17 20:07:00,GOES-16,Brasil,SÃO PAULO,NOVA GRANADA,Cerrado,32,0.0,1.0,124.2,-20.564,-49.2761
2024/05/17 20:07:00,GOES-16,Brasil,SÃO PAULO,NOVA GRANADA,Cerrado,32,0.0,0.91,90.1,-20.5633,-49.2991
2024/05/17 20:17:00,GOES-16,Brasil,SÃO PAULO,NOVA GRANADA,Cerrado,32,0.0,0.91,86.7,-20.5633,-49.2991
2024/05/17 20:17:00,GOES-16,Brasil,SÃO PAULO,NOVA GRANADA,Cerrado,32,0.0,1.0,86.6,-20.564,-49.2761
2024/05/17 20:47:00,GOES-16,Brasil,SÃO PAULO,NOVA GRANADA,Cerrado,32,0.0,1.0,112.0,-20.564,-49.2761
2024/05/17 21:37:00,GOES-16,Brasil,SÃO PAULO,NOVA GRANADA,Cerrado,32,0.0,1.0,87.4,-20.564,-49.2761
2024/05/17 21:47:00,GOES-16,Brasil,SÃO PAULO,NOVA GRANADA,Cerrado,32,0.0,1.0,81.9,-20.564,-49.2761
2024/05/18 01:11:00,TERRA_M-M,Brasil,SÃO PAULO,NOVA GRANADA,Cerrado,33,0.0,1.0,31.5,-20.57815,-49.32212
2024/05/18 01:11:00,TERRA_M-M,Brasil,SÃO PAULO,NOVA GRANADA,Cerrado,33,0.0,1.0,55.1,-20.57684,-49.31219
2024/05/18 01:27:00,GOES-16,Brasil,SÃO PAULO,NOVA GRANADA,Cerrado,33,0.0,1.0,110.0,-20.5832,-49.3176
2024/05/18 04:17:00,NOAA-21,Brasil,SÃO PAULO,NOVA GRANADA,Cerrado,33,0.0,1.0,2.9,-20.55965,-49.28634
2024/05/18 04:17:00,NOAA-21,Brasil,SÃO PAULO,NOVA GRANADA,Cerrado,33,0.0,0.98,2.9,-20.55892,-49.29057
2024/05/18 04:44:00,NPP-375D,Brasil,SÃO PAULO,NOVA GRANADA,Cerrado,33,0.0,1.0,1.6,-20.55776,-49.2864
2024/05/18 04:44:00,NPP-375D,Brasil,SÃO PAULO,NOVA GRANADA,Cerrado,33,0.0,0.95,1.6,-20.55714,-49.29097
2024/05/18 05:08:00,NOAA-20,Brasil,SÃO PAULO,NOVA GRANADA,Cerrado,33,0.0,1.0,0.9,-20.56048,-49.28959
2024/05/18 05:08:00,NOAA-20,Brasil,SÃO PAULO,NOVA GRANADA,Cerrado,33,0.0,1.0,0.9,-20.56086,-49.2858
2024/05/18 05:08:00,NOAA-20,Brasil,SÃO PAULO,NOVA GRANADA,Cerrado,33,0.0,1.0,0.9,-20.55497,-49.28913
2024/05/20 16:07:00,NOAA-21,Brasil,SÃO PAULO,NOVA GRANADA,Cerrado,35,0.0,1.0,34.5,-20.56031,-49.28214
2024/05/20 16:07:00,NOAA-21,Brasil,SÃO PAULO,NOVA GRANADA,Cerrado,35,0.0,1.0,52.2,-20.56074,-49.2869
2024/05/20 16:35:00,NPP-375,Brasil,SÃO PAULO,NOVA GRANADA,Cerrado,35,0.0,1.0,44.9,-20.56257,-49.28282
2024/05/20 16:35:00,NPP-375,Brasil,SÃO PAULO,NOVA GRANADA,Cerrado,35,0.0,1.0,9.8,-20.55855,-49.28334
2024/05/20 17:00:00,NOAA-20,Brasil,SÃO PAULO,NOVA GRANADA,Cerrado,35,0.0,1.0,49.9,-20.56528,-49.28575
2024/05/20 17:24:00,AQUA_M-T,Brasil,SÃO PAULO,NOVA GRANADA,Cerrado,35,0.0,0.95,32.3,-20.56271,-49.29435
2024/05/20 17:24:00,AQUA_M-T,Brasil,SÃO PAULO,NOVA GRANADA,Cerrado,35,0.0,1.0,51.0,-20.5612,-49.28265
2024/05/20 17:47:00,NOAA-21,Brasil,SÃO PAULO,NOVA GRANADA,Cerrado,35,0.0,1.0,25.9,-20.56248,-49.27904
2024/05/20 17:47:00,NOAA-21,Brasil,SÃO PAULO,NOVA GRANADA,Cerrado,35,0.0,1.0,22.8,-20.55929,-49.28292
2024/05/20 17:47:00,NOAA-21,Brasil,SÃO PAULO,NOVA GRANADA,Cerrado,35,0.0,1.0,25.9,-20.564,-49.28522
2024/05/20 17:47:00,NOAA-21,Brasil,SÃO PAULO,NOVA GRANADA,Cerrado,35,0.0,1.0,14.8,-20.56577,-49.28078
2024/05/20 18:27:00,GOES-16,Brasil,SÃO PAULO,NOVA GRANADA,Cerrado,34,0.0,0.92,69.7,-20.5633,-49.2991
2024/05/21 03:47:00,NPP-375D,Brasil,SÃO PAULO,NOVA GRANADA,Cerrado,36,0.0,1.0,0.8,-20.56318,-49.28372
2024/05/21 03:47:00,NPP-375D,Brasil,SÃO PAULO,NOVA GRANADA,Cerrado,36,0.0,1.0,0.8,-20.5623,-49.28767
2024/05/21 04:12:00,NOAA-20,Brasil,SÃO PAULO,NOVA GRANADA,Cerrado,36,0.0,1.0,3.5,-20.55967,-49.2843
2024/05/21 04:59:00,NOAA-21,Brasil,SÃO PAULO,NOVA GRANADA,Cerrado,36,0.0,1.0,3.0,-20.56225,-49.2827
2024/05/21 04:59:00,NOAA-21,Brasil,SÃO PAULO,NOVA GRANADA,Cerrado,36,0.0,1.0,1.6,-20.56364,-49.28245
2024/05/21 14:17:00,GOES-16,Brasil,SÃO PAULO,NOVA GRANADA,Cerrado,36,0.0,1.0,118.6,-20.564,-49.2761
2024/05/21 14:17:00,GOES-16,Brasil,SÃO PAULO,NOVA GRANADA,Cerrado,36,0.0,0.93,85.9,-20.5633,-49.2991
2024/05/21 14:27:00,GOES-16,Brasil,SÃO PAULO,NOVA GRANADA,Cerrado,36,0.0,1.0,87.7,-20.564,-49.2761
2024/05/21 14:37:00,GOES-16,Brasil,SÃO PAULO,NOVA GRANADA,Cerrado,36,0.0,1.0,102.1,-20.564,-49.2761
2024/05/21 14:47:00,GOES-16,Brasil,SÃO PAULO,NOVA GRANADA,Cerrado,36,0.0,1.0,81.2,-20.564,-49.2761
2024/05/21 14:57:00,GOES-16,Brasil,SÃO PAULO,NOVA GRANADA,Cerrado,36,0.0,1.0,95.7,-20.564,-49.2761
2024/05/21 15:07:00,GOES-16,Brasil,SÃO PAULO,NOVA GRANADA,Cerrado,36,0.0,1.0,82.4,-20.564,-49.2761
2024/05/21 16:16:00,NPP-375,Brasil,SÃO PAULO,NOVA GRANADA,Cerrado,36,0.0,1.0,12.1,-20.56258,-49.28394
2024/05/21 16:16:00,NPP-375,Brasil,SÃO PAULO,NOVA GRANADA,Cerrado,36,0.0,1.0,13.9,-20.56771,-49.27993
2024/05/21 16:16:00,NPP-375,Brasil,SÃO PAULO,NOVA GRANADA,Cerrado,36,0.0,1.0,15.6,-20.56807,-49.28359
2024/05/21 16:41:00,NOAA-20,Brasil,SÃO PAULO,NOVA GRANADA,Cerrado,36,0.0,1.0,65.0,-20.56769,-49.28439
2024/05/21 16:41:00,NOAA-20,Brasil,SÃO PAULO,NOVA GRANADA,Cerrado,36,0.0,1.0,12.2,-20.56405,-49.28488
2024/05/21 17:30:00,NOAA-21,Brasil,SÃO PAULO,NOVA GRANADA,Cerrado,36,0.0,1.0,39.3,-20.56735,-49.28683
2024/05/21 17:30:00,NOAA-21,Brasil,SÃO PAULO,NOVA GRANADA,Cerrado,36,0.0,1.0,33.2,-20.56605,-49.28065
2024/05/21 17:30:00,NOAA-21,Brasil,SÃO PAULO,NOVA GRANADA,Cerrado,36,0.0,1.0,39.3,-20.57166,-49.28239
2024/05/21 17:30:00,NOAA-21,Brasil,SÃO PAULO,NOVA GRANADA,Cerrado,36,0.0,1.0,33.2,-20.571,-49.27927
2024/05/21 18:06:00,AQUA_M-T,Brasil,SÃO PAULO,NOVA GRANADA,Cerrado,36,0.0,1.0,216.2,-20.56894,-49.28563
2024/05/22 03:53:00,NOAA-20,Brasil,SÃO PAULO,NOVA GRANADA,Cerrado,37,0.0,1.0,0.7,-20.5681,-49.28077
2024/05/22 03:53:00,NOAA-20,Brasil,SÃO PAULO,NOVA GRANADA,Cerrado,37,0.0,1.0,0.9,-20.56248,-49.28244
2024/05/22 03:53:00,NOAA-20,Brasil,SÃO PAULO,NOVA GRANADA,Cerrado,37,0.0,1.0,1.9,-20.56571,-49.28481
2024/05/22 03:53:00,NOAA-20,Brasil,SÃO PAULO,NOVA GRANADA,Cerrado,37,0.0,1.0,2.3,-20.56637,-49.28175
2024/05/22 03:53:00,NOAA-20,Brasil,SÃO PAULO,NOVA GRANADA,Cerrado,37,0.0,1.0,1.4,-20.56746,-49.28383
2024/05/22 04:42:00,NOAA-21,Brasil,SÃO PAULO,NOVA GRANADA,Cerrado,37,0.0,1.0,0.8,-20.56898,-49.27995
2024/05/22 04:42:00,NOAA-21,Brasil,SÃO PAULO,NOVA GRANADA,Cerrado,37,0.0,1.0,1.9,-20.56474,-49.28389
2024/05/22 04:42:00,NOAA-21,Brasil,SÃO PAULO,NOVA GRANADA,Cerrado,37,0.0,1.0,1.9,-20.56836,-49.28441
2024/05/22 05:08:00,NPP-375D,Brasil,SÃO PAULO,NOVA GRANADA,Cerrado,37,0.0,1.0,1.5,-20.56836,-49.28338
2024/05/23 00:07:00,GOES-16,Brasil,SÃO PAULO,NOVA GRANADA,Cerrado,38,0.0,1.0,59.0,-20.564,-49.2761
2024/05/23 00:12:08,METOP-C,Brasil,SÃO PAULO,NOVA GRANADA,Cerrado,38,0.0,1.0,,-20.54450035095215,-49.27180099487305
2024/05/23 00:12:08,METOP-C,Brasil,SÃO PAULO,NOVA GRANADA,Cerrado,38,0.0,1.0,,-20.554100036621094,-49.270198822021484
2024/05/23 00:12:08,METOP-C,Brasil,SÃO PAULO,NOVA GRANADA,Cerrado,38,0.0,0.76,,-20.558799743652344,-49.30080032348633
2024/05/23 00:17:00,GOES-16,Brasil,SÃO PAULO,NOVA GRANADA,Cerrado,38,0.0,0.93,68.0,-20.5633,-49.2991
2024/05/23 00:17:00,GOES-16,Brasil,SÃO PAULO,NOVA GRANADA,Cerrado,38,0.0,1.0,83.8,-20.564,-49.2761
2024/05/23 00:27:00,GOES-16,Brasil,SÃO PAULO,NOVA GRANADA,Cerrado,38,0.0,0.93,63.0,-20.5633,-49.2991
2024/05/23 00:27:00,GOES-16,Brasil,SÃO PAULO,NOVA GRANADA,Cerrado,38,0.0,1.0,61.7,-20.564,-49.2761
2024/05/23 00:37:00,GOES-16,Brasil,SÃO PAULO,NOVA GRANADA,Cerrado,38,0.0,1.0,52.9,-20.564,-49.2761
2024/05/23 00:47:00,GOES-16,Brasil,SÃO PAULO,NOVA GRANADA,Cerrado,38,0.0,0.93,67.3,-20.5633,-49.2991
2024/05/23 00:47:00,GOES-16,Brasil,SÃO PAULO,NOVA GRANADA,Cerrado,38,0.0,1.0,76.5,-20.564,-49.2761
2024/05/23 00:57:00,GOES-16,Brasil,SÃO PAULO,NOVA GRANADA,Cerrado,38,0.0,1.0,72.5,-20.564,-49.2761
2024/05/23 00:58:54,METOP-B,Brasil,SÃO PAULO,NOVA GRANADA,Cerrado,38,0.0,1.0,,-20.57349967956543,-49.280799865722656
2024/05/23 00:58:54,METOP-B,Brasil,SÃO PAULO,NOVA GRANADA,Cerrado,38,0.0,1.0,,-20.562000274658203,-49.27560043334961
2024/05/23 00:58:54,METOP-B,Brasil,SÃO PAULO,NOVA GRANADA,Cerrado,38,0.0,1.0,,-20.571699142456055,-49.273101806640625
2024/05/23 00:58:54,METOP-B,Brasil,SÃO PAULO,NOVA GRANADA,Cerrado,38,0.0,1.0,,-20.565500259399414,-49.29090118408203
2024/05/23 00:58:54,METOP-B,Brasil,SÃO PAULO,NOVA GRANADA,Cerrado,38,0.0,1.0,,-20.56369972229004,-49.28329849243164
2024/05/23 01:07:00,GOES-16,Brasil,SÃO PAULO,NOVA GRANADA,Cerrado,38,0.0,1.0,55.6,-20.564,-49.2761
2024/05/23 01:17:00,TERRA_M-M,Brasil,SÃO PAULO,NOVA GRANADA,Cerrado,38,0.0,1.0,25.9,-20.56937,-49.28811
2024/05/23 01:17:00,TERRA_M-M,Brasil,SÃO PAULO,NOVA GRANADA,Cerrado,38,0.0,1.0,83.5,-20.56048,-49.28954
2024/05/23 01:17:00,TERRA_M-M,Brasil,SÃO PAULO,NOVA GRANADA,Cerrado,38,0.0,0.87,19.8,-20.56181,-49.29899
2024/05/23 01:37:00,GOES-16,Brasil,SÃO PAULO,NOVA GRANADA,Cerrado,38,0.0,1.0,66.2,-20.564,-49.2761
2024/05/23 01:52:08,METOP-C,Brasil,SÃO PAULO,NOVA GRANADA,Cerrado,38,0.0,1.0,,-20.56570053100586,-49.280799865722656
2024/05/23 01:52:08,METOP-C,Brasil,SÃO PAULO,NOVA GRANADA,Cerrado,38,0.0,1.0,,-20.57509994506836,-49.27750015258789
2024/05/23 01:52:08,METOP-C,Brasil,SÃO PAULO,NOVA GRANADA,Cerrado,38,0.0,1.0,,-20.556299209594727,-49.28409957885742
2024/05/23 01:52:08,METOP-C,Brasil,SÃO PAULO,NOVA GRANADA,Cerrado,38,0.0,1.0,,-20.5762996673584,-49.31529998779297
2024/05/23 02:07:00,GOES-16,Brasil,SÃO PAULO,NOVA GRANADA,Cerrado,38,0.0,1.0,87.4,-20.564,-49.2761
2024/05/23 02:07:00,GOES-16,Brasil,SÃO PAULO,NOVA GRANADA,Cerrado,38,0.0,0.93,73.8,-20.5633,-49.2991
2024/05/23 02:27:00,GOES-16,Brasil,SÃO PAULO,NOVA GRANADA,Cerrado,38,0.0,0.93,79.8,-20.5633,-49.2991
2024/05/23 02:27:00,GOES-16,Brasil,SÃO PAULO,NOVA GRANADA,Cerrado,38,0.0,1.0,87.4,-20.564,-49.2761
2024/05/23 02:47:00,GOES-16,Brasil,SÃO PAULO,NOVA GRANADA,Cerrado,38,0.0,0.93,79.3,-20.5633,-49.2991
2024/05/23 02:47:00,GOES-16,Brasil,SÃO PAULO,NOVA GRANADA,Cerrado,38,0.0,1.0,88.3,-20.564,-49.2761
2024/05/23 02:57:00,GOES-16,Brasil,SÃO PAULO,NOVA GRANADA,Cerrado,38,0.0,1.0,58.7,-20.564,-49.2761
2024/05/23 03:07:00,GOES-16,Brasil,SÃO PAULO,NOVA GRANADA,Cerrado,38,0.0,1.0,57.1,-20.564,-49.2761
2024/05/23 03:07:00,GOES-16,Brasil,SÃO PAULO,NOVA GRANADA,Cerrado,38,0.0,0.93,60.9,-20.5633,-49.2991
2024/05/23 03:17:00,GOES-16,Brasil,SÃO PAULO,NOVA GRANADA,Cerrado,38,0.0,1.0,64.8,-20.564,-49.2761
2024/05/23 03:34:00,NOAA-20,Brasil,SÃO PAULO,NOVA GRANADA,Cerrado,38,0.0,0.94,33.0,-20.55968,-49.29264
2024/05/23 03:34:00,NOAA-20,Brasil,SÃO PAULO,NOVA GRANADA,Cerrado,38,0.0,1.0,33.0,-20.56119,-49.2865
2024/05/23 03:34:00,NOAA-20,Brasil,SÃO PAULO,NOVA GRANADA,Cerrado,38,0.0,0.99,32.5,-20.56375,-49.29145
2024/05/23 03:34:00,NOAA-20,Brasil,SÃO PAULO,NOVA GRANADA,Cerrado,38,0.0,1.0,48.7,-20.56521,-49.28537
2024/05/23 03:34:00,NOAA-20,Brasil,SÃO PAULO,NOVA GRANADA,Cerrado,38,0.0,1.0,7.6,-20.56622,-49.29466
2024/05/23 03:34:00,NOAA-20,Brasil,SÃO PAULO,NOVA GRANADA,Cerrado,38,0.0,1.0,7.6,-20.56771,-49.28865
2024/05/23 03:34:00,NOAA-20,Brasil,SÃO PAULO,NOVA GRANADA,Cerrado,38,0.0,1.0,32.5,-20.55722,-49.28931
2024/05/23 03:37:00,GOES-16,Brasil,SÃO PAULO,NOVA GRANADA,Cerrado,38,0.0,0.93,69.7,-20.5633,-49.2991
2024/05/23 03:37:00,GOES-16,Brasil,SÃO PAULO,NOVA GRANADA,Cerrado,38,0.0,1.0,72.9,-20.564,-49.2761
2024/05/23 03:47:00,GOES-16,Brasil,SÃO PAULO,NOVA GRANADA,Cerrado,38,0.0,1.0,61.9,-20.564,-49.2761
2024/05/23 03:57:00,GOES-16,Brasil,SÃO PAULO,NOVA GRANADA,Cerrado,38,0.0,1.0,58.0,-20.564,-49.2761
2024/05/23 04:21:00,NOAA-21,Brasil,SÃO PAULO,NOVA GRANADA,Cerrado,38,0.0,1.0,6.8,-20.5643,-49.28467
2024/05/23 04:21:00,NOAA-21,Brasil,SÃO PAULO,NOVA GRANADA,Cerrado,37,0.0,1.0,63.2,-20.5688,-49.28945
2024/05/23 04:21:00,NOAA-21,Brasil,SÃO PAULO,NOVA GRANADA,Cerrado,38,0.0,1.0,63.2,-20.56608,-49.28504
2024/05/23 04:21:00,NOAA-21,Brasil,SÃO PAULO,NOVA GRANADA,Cerrado,38,0.0,1.0,63.2,-20.56545,-49.28881
2024/05/23 04:21:00,NOAA-21,Brasil,SÃO PAULO,NOVA GRANADA,Cerrado,38,0.0,1.0,5.6,-20.56482,-49.2926
2024/05/23 04:21:00,NOAA-21,Brasil,SÃO PAULO,NOVA GRANADA,Cerrado,38,0.0,1.0,6.8,-20.56368,-49.28845
2024/05/23 04:21:00,NOAA-21,Brasil,SÃO PAULO,NOVA GRANADA,Cerrado,38,0.0,0.98,9.0,-20.56306,-49.29224
2024/05/23 04:21:00,NOAA-21,Brasil,SÃO PAULO,NOVA GRANADA,Cerrado,38,0.0,1.0,6.8,-20.56032,-49.28782
2024/05/23 04:51:00,NPP-375D,Brasil,SÃO PAULO,NOVA GRANADA,Cerrado,38,0.0,0.96,8.2,-20.56173,-49.29289
2024/05/23 04:51:00,NPP-375D,Brasil,SÃO PAULO,NOVA GRANADA,Cerrado,38,0.0,0.96,23.3,-20.56131,-49.29205
2024/05/23 04:51:00,NPP-375D,Brasil,SÃO PAULO,NOVA GRANADA,Cerrado,38,0.0,1.0,23.3,-20.56202,-49.28652
2024/05/23 04:51:00,NPP-375D,Brasil,SÃO PAULO,NOVA GRANADA,Cerrado,37,0.0,1.0,9.7,-20.57046,-49.2884
2024/05/23 04:51:00,NPP-375D,Brasil,SÃO PAULO,NOVA GRANADA,Cerrado,38,0.0,1.0,17.8,-20.57008,-49.28755
2024/05/23 04:51:00,NPP-375D,Brasil,SÃO PAULO,NOVA GRANADA,Cerrado,38,0.0,1.0,41.4,-20.56644,-49.28788
2024/05/23 04:51:00,NPP-375D,Brasil,SÃO PAULO,NOVA GRANADA,Cerrado,38,0.0,1.0,23.3,-20.56605,-49.28703
2024/05/23 04:51:00,NPP-375D,Brasil,SÃO PAULO,NOVA GRANADA,Cerrado,38,0.0,1.0,8.2,-20.56575,-49.29343
2024/05/23 04:51:00,NPP-375D,Brasil,SÃO PAULO,NOVA GRANADA,Cerrado,38,0.0,1.0,23.3,-20.56533,-49.29258
2024/05/23 04:51:00,NPP-375D,Brasil,SÃO PAULO,NOVA GRANADA,Cerrado,38,0.0,1.0,41.4,-20.56241,-49.28736
2024/05/23 04:57:00,GOES-16,Brasil,SÃO PAULO,NOVA GRANADA,Cerrado,38,0.0,1.0,60.1,-20.564,-49.2761
2024/05/23 05:07:00,GOES-16,Brasil,SÃO PAULO,NOVA GRANADA,Cerrado,38,0.0,1.0,69.0,-20.564,-49.2761
2024/05/23 05:14:00,NOAA-20,Brasil,SÃO PAULO,NOVA GRANADA,Cerrado,38,0.0,1.0,21.2,-20.56786,-49.28199
2024/05/23 05:14:00,NOAA-20,Brasil,SÃO PAULO,NOVA GRANADA,Cerrado,38,0.0,1.0,21.2,-20.5674,-49.28687
2024/05/23 05:14:00,NOAA-20,Brasil,SÃO PAULO,NOVA GRANADA,Cerrado,38,0.0,1.0,18.2,-20.56694,-49.29175
2024/05/23 05:14:00,NOAA-20,Brasil,SÃO PAULO,NOVA GRANADA,Cerrado,38,0.0,1.0,32.1,-20.5688,-49.2899
2024/05/23 05:14:00,NOAA-20,Brasil,SÃO PAULO,NOVA GRANADA,Cerrado,38,0.0,1.0,43.4,-20.56922,-49.28499
2024/05/23 05:14:00,NOAA-20,Brasil,SÃO PAULO,NOVA GRANADA,Cerrado,38,0.0,1.0,10.3,-20.56314,-49.28465
2024/05/23 05:14:00,NOAA-20,Brasil,SÃO PAULO,NOVA GRANADA,Cerrado,38,0.0,1.0,7.9,-20.56272,-49.28948
2024/05/23 05:14:00,NOAA-20,Brasil,SÃO PAULO,NOVA GRANADA,Cerrado,38,0.0,0.95,7.9,-20.56231,-49.29427
2024/05/23 05:14:00,NOAA-20,Brasil,SÃO PAULO,NOVA GRANADA,Cerrado,38,0.0,1.0,21.2,-20.56132,-49.28653
2024/05/23 05:14:00,NOAA-20,Brasil,SÃO PAULO,NOVA GRANADA,Cerrado,38,0.0,0.97,18.2,-20.56087,-49.29132
2024/05/23 05:17:00,GOES-16,Brasil,SÃO PAULO,NOVA GRANADA,Cerrado,38,0.0,1.0,63.1,-20.564,-49.2761
2024/05/23 05:27:00,GOES-16,Brasil,SÃO PAULO,NOVA GRANADA,Cerrado,38,0.0,1.0,50.2,-20.564,-49.2761
2024/05/23 05:40:00,AQUA_M-M,Brasil,SÃO PAULO,NOVA GRANADA,Cerrado,38,0.0,1.0,71.8,-20.56927,-49.28632
2024/05/23 16:03:00,NOAA-20,Brasil,SÃO PAULO,NOVA GRANADA,Cerrado,37,0.0,1.0,2.2,-20.42783,-49.36969
2024/05/23 22:57:00,GOES-16,Brasil,SÃO PAULO,NOVA GRANADA,Cerrado,38,0.0,1.0,54.1,-20.564,-49.2761
2024/05/23 23:17:00,GOES-16,Brasil,SÃO PAULO,NOVA GRANADA,Cerrado,38,0.0,1.0,73.1,-20.564,-49.2761
2024/05/23 23:27:00,GOES-16,Brasil,SÃO PAULO,NOVA GRANADA,Cerrado,38,0.0,0.93,63.3,-20.5633,-49.2991
2024/05/23 23:27:00,GOES-16,Brasil,SÃO PAULO,NOVA GRANADA,Cerrado,38,0.0,1.0,107.4,-20.564,-49.2761
2024/05/23 23:37:00,GOES-16,Brasil,SÃO PAULO,NOVA GRANADA,Cerrado,38,0.0,1.0,105.2,-20.564,-49.2761
2024/05/24 00:07:00,GOES-16,Brasil,SÃO PAULO,NOVA GRANADA,Cerrado,38,1.16,1.0,61.9,-20.564,-49.2761
2024/05/24 00:17:00,GOES-16,Brasil,SÃO PAULO,NOVA GRANADA,Cerrado,38,1.2,0.91,55.3,-20.5633,-49.2991
2024/05/24 00:17:00,GOES-16,Brasil,SÃO PAULO,NOVA GRANADA,Cerrado,38,1.16,1.0,94.4,-20.564,-49.2761
2024/05/24 00:37:00,GOES-16,Brasil,SÃO PAULO,NOVA GRANADA,Cerrado,38,1.16,1.0,93.6,-20.564,-49.2761
2024/05/24 00:38:43,METOP-B,Brasil,SÃO PAULO,NOVA GRANADA,Cerrado,38,1.18,1.0,,-20.572500228881836,-49.27009963989258
2024/05/24 00:38:43,METOP-B,Brasil,SÃO PAULO,NOVA GRANADA,Cerrado,38,1.2,1.0,,-20.57430076599121,-49.27920150756836
2024/05/24 00:38:43,METOP-B,Brasil,SÃO PAULO,NOVA GRANADA,Cerrado,38,1.11,1.0,,-20.57080078125,-49.26110076904297
2024/05/24 00:57:00,GOES-16,Brasil,SÃO PAULO,NOVA GRANADA,Cerrado,38,1.16,1.0,81.3,-20.564,-49.2761
2024/05/24 01:07:00,GOES-16,Brasil,SÃO PAULO,NOVA GRANADA,Cerrado,38,1.16,1.0,63.4,-20.564,-49.2761
2024/05/24 01:17:00,GOES-16,Brasil,SÃO PAULO,NOVA GRANADA,Cerrado,38,1.16,1.0,89.5,-20.564,-49.2761
2024/05/24 01:27:00,GOES-16,Brasil,SÃO PAULO,NOVA GRANADA,Cerrado,38,1.16,1.0,77.8,-20.564,-49.2761
2024/05/24 01:31:23,METOP-C,Brasil,SÃO PAULO,NOVA GRANADA,Cerrado,38,1.15,1.0,,-20.572399139404297,-49.26599884033203
2024/05/24 01:31:23,METOP-C,Brasil,SÃO PAULO,NOVA GRANADA,Cerrado,38,1.2,1.0,,-20.56719970703125,-49.285099029541016
2024/05/24 01:31:23,METOP-C,Brasil,SÃO PAULO,NOVA GRANADA,Cerrado,38,1.29,1.0,,-20.581199645996094,-49.29840087890625
2024/05/24 01:31:23,METOP-C,Brasil,SÃO PAULO,NOVA GRANADA,Cerrado,38,1.2,1.0,,-20.576799392700195,-49.28219985961914
2024/05/24 01:37:00,GOES-16,Brasil,SÃO PAULO,NOVA GRANADA,Cerrado,38,1.16,1.0,78.1,-20.564,-49.2761
2024/05/24 01:47:00,GOES-16,Brasil,SÃO PAULO,NOVA GRANADA,Cerrado,38,1.16,1.0,86.6,-20.564,-49.2761
2024/05/24 01:56:00,TERRA_M-M,Brasil,SÃO PAULO,NOVA GRANADA,Cerrado,38,1.2,1.0,132.5,-20.57372,-49.27848
2024/05/24 01:56:00,TERRA_M-M,Brasil,SÃO PAULO,NOVA GRANADA,Cerrado,38,1.2,1.0,161.9,-20.56813,-49.28533
2024/05/24 01:56:00,TERRA_M-M,Brasil,SÃO PAULO,NOVA GRANADA,Cerrado,38,1.34,1.0,50.1,-20.58142,-49.3157
2024/05/24 01:57:00,GOES-16,Brasil,SÃO PAULO,NOVA GRANADA,Cerrado,38,1.16,1.0,81.2,-20.564,-49.2761
2024/05/24 02:27:00,GOES-16,Brasil,SÃO PAULO,NOVA GRANADA,Cerrado,38,1.16,1.0,85.8,-20.564,-49.2761
2024/05/24 02:47:00,GOES-16,Brasil,SÃO PAULO,NOVA GRANADA,Cerrado,38,1.16,1.0,67.1,-20.564,-49.2761
2024/05/24 02:57:00,GOES-16,Brasil,SÃO PAULO,NOVA GRANADA,Cerrado,38,1.16,1.0,67.6,-20.564,-49.2761
2024/05/24 03:07:00,GOES-16,Brasil,SÃO PAULO,NOVA GRANADA,Cerrado,38,1.16,1.0,81.3,-20.564,-49.2761
2024/05/24 03:17:00,GOES-16,Brasil,SÃO PAULO,NOVA GRANADA,Cerrado,38,1.16,1.0,56.0,-20.564,-49.2761
2024/05/24 03:27:00,GOES-16,Brasil,SÃO PAULO,NOVA GRANADA,Cerrado,38,1.16,1.0,83.1,-20.564,-49.2761
2024/05/24 03:37:00,GOES-16,Brasil,SÃO PAULO,NOVA GRANADA,Cerrado,38,1.16,1.0,64.0,-20.564,-49.2761
2024/05/24 04:04:00,NOAA-21,Brasil,SÃO PAULO,NOVA GRANADA,Cerrado,38,1.2,1.0,66.8,-20.57098,-49.28041
2024/05/24 04:04:00,NOAA-21,Brasil,SÃO PAULO,NOVA GRANADA,Cerrado,38,1.2,1.0,8.5,-20.57019,-49.28449
2024/05/24 04:04:00,NOAA-21,Brasil,SÃO PAULO,NOVA GRANADA,Cerrado,38,1.2,1.0,1.8,-20.5668,-49.27943
2024/05/24 04:04:00,NOAA-21,Brasil,SÃO PAULO,NOVA GRANADA,Cerrado,38,1.2,1.0,66.8,-20.57516,-49.28136
2024/05/24 04:04:00,NOAA-21,Brasil,SÃO PAULO,NOVA GRANADA,Cerrado,38,1.2,1.0,8.5,-20.57437,-49.28544
2024/05/24 04:04:00,NOAA-21,Brasil,SÃO PAULO,NOVA GRANADA,Cerrado,38,1.2,1.0,66.8,-20.57596,-49.27725
2024/05/24 04:07:00,GOES-16,Brasil,SÃO PAULO,NOVA GRANADA,Cerrado,38,1.16,1.0,80.0,-20.564,-49.2761
2024/05/24 04:17:00,GOES-16,Brasil,SÃO PAULO,NOVA GRANADA,Cerrado,38,1.16,1.0,54.1,-20.564,-49.2761
2024/05/24 04:27:00,GOES-16,Brasil,SÃO PAULO,NOVA GRANADA,Cerrado,38,1.16,1.0,68.0,-20.564,-49.2761
2024/05/24 04:29:00,NPP-375D,Brasil,SÃO PAULO,NOVA GRANADA,Cerrado,38,1.2,1.0,6.4,-20.57064,-49.28437
2024/05/24 04:29:00,NPP-375D,Brasil,SÃO PAULO,NOVA GRANADA,Cerrado,38,1.2,1.0,5.1,-20.56789,-49.28009
2024/05/24 04:29:00,NPP-375D,Brasil,SÃO PAULO,NOVA GRANADA,Cerrado,38,1.2,1.0,2.0,-20.56731,-49.28379
2024/05/24 04:29:00,NPP-375D,Brasil,SÃO PAULO,NOVA GRANADA,Cerrado,38,1.18,1.0,5.1,-20.56846,-49.27638
2024/05/24 04:29:00,NPP-375D,Brasil,SÃO PAULO,NOVA GRANADA,Cerrado,38,1.21,1.0,3.7,-20.57789,-49.28182
2024/05/24 04:29:00,NPP-375D,Brasil,SÃO PAULO,NOVA GRANADA,Cerrado,38,1.2,1.0,42.6,-20.57455,-49.28125
2024/05/24 04:29:00,NPP-375D,Brasil,SÃO PAULO,NOVA GRANADA,Cerrado,38,1.2,1.0,42.6,-20.57513,-49.27754
2024/05/24 04:29:00,NPP-375D,Brasil,SÃO PAULO,NOVA GRANADA,Cerrado,38,1.2,1.0,6.4,-20.57398,-49.28495
2024/05/24 04:29:00,NPP-375D,Brasil,SÃO PAULO,NOVA GRANADA,Cerrado,38,1.2,1.0,42.6,-20.57122,-49.28066
2024/05/24 04:37:00,GOES-16,Brasil,SÃO PAULO,NOVA GRANADA,Cerrado,38,1.16,1.0,61.3,-20.564,-49.2761
2024/05/24 04:44:00,AQUA_M-M,Brasil,SÃO PAULO,NOVA GRANADA,Cerrado,38,1.2,1.0,90.3,-20.56494,-49.28193
2024/05/24 04:44:00,AQUA_M-M,Brasil,SÃO PAULO,NOVA GRANADA,Cerrado,38,1.1,0.96,63.6,-20.56933,-49.25909
2024/05/24 04:44:00,AQUA_M-M,Brasil,SÃO PAULO,NOVA GRANADA,Cerrado,38,1.2,1.0,43.1,-20.57105,-49.29058
2024/05/24 04:47:00,GOES-16,Brasil,SÃO PAULO,NOVA GRANADA,Cerrado,38,1.16,1.0,64.6,-20.564,-49.2761
2024/05/24 04:55:00,NOAA-20,Brasil,SÃO PAULO,NOVA GRANADA,Cerrado,38,1.19,1.0,17.3,-20.5685,-49.27774
2024/05/24 04:55:00,NOAA-20,Brasil,SÃO PAULO,NOVA GRANADA,Cerrado,38,1.2,1.0,11.6,-20.56795,-49.28246
2024/05/24 04:55:00,NOAA-20,Brasil,SÃO PAULO,NOVA GRANADA,Cerrado,38,1.19,1.0,17.3,-20.57352,-49.27358
2024/05/24 04:55:00,NOAA-20,Brasil,SÃO PAULO,NOVA GRANADA,Cerrado,38,1.2,1.0,17.3,-20.57296,-49.27826
2024/05/24 04:55:00,NOAA-20,Brasil,SÃO PAULO,NOVA GRANADA,Cerrado,38,1.2,1.0,11.6,-20.57241,-49.28296
2024/05/24 04:55:00,NOAA-20,Brasil,SÃO PAULO,NOVA GRANADA,Cerrado,38,1.16,1.0,17.3,-20.56906,-49.27301
2024/05/24 04:55:00,NOAA-20,Brasil,SÃO PAULO,NOVA GRANADA,Cerrado,38,1.21,1.0,3.7,-20.57687,-49.28351
2024/05/24 05:07:00,GOES-16,Brasil,SÃO PAULO,NOVA GRANADA,Cerrado,38,1.16,1.0,52.6,-20.564,-49.2761
2024/05/24 12:51:00,TERRA_M-T,Brasil,SÃO PAULO,NOVA GRANADA,Cerrado,38,1.2,1.0,14.9,-20.57184,-49.28137
2024/05/24 12:51:00,TERRA_M-T,Brasil,SÃO PAULO,NOVA GRANADA,Cerrado,38,1.19,1.0,5.8,-20.57324,-49.27189
2024/05/25 01:00:00,TERRA_M-M,Brasil,SÃO PAULO,NOVA GRANADA,Cerrado,0,0.0,0.97,10.7,-20.56793,-49.25944
2024/05/25 02:47:00,GOES-16,Brasil,SÃO PAULO,NOVA GRANADA,Cerrado,0,0.0,0.63,61.4,-20.5646,-49.2531
2024/05/25 02:57:00,GOES-16,Brasil,SÃO PAULO,NOVA GRANADA,Cerrado,0,0.0,0.63,56.9,-20.5646,-49.2531
2024/05/25 03:07:00,GOES-16,Brasil,SÃO PAULO,NOVA GRANADA,Cerrado,0,0.0,0.63,54.7,-20.5646,-49.2531
2024/05/25 03:17:00,GOES-16,Brasil,SÃO PAULO,NOVA GRANADA,Cerrado,0,0.0,0.63,65.8,-20.5646,-49.2531
2024/05/25 03:27:00,GOES-16,Brasil,SÃO PAULO,NOVA GRANADA,Cerrado,0,0.0,0.63,50.7,-20.5646,-49.2531
2024/05/25 03:47:00,NOAA-21,Brasil,SÃO PAULO,NOVA GRANADA,Cerrado,0,0.0,0.99,8.2,-20.56825,-49.25978
2024/05/25 03:47:00,NOAA-21,Brasil,SÃO PAULO,NOVA GRANADA,Cerrado,0,0.0,0.99,2.6,-20.57295,-49.26529
2024/05/25 03:47:00,NOAA-21,Brasil,SÃO PAULO,NOVA GRANADA,Cerrado,0,0.0,0.99,12.4,-20.57047,-49.26163
2024/05/25 03:47:00,NOAA-21,Brasil,SÃO PAULO,NOVA GRANADA,Cerrado,0,0.0,0.99,2.4,-20.56956,-49.26564
2024/05/25 03:47:00,NOAA-21,Brasil,SÃO PAULO,NOVA GRANADA,Cerrado,0,0.0,0.78,8.2,-20.56914,-49.25576
2024/05/25 03:47:00,NOAA-21,Brasil,SÃO PAULO,NOVA GRANADA,Cerrado,0,0.0,0.99,2.6,-20.56736,-49.26378
2024/05/25 04:12:00,NPP-375D,Brasil,SÃO PAULO,NOVA GRANADA,Cerrado,0,0.0,0.89,2.1,-20.56627,-49.25789
2024/05/25 04:12:00,NPP-375D,Brasil,SÃO PAULO,NOVA GRANADA,Cerrado,0,0.0,0.63,2.1,-20.56716,-49.25296
2024/05/25 04:12:00,NPP-375D,Brasil,SÃO PAULO,NOVA GRANADA,Cerrado,0,0.0,0.93,13.3,-20.57007,-49.25873
2024/05/25 04:12:00,NPP-375D,Brasil,SÃO PAULO,NOVA GRANADA,Cerrado,0,0.0,0.99,7.7,-20.56816,-49.26014
2024/05/25 04:12:00,NPP-375D,Brasil,SÃO PAULO,NOVA GRANADA,Cerrado,0,0.0,0.99,7.7,-20.57196,-49.26096
2024/05/25 04:38:00,NOAA-20,Brasil,SÃO PAULO,NOVA GRANADA,Cerrado,0,0.0,0.71,10.0,-20.56746,-49.25451
2024/05/25 04:38:00,NOAA-20,Brasil,SÃO PAULO,NOVA GRANADA,Cerrado,0,0.0,0.95,10.0,-20.57033,-49.25903
2024/05/28 04:27:00,NOAA-21,Brasil,SÃO PAULO,NOVA GRANADA,Cerrado,2,0.0,1.0,2.2,-20.5665,-49.29143
2024/05/28 04:27:00,NOAA-21,Brasil,SÃO PAULO,NOVA GRANADA,Cerrado,2,0.0,1.0,1.4,-20.56707,-49.28775
2024/05/29 00:34:36,METOP-B,Brasil,SÃO PAULO,NOVA GRANADA,Cerrado,3,0.0,1.0,,-20.567800521850586,-49.267601013183594
2024/05/29 00:34:36,METOP-B,Brasil,SÃO PAULO,NOVA GRANADA,Cerrado,3,0.0,1.0,,-20.569799423217773,-49.2775993347168
2024/05/29 01:28:25,METOP-C,Brasil,SÃO PAULO,NOVA GRANADA,Cerrado,3,0.0,1.0,,-20.56909942626953,-49.28630065917969
2024/05/29 01:28:25,METOP-C,Brasil,SÃO PAULO,NOVA GRANADA,Cerrado,3,0.0,1.0,,-20.56529998779297,-49.27199935913086
2024/05/29 04:10:00,NOAA-21,Brasil,SÃO PAULO,NOVA GRANADA,Cerrado,3,0.0,1.0,2.4,-20.56661,-49.2861
2024/05/29 04:10:00,NOAA-21,Brasil,SÃO PAULO,NOVA GRANADA,Cerrado,3,0.0,1.0,2.4,-20.57041,-49.28694
2024/05/29 05:01:00,NOAA-20,Brasil,SÃO PAULO,NOVA GRANADA,Cerrado,3,0.0,1.0,1.1,-20.56612,-49.28737
2024/05/29 05:01:00,NOAA-20,Brasil,SÃO PAULO,NOVA GRANADA,Cerrado,3,0.0,1.0,2.9,-20.5675,-49.28833
2024/05/29 05:01:00,NOAA-20,Brasil,SÃO PAULO,NOVA GRANADA,Cerrado,3,0.0,1.0,1.1,-20.57106,-49.28784
2024/06/07 17:11:00,NOAA-21,Brasil,SÃO PAULO,NOVA GRANADA,Cerrado,12,0.0,0.78,8.9,-20.56801,-49.25163
2024/06/15 16:45:00,NPP-375,Brasil,SÃO PAULO,NOVA GRANADA,Cerrado,20,0.0,1.0,9.2,-20.58974,-49.31786
2024/06/15 16:45:00,NPP-375,Brasil,SÃO PAULO,NOVA GRANADA,Cerrado,20,0.0,1.0,4.6,-20.59154,-49.31882
2024/06/15 16:45:00,NPP-375,Brasil,SÃO PAULO,NOVA GRANADA,Cerrado,20,0.0,1.0,21.6,-20.58753,-49.31536
2024/06/15 17:07:00,AQUA_M-T,Brasil,SÃO PAULO,NOVA GRANADA,Cerrado,20,0.0,1.0,70.9,-20.5966,-49.32201
2024/07/22 16:28:00,NOAA-21,Brasil,SÃO PAULO,NOVA GRANADA,Mata Atlântica,66,0.0,1.0,6.2,-20.51379,-49.2649
2024/08/04 14:07:00,GOES-16,Brasil,SÃO PAULO,NOVA GRANADA,Cerrado,64,0.0,1.0,278.0,-20.4802,-49.3628
2024/08/04 16:35:00,NOAA-20,Brasil,SÃO PAULO,NOVA GRANADA,Cerrado,57,0.0,1.0,41.7,-20.50353,-49.38309
2024/08/04 16:35:00,NOAA-20,Brasil,SÃO PAULO,NOVA GRANADA,Cerrado,67,0.0,1.0,11.1,-20.47753,-49.37127
2024/08/04 16:35:00,NOAA-20,Brasil,SÃO PAULO,NOVA GRANADA,Cerrado,68,0.0,1.0,11.1,-20.47798,-49.375
2024/08/04 16:35:00,NOAA-20,Brasil,SÃO PAULO,NOVA GRANADA,Cerrado,65,0.0,1.0,11.1,-20.48157,-49.37076
2024/08/04 16:35:00,NOAA-20,Brasil,SÃO PAULO,NOVA GRANADA,Cerrado,66,0.0,1.0,11.1,-20.48201,-49.37449
2024/08/04 16:35:00,NOAA-20,Brasil,SÃO PAULO,NOVA GRANADA,Cerrado,62,0.0,1.0,4.3,-20.4847,-49.3627
2024/08/04 16:35:00,NOAA-20,Brasil,SÃO PAULO,NOVA GRANADA,Cerrado,62,0.0,1.0,4.3,-20.48515,-49.36647
2024/08/04 16:35:00,NOAA-20,Brasil,SÃO PAULO,NOVA GRANADA,Cerrado,63,0.0,1.0,14.3,-20.4856,-49.37024
2024/08/04 16:35:00,NOAA-20,Brasil,SÃO PAULO,NOVA GRANADA,Cerrado,64,0.0,1.0,14.3,-20.48604,-49.37398
2024/08/04 16:35:00,NOAA-20,Brasil,SÃO PAULO,NOVA GRANADA,Cerrado,60,0.0,1.0,4.3,-20.48918,-49.36596
2024/08/04 16:35:00,NOAA-20,Brasil,SÃO PAULO,NOVA GRANADA,Cerrado,62,0.0,1.0,14.3,-20.49008,-49.37346
2024/08/04 16:35:00,NOAA-20,Brasil,SÃO PAULO,NOVA GRANADA,Cerrado,62,0.0,1.0,36.0,-20.49052,-49.37719
2024/08/04 16:35:00,NOAA-20,Brasil,SÃO PAULO,NOVA GRANADA,Cerrado,63,0.0,1.0,36.0,-20.49097,-49.38093
2024/08/04 16:35:00,NOAA-20,Brasil,SÃO PAULO,NOVA GRANADA,Cerrado,64,0.0,1.0,13.6,-20.49142,-49.38467
2024/08/04 16:35:00,NOAA-20,Brasil,SÃO PAULO,NOVA GRANADA,Cerrado,59,0.0,1.0,10.1,-20.49366,-49.36917
2024/08/04 16:35:00,NOAA-20,Brasil,SÃO PAULO,NOVA GRANADA,Cerrado,60,0.0,1.0,10.1,-20.49411,-49.37292
2024/08/04 16:35:00,NOAA-20,Brasil,SÃO PAULO,NOVA GRANADA,Cerrado,60,0.0,1.0,14.7,-20.49456,-49.37666
2024/08/04 16:35:00,NOAA-20,Brasil,SÃO PAULO,NOVA GRANADA,Cerrado,61,0.0,1.0,14.7,-20.49501,-49.3804
2024/08/04 16:35:00,NOAA-20,Brasil,SÃO PAULO,NOVA GRANADA,Cerrado,61,0.0,1.0,15.7,-20.49546,-49.38415
2024/08/04 16:35:00,NOAA-20,Brasil,SÃO PAULO,NOVA GRANADA,Cerrado,58,0.0,1.0,10.1,-20.49814,-49.37238
2024/08/04 16:35:00,NOAA-20,Brasil,SÃO PAULO,NOVA GRANADA,Cerrado,58,0.0,1.0,14.7,-20.49859,-49.37613
2024/08/04 16:35:00,NOAA-20,Brasil,SÃO PAULO,NOVA GRANADA,Cerrado,59,0.0,1.0,14.7,-20.49904,-49.37988
2024/08/04 16:35:00,NOAA-20,Brasil,SÃO PAULO,NOVA GRANADA,Cerrado,59,0.0,1.0,15.7,-20.49949,-49.38362
2024/08/04 16:35:00,NOAA-20,Brasil,SÃO PAULO,NOVA GRANADA,Cerrado,56,0.0,1.0,11.3,-20.50262,-49.37559
2024/08/04 16:35:00,NOAA-20,Brasil,SÃO PAULO,NOVA GRANADA,Cerrado,57,0.0,1.0,11.3,-20.50307,-49.37934
2024/08/04 16:35:00,NOAA-20,Brasil,SÃO PAULO,NOVA GRANADA,Cerrado,55,0.0,1.0,11.3,-20.5071,-49.37877
2024/08/04 17:26:00,NOAA-21,Brasil,SÃO PAULO,NOVA GRANADA,Cerrado,56,0.0,1.0,14.9,-20.50319,-49.37807
2024/08/04 17:26:00,NOAA-21,Brasil,SÃO PAULO,NOVA GRANADA,Cerrado,56,0.0,1.0,14.9,-20.50221,-49.37318
2024/08/04 17:26:00,NOAA-21,Brasil,SÃO PAULO,NOVA GRANADA,Cerrado,59,0.0,1.0,31.2,-20.49963,-49.38403
2024/08/04 17:26:00,NOAA-21,Brasil,SÃO PAULO,NOVA GRANADA,Cerrado,58,0.0,1.0,14.9,-20.49768,-49.37422
2024/08/04 17:26:00,NOAA-21,Brasil,SÃO PAULO,NOVA GRANADA,Cerrado,58,0.0,1.0,16.3,-20.49671,-49.36934
2024/08/04 17:26:00,NOAA-21,Brasil,SÃO PAULO,NOVA GRANADA,Cerrado,60,0.0,1.0,17.0,-20.49217,-49.37038
2024/08/04 17:26:00,NOAA-21,Brasil,SÃO PAULO,NOVA GRANADA,Cerrado,64,0.0,1.0,11.2,-20.49058,-49.38617
2024/08/04 17:26:00,NOAA-21,Brasil,SÃO PAULO,NOVA GRANADA,Cerrado,64,0.0,1.0,21.9,-20.48959,-49.38126
2024/08/04 17:26:00,NOAA-21,Brasil,SÃO PAULO,NOVA GRANADA,Cerrado,63,0.0,1.0,21.9,-20.48862,-49.37635
2024/08/04 17:26:00,NOAA-21,Brasil,SÃO PAULO,NOVA GRANADA,Cerrado,62,0.0,1.0,17.0,-20.48764,-49.37143
2024/08/04 17:26:00,NOAA-21,Brasil,SÃO PAULO,NOVA GRANADA,Cerrado,66,0.0,1.0,12.9,-20.48507,-49.38233
2024/08/04 17:26:00,NOAA-21,Brasil,SÃO PAULO,NOVA GRANADA,Cerrado,66,0.0,1.0,12.9,-20.48409,-49.37743
2024/08/04 17:26:00,NOAA-21,Brasil,SÃO PAULO,NOVA GRANADA,Cerrado,67,0.0,1.0,18.5,-20.47858,-49.3736
2024/08/04 17:26:00,NOAA-21,Brasil,SÃO PAULO,NOVA GRANADA,Cerrado,66,0.0,1.0,18.5,-20.4776,-49.36873
2024/08/04 17:26:00,NOAA-21,Brasil,SÃO PAULO,NOVA GRANADA,Cerrado,57,0.0,1.0,31.2,-20.50513,-49.38789
2024/08/04 17:26:00,NOAA-21,Brasil,SÃO PAULO,NOVA GRANADA,Cerrado,57,0.0,1.0,31.2,-20.50416,-49.38297
2024/08/04 17:49:00,NPP-375,Brasil,SÃO PAULO,NOVA GRANADA,Cerrado,55,0.0,1.0,25.0,-20.50785,-49.38317
2024/08/04 17:49:00,NPP-375,Brasil,SÃO PAULO,NOVA GRANADA,Cerrado,56,0.0,1.0,32.7,-20.5066,-49.38607
2024/08/04 17:49:00,NPP-375,Brasil,SÃO PAULO,NOVA GRANADA,Cerrado,55,0.0,1.0,25.0,-20.50635,-49.377
2024/08/04 17:49:00,NPP-375,Brasil,SÃO PAULO,NOVA GRANADA,Cerrado,56,0.0,1.0,45.7,-20.50512,-49.37984
2024/08/04 17:49:00,NPP-375,Brasil,SÃO PAULO,NOVA GRANADA,Cerrado,54,0.0,1.0,22.7,-20.50483,-49.37078
2024/08/04 17:49:00,NPP-375,Brasil,SÃO PAULO,NOVA GRANADA,Cerrado,55,0.0,1.0,45.7,-20.50364,-49.37364
2024/08/04 17:49:00,NPP-375,Brasil,SÃO PAULO,NOVA GRANADA,Cerrado,55,0.0,1.0,31.2,-20.50217,-49.36745
2024/08/04 17:49:00,NPP-375,Brasil,SÃO PAULO,NOVA GRANADA,Cerrado,59,0.0,1.0,25.0,-20.50117,-49.38491
2024/08/04 17:49:00,NPP-375,Brasil,SÃO PAULO,NOVA GRANADA,Cerrado,58,0.0,1.0,25.0,-20.49965,-49.3787
2024/08/04 17:49:00,NPP-375,Brasil,SÃO PAULO,NOVA GRANADA,Cerrado,58,0.0,1.0,22.7,-20.49813,-49.37251
2024/08/04 17:49:00,NPP-375,Brasil,SÃO PAULO,NOVA GRANADA,Cerrado,59,0.0,1.0,12.7,-20.49696,-49.37543
2024/08/04 17:49:00,NPP-375,Brasil,SÃO PAULO,NOVA GRANADA,Cerrado,57,0.0,1.0,22.7,-20.49665,-49.36642
2024/08/04 17:49:00,NPP-375,Brasil,SÃO PAULO,NOVA GRANADA,Cerrado,58,0.0,1.0,13.0,-20.49549,-49.36925
2024/08/04 17:49:00,NPP-375,Brasil,SÃO PAULO,NOVA GRANADA,Cerrado,62,0.0,1.0,11.7,-20.493,-49.38056
2024/08/04 17:49:00,NPP-375,Brasil,SÃO PAULO,NOVA GRANADA,Cerrado,63,0.0,1.0,12.7,-20.4918,-49.38357
2024/08/04 17:49:00,NPP-375,Brasil,SÃO PAULO,NOVA GRANADA,Cerrado,61,0.0,1.0,10.4,-20.48996,-49.36816
2024/08/04 17:49:00,NPP-375,Brasil,SÃO PAULO,NOVA GRANADA,Cerrado,62,0.0,1.0,13.0,-20.48882,-49.37107
2024/08/04 17:49:00,NPP-375,Brasil,SÃO PAULO,NOVA GRANADA,Cerrado,65,0.0,1.0,10.4,-20.48482,-49.37624
2024/08/04 17:49:00,NPP-375,Brasil,SÃO PAULO,NOVA GRANADA,Cerrado,66,0.0,1.0,6.6,-20.48367,-49.37928
2024/08/04 17:49:00,NPP-375,Brasil,SÃO PAULO,NOVA GRANADA,Cerrado,64,0.0,1.0,10.4,-20.48329,-49.37001
2024/08/04 17:49:00,NPP-375,Brasil,SÃO PAULO,NOVA GRANADA,Cerrado,64,0.0,1.0,18.9,-20.48071,-49.3669
2024/08/04 17:49:00,NPP-375,Brasil,SÃO PAULO,NOVA GRANADA,Cerrado,68,0.0,1.0,7.1,-20.47666,-49.37199
2024/08/04 17:49:00,NPP-375,Brasil,SÃO PAULO,NOVA GRANADA,Cerrado,52,0.0,1.0,32.7,-20.5133,-49.38442
2024/08/04 17:49:00,NPP-375,Brasil,SÃO PAULO,NOVA GRANADA,Cerrado,55,0.0,1.0,34.0,-20.50937,-49.38939
2024/08/04 19:03:27,MSG-03,Brasil,SÃO PAULO,NOVA GRANADA,Cerrado,59,0.0,1.0,,-20.49,-49.36
2024/08/04 19:03:27,MSG-03,Brasil,SÃO PAULO,NOVA GRANADA,Cerrado,73,0.0,1.0,,-20.49,-49.42
2024/08/04 19:03:27,MSG-03,Brasil,SÃO PAULO,NOVA GRANADA,Cerrado,48,0.0,1.0,,-20.52,-49.38
2024/08/04 19:17:00,GOES-16,Brasil,SÃO PAULO,NOVA GRANADA,Cerrado,59,0.0,1.0,363.3,-20.5001,-49.3813
2024/08/04 19:17:00,GOES-16,Brasil,SÃO PAULO,NOVA GRANADA,Cerrado,48,0.0,1.0,464.2,-20.5205,-49.3769
2024/08/05 04:36:00,NOAA-21,Brasil,SÃO PAULO,NOVA GRANADA,Cerrado,57,0.0,1.0,0.8,-20.50175,-49.37289
2024/08/05 04:36:00,NOAA-21,Brasil,SÃO PAULO,NOVA GRANADA,Cerrado,68,0.0,1.0,1.4,-20.48588,-49.38622
2024/08/05 04:36:00,NOAA-21,Brasil,SÃO PAULO,NOVA GRANADA,Cerrado,59,0.0,1.0,0.5,-20.50346,-49.38511
2024/08/05 04:36:00,NOAA-21,Brasil,SÃO PAULO,NOVA GRANADA,Cerrado,55,0.0,1.0,0.6,-20.51254,-49.39456
2024/08/05 04:36:00,NOAA-21,Brasil,SÃO PAULO,NOVA GRANADA,Cerrado,57,0.0,1.0,0.5,-20.50687,-49.38567
2024/08/05 04:36:00,NOAA-21,Brasil,SÃO PAULO,NOVA GRANADA,Cerrado,56,0.0,1.0,1.6,-20.50971,-49.39012
2024/08/05 04:36:00,NOAA-21,Brasil,SÃO PAULO,NOVA GRANADA,Cerrado,58,0.0,1.0,2.2,-20.50118,-49.37678
2024/08/05 04:36:00,NOAA-21,Brasil,SÃO PAULO,NOVA GRANADA,Cerrado,53,0.0,1.0,0.7,-20.51196,-49.37461
2024/08/05 05:01:00,NPP-375D,Brasil,SÃO PAULO,NOVA GRANADA,Cerrado,57,0.0,1.0,1.1,-20.50269,-49.3744
2024/08/05 05:01:00,NPP-375D,Brasil,SÃO PAULO,NOVA GRANADA,Cerrado,59,0.0,1.0,0.7,-20.49777,-49.37381
2024/08/05 16:13:00,NOAA-20,Brasil,SÃO PAULO,NOVA GRANADA,Cerrado,53,0.0,1.0,80.9,-20.54633,-49.30309
2024/08/05 16:13:00,NOAA-20,Brasil,SÃO PAULO,NOVA GRANADA,Cerrado,52,0.0,1.0,46.2,-20.5467,-49.3068
2024/08/05 17:05:00,NOAA-21,Brasil,SÃO PAULO,NOVA GRANADA,Cerrado,52,0.0,1.0,4.0,-20.51384,-49.37541
2024/08/05 17:05:00,NOAA-21,Brasil,SÃO PAULO,NOVA GRANADA,Cerrado,60,0.0,1.0,2.1,-20.50126,-49.38626
2024/08/06 04:19:00,NOAA-21,Brasil,SÃO PAULO,NOVA GRANADA,Cerrado,59,0.0,1.0,0.7,-20.50163,-49.37708
2024/08/19 19:36:59,GOES-16,Brasil,SÃO PAULO,NOVA GRANADA,Cerrado,73,0.0,1.0,173.2,-20.5044,-49.2205
2024/08/19 19:56:59,GOES-16,Brasil,SÃO PAULO,NOVA GRANADA,Cerrado,73,0.0,1.0,224.7,-20.5044,-49.2205
2024/08/19 20:06:59,GOES-16,Brasil,SÃO PAULO,NOVA GRANADA,Cerrado,73,0.0,1.0,322.5,-20.5044,-49.2205
2024/08/19 20:06:59,GOES-16,Brasil,SÃO PAULO,NOVA GRANADA,Cerrado,65,0.0,1.0,115.1,-20.5249,-49.2161
2024/08/19 20:16:59,GOES-16,Brasil,SÃO PAULO,NOVA GRANADA,Cerrado,65,0.0,1.0,80.3,-20.5249,-49.2161
2024/08/19 20:16:59,GOES-16,Brasil,SÃO PAULO,NOVA GRANADA,Cerrado,73,0.0,1.0,250.0,-20.5044,-49.2205
2024/08/20 04:04:00,NOAA-20,Brasil,SÃO PAULO,NOVA GRANADA,Cerrado,66,0.0,1.0,1.0,-20.50325,-49.21158
2024/08/20 16:09:00,NPP-375,Brasil,SÃO PAULO,NOVA GRANADA,Cerrado,61,0.0,1.0,8.6,-20.50806,-49.20731
2024/08/20 16:09:00,NPP-375,Brasil,SÃO PAULO,NOVA GRANADA,Cerrado,67,0.0,1.0,8.6,-20.50249,-49.21259
2024/08/20 16:09:00,NPP-375,Brasil,SÃO PAULO,NOVA GRANADA,Cerrado,65,0.0,1.0,8.6,-20.50846,-49.21184
2024/08/20 16:09:00,NPP-375,Brasil,SÃO PAULO,NOVA GRANADA,Cerrado,63,0.0,1.0,107.5,-20.51443,-49.21107
2024/08/20 16:09:00,NPP-375,Brasil,SÃO PAULO,NOVA GRANADA,Cerrado,67,0.0,1.0,144.6,-20.51484,-49.21555
2024/08/20 16:09:00,NPP-375,Brasil,SÃO PAULO,NOVA GRANADA,Cerrado,58,0.0,1.0,107.5,-20.52,-49.20582
2024/08/20 16:09:00,NPP-375,Brasil,SÃO PAULO,NOVA GRANADA,Cerrado,61,0.0,1.0,107.5,-20.52041,-49.21032
2024/08/20 16:26:59,GOES-16,Brasil,SÃO PAULO,NOVA GRANADA,Cerrado,65,0.0,1.0,78.2,-20.5249,-49.2161
2024/08/20 16:35:00,NOAA-20,Brasil,SÃO PAULO,NOVA GRANADA,Cerrado,54,0.0,1.0,365.3,-20.51599,-49.2006
2024/08/20 16:35:00,NOAA-20,Brasil,SÃO PAULO,NOVA GRANADA,Cerrado,67,0.0,1.0,10.3,-20.50535,-49.21323
2024/08/20 16:35:00,NOAA-20,Brasil,SÃO PAULO,NOVA GRANADA,Cerrado,61,0.0,1.0,171.7,-20.50868,-49.2072
2024/08/20 16:35:00,NOAA-20,Brasil,SÃO PAULO,NOVA GRANADA,Cerrado,60,0.0,1.0,171.7,-20.51266,-49.20658
2024/08/20 16:36:59,GOES-16,Brasil,SÃO PAULO,NOVA GRANADA,Cerrado,65,0.0,1.0,75.4,-20.5249,-49.2161
2024/08/20 17:26:00,NOAA-21,Brasil,SÃO PAULO,NOVA GRANADA,Cerrado,56,0.0,1.0,95.4,-20.51305,-49.20248
2024/08/20 17:26:00,NOAA-21,Brasil,SÃO PAULO,NOVA GRANADA,Cerrado,50,0.0,1.0,113.3,-20.5166,-49.1963
2024/08/20 17:26:00,NOAA-21,Brasil,SÃO PAULO,NOVA GRANADA,Cerrado,54,0.0,1.0,95.4,-20.51763,-49.20146
2024/08/20 17:26:00,NOAA-21,Brasil,SÃO PAULO,NOVA GRANADA,Cerrado,66,0.0,1.0,9.8,-20.51051,-49.21362
2024/08/20 17:26:00,NOAA-21,Brasil,SÃO PAULO,NOVA GRANADA,Cerrado,62,0.0,1.0,10.2,-20.50949,-49.20853
2024/08/20 17:26:00,NOAA-21,Brasil,SÃO PAULO,NOVA GRANADA,Cerrado,58,0.0,1.0,10.2,-20.50846,-49.20345
2024/08/20 17:26:00,NOAA-21,Brasil,SÃO PAULO,NOVA GRANADA,Cerrado,64,0.0,1.0,10.2,-20.50489,-49.20947
2024/08/20 17:34:00,AQUA_M-T,Brasil,SÃO PAULO,NOVA GRANADA,Cerrado,52,0.0,1.0,128.8,-20.50807,-49.19747
2024/08/20 17:34:00,AQUA_M-T,Brasil,SÃO PAULO,NOVA GRANADA,Mata Atlântica,75,0.0,1.0,19.2,-20.50147,-49.22033
2024/08/20 17:34:00,AQUA_M-T,Brasil,SÃO PAULO,NOVA GRANADA,Cerrado,59,0.0,1.0,15.4,-20.51894,-49.20669
2024/08/20 17:34:00,AQUA_M-T,Brasil,SÃO PAULO,NOVA GRANADA,Cerrado,50,0.0,1.0,57.2,-20.51751,-49.19603
2024/08/20 17:34:00,AQUA_M-T,Brasil,SÃO PAULO,NOVA GRANADA,Cerrado,62,0.0,1.0,158.7,-20.5095,-49.20818
2024/08/20 17:49:00,NPP-375,Brasil,SÃO PAULO,NOVA GRANADA,Cerrado,56,0.0,1.0,5.1,-20.51702,-49.20295
2024/08/20 17:49:00,NPP-375,Brasil,SÃO PAULO,NOVA GRANADA,Cerrado,50,0.0,1.0,8.9,-20.51538,-49.19609
2024/08/20 17:49:00,NPP-375,Brasil,SÃO PAULO,NOVA GRANADA,Cerrado,58,0.0,1.0,6.5,-20.51024,-49.20458
2024/08/20 17:49:00,NPP-375,Brasil,SÃO PAULO,NOVA GRANADA,Cerrado,53,0.0,1.0,14.0,-20.51619,-49.19917
2024/08/21 02:36:59,GOES-16,Brasil,SÃO PAULO,NOVA GRANADA,Cerrado,66,0.0,1.0,53.3,-20.5249,-49.2161
2024/08/21 02:46:59,GOES-16,Brasil,SÃO PAULO,NOVA GRANADA,Cerrado,66,0.0,1.0,105.6,-20.5249,-49.2161
2024/08/21 02:46:59,GOES-16,Brasil,SÃO PAULO,NOVA GRANADA,Cerrado,75,0.0,1.0,75.5,-20.5044,-49.2205
2024/08/21 02:56:59,GOES-16,Brasil,SÃO PAULO,NOVA GRANADA,Cerrado,75,0.0,1.0,71.5,-20.5044,-49.2205
2024/08/21 03:47:00,NOAA-20,Brasil,SÃO PAULO,NOVA GRANADA,Cerrado,67,0.0,1.0,0.9,-20.50387,-49.21215
2024/08/21 04:36:00,NOAA-21,Brasil,SÃO PAULO,NOVA GRANADA,Cerrado,67,0.0,1.0,1.0,-20.50461,-49.21182
2024/08/21 04:36:00,NOAA-21,Brasil,SÃO PAULO,NOVA GRANADA,Cerrado,59,0.0,1.0,3.2,-20.50575,-49.20396
2024/08/21 04:36:00,NOAA-21,Brasil,SÃO PAULO,NOVA GRANADA,Cerrado,67,0.0,1.0,1.0,-20.50802,-49.21239
2024/08/21 05:01:00,NPP-375D,Brasil,SÃO PAULO,NOVA GRANADA,Cerrado,63,0.0,1.0,1.4,-20.5071,-49.20768
2024/08/21 05:01:00,NPP-375D,Brasil,SÃO PAULO,NOVA GRANADA,Cerrado,57,0.0,1.0,1.4,-20.50774,-49.20173
2024/08/21 15:26:59,GOES-16,Brasil,SÃO PAULO,NOVA GRANADA,Cerrado,66,0.0,1.0,557.6,-20.5249,-49.2161
2024/08/21 16:13:00,NOAA-20,Brasil,SÃO PAULO,NOVA GRANADA,Cerrado,76,0.0,1.0,66.2,-20.51827,-49.22575
2024/08/21 16:13:00,NOAA-20,Brasil,SÃO PAULO,NOVA GRANADA,Cerrado,73,0.0,1.0,66.2,-20.51792,-49.22216
2024/08/21 16:13:00,NOAA-20,Brasil,SÃO PAULO,NOVA GRANADA,Cerrado,70,0.0,1.0,55.1,-20.51756,-49.21859
2024/08/21 16:13:00,NOAA-20,Brasil,SÃO PAULO,NOVA GRANADA,Cerrado,67,0.0,1.0,55.1,-20.51721,-49.21502
2024/08/21 16:13:00,NOAA-20,Brasil,SÃO PAULO,NOVA GRANADA,Cerrado,64,0.0,1.0,46.2,-20.51686,-49.21144
2024/08/21 16:13:00,NOAA-20,Brasil,SÃO PAULO,NOVA GRANADA,Cerrado,61,0.0,1.0,46.2,-20.5165,-49.20782
2024/08/21 16:13:00,NOAA-20,Brasil,SÃO PAULO,NOVA GRANADA,Cerrado,58,0.0,1.0,43.9,-20.51615,-49.20422
2024/08/21 16:13:00,NOAA-20,Brasil,SÃO PAULO,NOVA GRANADA,Cerrado,67,0.0,1.0,39.2,-20.50602,-49.21289
2024/08/21 16:13:00,NOAA-20,Brasil,SÃO PAULO,NOVA GRANADA,Cerrado,74,0.0,1.0,66.2,-20.52371,-49.22517
2024/08/21 16:13:00,NOAA-20,Brasil,SÃO PAULO,NOVA GRANADA,Cerrado,71,0.0,1.0,66.2,-20.52335,-49.22157
2024/08/21 16:13:00,NOAA-20,Brasil,SÃO PAULO,NOVA GRANADA,Cerrado,49,0.0,1.0,79.5,-20.51509,-49.1935
2024/08/21 16:13:00,NOAA-20,Brasil,SÃO PAULO,NOVA GRANADA,Cerrado,75,0.0,1.0,10.0,-20.51249,-49.22286
2024/08/21 16:13:00,NOAA-20,Brasil,SÃO PAULO,NOVA GRANADA,Cerrado,72,0.0,1.0,8.5,-20.51214,-49.21927
2024/08/21 16:13:00,NOAA-20,Brasil,SÃO PAULO,NOVA GRANADA,Cerrado,69,0.0,1.0,8.5,-20.51179,-49.21573
2024/08/21 16:13:00,NOAA-20,Brasil,SÃO PAULO,NOVA GRANADA,Cerrado,66,0.0,1.0,39.2,-20.51144,-49.21216
2024/08/21 16:13:00,NOAA-20,Brasil,SÃO PAULO,NOVA GRANADA,Cerrado,63,0.0,1.0,39.2,-20.51109,-49.20854
2024/08/21 16:13:00,NOAA-20,Brasil,SÃO PAULO,NOVA GRANADA,Cerrado,59,0.0,1.0,48.9,-20.51073,-49.20492
2024/08/21 16:13:00,NOAA-20,Brasil,SÃO PAULO,NOVA GRANADA,Cerrado,56,0.0,1.0,48.9,-20.51037,-49.2013
2024/08/21 16:13:00,NOAA-20,Brasil,SÃO PAULO,NOVA GRANADA,Cerrado,50,0.0,1.0,89.5,-20.50966,-49.19405
2024/08/21 16:13:00,NOAA-20,Brasil,SÃO PAULO,NOVA GRANADA,Cerrado,52,0.0,1.0,79.5,-20.51545,-49.19712
2024/08/21 16:13:00,NOAA-20,Brasil,SÃO PAULO,NOVA GRANADA,Cerrado,68,0.0,1.0,55.1,-20.52299,-49.21797
2024/08/21 16:13:00,NOAA-20,Brasil,SÃO PAULO,NOVA GRANADA,Cerrado,79,0.0,1.0,17.6,-20.51863,-49.22937
2024/08/21 16:13:00,NOAA-20,Brasil,SÃO PAULO,NOVA GRANADA,Cerrado,55,0.0,1.0,43.9,-20.5158,-49.20067
2024/08/21 17:03:27,MSG-03,Brasil,SÃO PAULO,NOVA GRANADA,Cerrado,62,0.0,1.0,,-20.52,-49.21
2024/08/21 17:05:00,NOAA-21,Brasil,SÃO PAULO,NOVA GRANADA,Cerrado,57,0.0,1.0,33.7,-20.50998,-49.20191
2024/08/21 17:05:00,NOAA-21,Brasil,SÃO PAULO,NOVA GRANADA,Cerrado,64,0.0,1.0,60.3,-20.51142,-49.21027
2024/08/21 17:05:00,NOAA-21,Brasil,SÃO PAULO,NOVA GRANADA,Cerrado,48,0.0,1.0,40.4,-20.51205,-49.19287
2024/08/21 17:05:00,NOAA-21,Brasil,SÃO PAULO,NOVA GRANADA,Cerrado,52,0.0,1.0,40.4,-20.51277,-49.19705
2024/08/21 17:05:00,NOAA-21,Brasil,SÃO PAULO,NOVA GRANADA,Cerrado,56,0.0,1.0,10.0,-20.51349,-49.20124
2024/08/21 17:05:00,NOAA-21,Brasil,SÃO PAULO,NOVA GRANADA,Cerrado,51,0.0,1.0,40.4,-20.51627,-49.19637
2024/08/21 17:05:00,NOAA-21,Brasil,SÃO PAULO,NOVA GRANADA,Cerrado,70,0.0,1.0,48.6,-20.51637,-49.21801
2024/08/21 17:05:00,NOAA-21,Brasil,SÃO PAULO,NOVA GRANADA,Cerrado,54,0.0,1.0,10.0,-20.51699,-49.20057
2024/08/21 17:05:00,NOAA-21,Brasil,SÃO PAULO,NOVA GRANADA,Cerrado,73,0.0,1.0,48.6,-20.51708,-49.22219
2024/08/21 17:05:00,NOAA-21,Brasil,SÃO PAULO,NOVA GRANADA,Cerrado,53,0.0,1.0,389.9,-20.5205,-49.1999
2024/08/21 17:05:00,NOAA-21,Brasil,SÃO PAULO,NOVA GRANADA,Cerrado,72,0.0,1.0,48.6,-20.52059,-49.22153
2024/08/21 17:05:00,NOAA-21,Brasil,SÃO PAULO,NOVA GRANADA,Cerrado,64,0.0,1.0,8.9,-20.52266,-49.21249
2024/08/21 17:05:00,NOAA-21,Brasil,SÃO PAULO,NOVA GRANADA,Cerrado,65,0.0,1.0,60.3,-20.50791,-49.21093
2024/08/21 17:05:00,NOAA-21,Brasil,SÃO PAULO,NOVA GRANADA,Cerrado,58,0.0,1.0,33.7,-20.50647,-49.20256
2024/08/21 17:32:00,NPP-375,Brasil,SÃO PAULO,NOVA GRANADA,Cerrado,66,0.0,1.0,9.2,-20.52081,-49.21429
2024/08/21 17:32:00,NPP-375,Brasil,SÃO PAULO,NOVA GRANADA,Cerrado,74,0.0,1.0,151.8,-20.54028,-49.23024
2024/08/21 17:32:00,NPP-375,Brasil,SÃO PAULO,NOVA GRANADA,Cerrado,75,0.0,1.0,68.0,-20.53585,-49.23004
2024/08/21 17:32:00,NPP-375,Brasil,SÃO PAULO,NOVA GRANADA,Cerrado,73,0.0,1.0,68.0,-20.53514,-49.22673
2024/08/21 17:32:00,NPP-375,Brasil,SÃO PAULO,NOVA GRANADA,Cerrado,54,0.0,1.0,43.5,-20.5348,-49.20377
2024/08/21 17:32:00,NPP-375,Brasil,SÃO PAULO,NOVA GRANADA,Cerrado,74,0.0,1.0,64.9,-20.53448,-49.22827
2024/08/21 17:32:00,NPP-375,Brasil,SÃO PAULO,NOVA GRANADA,Cerrado,70,0.0,1.0,68.0,-20.53444,-49.22342
2024/08/21 17:32:00,NPP-375,Brasil,SÃO PAULO,NOVA GRANADA,Cerrado,79,0.0,1.0,33.6,-20.52425,-49.23085
2024/08/21 17:32:00,NPP-375,Brasil,SÃO PAULO,NOVA GRANADA,Cerrado,55,0.0,1.0,41.9,-20.52386,-49.20301
2024/08/21 17:32:00,NPP-375,Brasil,SÃO PAULO,NOVA GRANADA,Cerrado,71,0.0,1.0,21.4,-20.52218,-49.22093
2024/08/21 17:32:00,NPP-375,Brasil,SÃO PAULO,NOVA GRANADA,Cerrado,63,0.0,1.0,8.3,-20.52011,-49.21097
2024/08/21 17:32:00,NPP-375,Brasil,SÃO PAULO,NOVA GRANADA,Cerrado,52,0.0,1.0,57.2,-20.51732,-49.19751
2024/08/21 17:32:00,NPP-375,Brasil,SÃO PAULO,NOVA GRANADA,Cerrado,68,0.0,1.0,13.3,-20.51564,-49.2154
2024/08/21 17:32:00,NPP-375,Brasil,SÃO PAULO,NOVA GRANADA,Cerrado,62,0.0,1.0,9.6,-20.51425,-49.20873
2024/08/21 17:32:00,NPP-375,Brasil,SÃO PAULO,NOVA GRANADA,Cerrado,67,0.0,1.0,9.6,-20.50978,-49.21313
2024/08/21 17:32:00,NPP-375,Brasil,SÃO PAULO,NOVA GRANADA,Cerrado,69,0.0,1.0,64.9,-20.53891,-49.22363
2024/08/21 17:32:00,NPP-375,Brasil,SÃO PAULO,NOVA GRANADA,Cerrado,53,0.0,1.0,47.1,-20.5353,-49.20231
2024/08/21 17:32:00,NPP-375,Brasil,SÃO PAULO,NOVA GRANADA,Cerrado,71,0.0,1.0,64.9,-20.5338,-49.22495
2024/08/21 17:32:00,NPP-375,Brasil,SÃO PAULO,NOVA GRANADA,Cerrado,55,0.0,1.0,47.1,-20.53016,-49.20354
2024/08/21 17:32:00,NPP-375,Brasil,SÃO PAULO,NOVA GRANADA,Cerrado,76,0.0,1.0,33.6,-20.52356,-49.22757
2024/08/21 17:32:00,NPP-375,Brasil,SÃO PAULO,NOVA GRANADA,Cerrado,76,0.0,1.0,14.3,-20.51773,-49.22543
2024/08/21 17:32:00,NPP-375,Brasil,SÃO PAULO,NOVA GRANADA,Cerrado,73,0.0,1.0,14.3,-20.51704,-49.2221
2024/08/21 17:32:00,NPP-375,Brasil,SÃO PAULO,NOVA GRANADA,Cerrado,51,0.0,1.0,31.8,-20.51148,-49.19541
2024/08/21 17:32:00,NPP-375,Brasil,SÃO PAULO,NOVA GRANADA,Cerrado,56,0.0,1.0,31.8,-20.50702,-49.19991
2024/08/21 17:32:00,NPP-375,Brasil,SÃO PAULO,NOVA GRANADA,Cerrado,69,0.0,1.0,5.7,-20.50461,-49.21422
2024/08/21 17:32:00,NPP-375,Brasil,SÃO PAULO,NOVA GRANADA,Mata Atlântica,46,0.0,1.0,46.4,-20.32491,-49.34007
2024/08/21 17:32:00,NPP-375,Brasil,SÃO PAULO,NOVA GRANADA,Cerrado,73,0.0,1.0,68.0,-20.54096,-49.22871
2024/08/21 17:32:00,NPP-375,Brasil,SÃO PAULO,NOVA GRANADA,Cerrado,70,0.0,1.0,68.0,-20.54025,-49.22541
2024/08/21 17:32:00,NPP-375,Brasil,SÃO PAULO,NOVA GRANADA,Cerrado,72,0.0,1.0,64.9,-20.53959,-49.22694
2024/08/21 17:32:00,NPP-375,Brasil,SÃO PAULO,NOVA GRANADA,Cerrado,78,0.0,1.0,68.0,-20.53656,-49.23334
2024/08/21 17:32:00,NPP-375,Brasil,SÃO PAULO,NOVA GRANADA,Cerrado,57,0.0,1.0,47.1,-20.53088,-49.20689
2024/08/21 17:32:00,NPP-375,Brasil,SÃO PAULO,NOVA GRANADA,Cerrado,56,0.0,1.0,43.5,-20.52967,-49.20503
2024/08/21 17:32:00,NPP-375,Brasil,SÃO PAULO,NOVA GRANADA,Cerrado,76,0.0,1.0,33.6,-20.52937,-49.22956
2024/08/21 17:32:00,NPP-375,Brasil,SÃO PAULO,NOVA GRANADA,Cerrado,53,0.0,1.0,41.9,-20.52316,-49.19965
2024/08/21 17:32:00,NPP-375,Brasil,SÃO PAULO,NOVA GRANADA,Cerrado,74,0.0,1.0,21.4,-20.52287,-49.22425
2024/08/21 17:32:00,NPP-375,Brasil,SÃO PAULO,NOVA GRANADA,Cerrado,49,0.0,1.0,57.2,-20.51662,-49.19419
2024/08/21 17:32:00,NPP-375,Brasil,SÃO PAULO,NOVA GRANADA,Cerrado,48,0.0,1.0,4.2,-20.5108,-49.19213
2024/08/21 17:32:00,NPP-375,Brasil,SÃO PAULO,NOVA GRANADA,Cerrado,64,0.0,1.0,9.6,-20.50908,-49.2098
2024/08/21 17:32:00,NPP-375,Brasil,SÃO PAULO,NOVA GRANADA,Cerrado,58,0.0,1.0,33.8,-20.5077,-49.20318
2024/08/21 17:32:00,NPP-375,Brasil,SÃO PAULO,NOVA GRANADA,Cerrado,51,0.0,1.0,109.7,-20.53411,-49.20045
2024/08/21 17:32:00,NPP-375,Brasil,SÃO PAULO,NOVA GRANADA,Cerrado,74,0.0,1.0,33.6,-20.52868,-49.22625
2024/08/21 17:32:00,NPP-375,Brasil,SÃO PAULO,NOVA GRANADA,Cerrado,55,0.0,1.0,41.9,-20.51802,-49.2009
2024/08/21 17:32:00,NPP-375,Brasil,SÃO PAULO,NOVA GRANADA,Cerrado,70,0.0,1.0,13.3,-20.51634,-49.21876
2024/08/21 17:32:00,NPP-375,Brasil,SÃO PAULO,NOVA GRANADA,Cerrado,56,0.0,1.0,33.8,-20.51287,-49.20208
2024/08/21 17:32:00,NPP-375,Brasil,SÃO PAULO,NOVA GRANADA,Cerrado,54,0.0,1.0,31.8,-20.51217,-49.19873
2024/08/21 18:03:26,MSG-03,Brasil,SÃO PAULO,NOVA GRANADA,Cerrado,62,0.0,1.0,,-20.52,-49.21
2024/08/21 18:03:26,MSG-03,Brasil,SÃO PAULO,NOVA GRANADA,Mata Atlântica,90,0.0,1.0,,-20.52,-49.27
2024/08/21 18:15:00,AQUA_M-T,Brasil,SÃO PAULO,NOVA GRANADA,Cerrado,84,0.0,1.0,472.2,-20.54571,-49.2445
2024/08/21 18:15:00,AQUA_M-T,Brasil,SÃO PAULO,NOVA GRANADA,Cerrado,72,0.0,1.0,728.9,-20.5274,-49.22337
2024/08/21 18:15:00,AQUA_M-T,Brasil,SÃO PAULO,NOVA GRANADA,Cerrado,78,0.0,1.0,235.8,-20.52243,-49.2293
2024/08/21 18:15:00,AQUA_M-T,Brasil,SÃO PAULO,NOVA GRANADA,Mata Atlântica,91,0.0,1.0,233.9,-20.53217,-49.24783
2024/08/21 18:15:00,AQUA_M-T,Brasil,SÃO PAULO,NOVA GRANADA,Cerrado,78,0.0,1.0,154.1,-20.51375,-49.22631
2024/08/21 18:15:00,AQUA_M-T,Brasil,SÃO PAULO,NOVA GRANADA,Cerrado,58,0.0,1.0,381.9,-20.51776,-49.20449
2024/08/21 18:15:00,AQUA_M-T,Brasil,SÃO PAULO,NOVA GRANADA,Cerrado,57,0.0,1.0,244.1,-20.5089,-49.20158
2024/08/21 19:03:27,MSG-03,Brasil,SÃO PAULO,NOVA GRANADA,Cerrado,62,0.0,1.0,,-20.52,-49.21
2024/08/21 20:03:27,MSG-03,Brasil,SÃO PAULO,NOVA GRANADA,Cerrado,62,0.0,1.0,,-20.52,-49.21
2024/08/21 21:56:59,GOES-16,Brasil,SÃO PAULO,NOVA GRANADA,Cerrado,66,0.0,1.0,62.7,-20.5249,-49.2161
2024/08/21 22:06:59,GOES-16,Brasil,SÃO PAULO,NOVA GRANADA,Cerrado,75,0.0,1.0,68.3,-20.5044,-49.2205
2024/08/21 22:06:59,GOES-16,Brasil,SÃO PAULO,NOVA GRANADA,Cerrado,66,0.0,1.0,157.6,-20.5249,-49.2161
2024/08/21 22:06:59,GOES-16,Brasil,SÃO PAULO,NOVA GRANADA,Cerrado,76,0.0,1.0,76.9,-20.5447,-49.2346
2024/08/21 22:16:59,GOES-16,Brasil,SÃO PAULO,NOVA GRANADA,Cerrado,66,0.0,1.0,65.6,-20.5249,-49.2161
2024/08/21 22:26:59,GOES-16,Brasil,SÃO PAULO,NOVA GRANADA,Cerrado,76,0.0,1.0,75.8,-20.5447,-49.2346
2024/08/21 22:36:59,GOES-16,Brasil,SÃO PAULO,NOVA GRANADA,Cerrado,76,0.0,1.0,65.4,-20.5447,-49.2346
2024/08/22 01:16:55,METOP-B,Brasil,SÃO PAULO,NOVA GRANADA,Cerrado,67,0.0,1.0,,-20.50830078125,-49.21200180053711
2024/08/22 01:16:55,METOP-B,Brasil,SÃO PAULO,NOVA GRANADA,Cerrado,79,0.0,1.0,,-20.511999130249023,-49.22610092163086
2024/08/22 04:19:00,NOAA-21,Brasil,SÃO PAULO,NOVA GRANADA,Cerrado,53,0.0,1.0,1.1,-20.53605,-49.20158
2024/08/22 04:19:00,NOAA-21,Brasil,SÃO PAULO,NOVA GRANADA,Cerrado,84,0.0,1.0,5.0,-20.53665,-49.24042
2024/08/22 04:19:00,NOAA-21,Brasil,SÃO PAULO,NOVA GRANADA,Cerrado,81,0.0,1.0,7.1,-20.53736,-49.23625
2024/08/22 04:19:00,NOAA-21,Brasil,SÃO PAULO,NOVA GRANADA,Cerrado,63,0.0,1.0,1.5,-20.53741,-49.21475
2024/08/22 04:19:00,NOAA-21,Brasil,SÃO PAULO,NOVA GRANADA,Cerrado,60,0.0,1.0,1.0,-20.53813,-49.21059
2024/08/22 04:19:00,NOAA-21,Brasil,SÃO PAULO,NOVA GRANADA,Cerrado,74,0.0,1.0,1.8,-20.53879,-49.22793
2024/08/22 04:19:00,NOAA-21,Brasil,SÃO PAULO,NOVA GRANADA,Cerrado,56,0.0,1.0,1.0,-20.53884,-49.20642
2024/08/22 04:19:00,NOAA-21,Brasil,SÃO PAULO,NOVA GRANADA,Cerrado,70,0.0,1.0,1.8,-20.5395,-49.22377
2024/08/22 04:19:00,NOAA-21,Brasil,SÃO PAULO,NOVA GRANADA,Cerrado,84,0.0,1.0,2.6,-20.54016,-49.24113
2024/08/22 04:19:00,NOAA-21,Brasil,SÃO PAULO,NOVA GRANADA,Cerrado,83,0.0,1.0,3.8,-20.5405,-49.23987
2024/08/22 04:19:00,NOAA-21,Brasil,SÃO PAULO,NOVA GRANADA,Cerrado,80,0.0,1.0,1.4,-20.54087,-49.23695
2024/08/22 04:19:00,NOAA-21,Brasil,SÃO PAULO,NOVA GRANADA,Cerrado,79,0.0,1.0,0.8,-20.54123,-49.23571
2024/08/22 04:19:00,NOAA-21,Brasil,SÃO PAULO,NOVA GRANADA,Cerrado,77,0.0,1.0,1.4,-20.54158,-49.23279
2024/08/22 04:19:00,NOAA-21,Brasil,SÃO PAULO,NOVA GRANADA,Cerrado,76,0.0,1.0,0.8,-20.54197,-49.23155
2024/08/22 04:19:00,NOAA-21,Brasil,SÃO PAULO,NOVA GRANADA,Cerrado,72,0.0,1.0,1.1,-20.54269,-49.2274
2024/08/22 04:19:00,NOAA-21,Brasil,SÃO PAULO,NOVA GRANADA,Cerrado,70,0.0,1.0,1.4,-20.54301,-49.22447
2024/08/22 04:19:00,NOAA-21,Brasil,SÃO PAULO,NOVA GRANADA,Cerrado,69,0.0,1.0,1.1,-20.54342,-49.22323
2024/08/22 04:19:00,NOAA-21,Brasil,SÃO PAULO,NOVA GRANADA,Cerrado,76,0.0,1.0,1.4,-20.54509,-49.2335
2024/08/22 04:19:00,NOAA-21,Brasil,SÃO PAULO,NOVA GRANADA,Cerrado,75,0.0,1.0,0.8,-20.54547,-49.23226
2024/08/22 04:19:00,NOAA-21,Brasil,SÃO PAULO,NOVA GRANADA,Cerrado,73,0.0,1.0,1.4,-20.5458,-49.22934
2024/08/22 04:19:00,NOAA-21,Brasil,SÃO PAULO,NOVA GRANADA,Cerrado,72,0.0,1.0,1.1,-20.5462,-49.22809
2024/08/22 04:19:00,NOAA-21,Brasil,SÃO PAULO,NOVA GRANADA,Cerrado,70,0.0,1.0,1.4,-20.54652,-49.22517
2024/08/22 04:19:00,NOAA-21,Brasil,SÃO PAULO,NOVA GRANADA,Cerrado,78,0.0,1.0,1.1,-20.54825,-49.23711
2024/08/22 04:19:00,NOAA-21,Brasil,SÃO PAULO,NOVA GRANADA,Cerrado,79,0.0,1.0,0.8,-20.54474,-49.2364
2024/08/22 04:19:00,NOAA-21,Brasil,SÃO PAULO,NOVA GRANADA,Cerrado,49,0.0,1.0,0.6,-20.51221,-49.19265
2024/08/22 04:19:00,NOAA-21,Brasil,SÃO PAULO,NOVA GRANADA,Cerrado,53,0.0,1.0,0.6,-20.515,-49.19749
2024/08/22 04:19:00,NOAA-21,Brasil,SÃO PAULO,NOVA GRANADA,Cerrado,49,0.0,1.0,0.6,-20.51571,-49.19333
2024/08/22 04:19:00,NOAA-21,Brasil,SÃO PAULO,NOVA GRANADA,Cerrado,64,0.0,1.0,3.1,-20.51636,-49.21064
2024/08/22 04:19:00,NOAA-21,Brasil,SÃO PAULO,NOVA GRANADA,Cerrado,75,0.0,1.0,1.5,-20.51772,-49.22379
2024/08/22 04:19:00,NOAA-21,Brasil,SÃO PAULO,NOVA GRANADA,Cerrado,53,0.0,1.0,1.1,-20.51851,-49.19817
2024/08/22 04:19:00,NOAA-21,Brasil,SÃO PAULO,NOVA GRANADA,Cerrado,64,0.0,1.0,3.1,-20.51987,-49.21129
2024/08/22 04:19:00,NOAA-21,Brasil,SÃO PAULO,NOVA GRANADA,Cerrado,57,0.0,1.0,1.9,-20.5213,-49.20298
2024/08/22 04:19:00,NOAA-21,Brasil,SÃO PAULO,NOVA GRANADA,Cerrado,53,0.0,1.0,1.1,-20.52201,-49.19884
2024/08/22 04:19:00,NOAA-21,Brasil,SÃO PAULO,NOVA GRANADA,Cerrado,57,0.0,1.0,1.0,-20.52481,-49.20367
2024/08/22 04:19:00,NOAA-21,Brasil,SÃO PAULO,NOVA GRANADA,Cerrado,57,0.0,1.0,1.0,-20.52832,-49.20437
2024/08/22 04:19:00,NOAA-21,Brasil,SÃO PAULO,NOVA GRANADA,Cerrado,60,0.0,1.0,0.8,-20.53111,-49.2092
2024/08/22 04:19:00,NOAA-21,Brasil,SÃO PAULO,NOVA GRANADA,Cerrado,57,0.0,1.0,0.8,-20.53183,-49.20506
2024/08/22 04:19:00,NOAA-21,Brasil,SÃO PAULO,NOVA GRANADA,Cerrado,71,0.0,1.0,2.0,-20.53248,-49.22238
2024/08/22 04:19:00,NOAA-21,Brasil,SÃO PAULO,NOVA GRANADA,Cerrado,85,0.0,1.0,5.0,-20.53313,-49.23972
2024/08/22 04:19:00,NOAA-21,Brasil,SÃO PAULO,NOVA GRANADA,Cerrado,60,0.0,1.0,0.8,-20.53462,-49.2099
2024/08/22 04:19:00,NOAA-21,Brasil,SÃO PAULO,NOVA GRANADA,Cerrado,74,0.0,1.0,1.8,-20.53528,-49.22723
2024/08/22 04:19:00,NOAA-21,Brasil,SÃO PAULO,NOVA GRANADA,Cerrado,56,0.0,1.0,0.8,-20.53533,-49.20574
2024/08/22 04:19:00,NOAA-21,Brasil,SÃO PAULO,NOVA GRANADA,Cerrado,70,0.0,1.0,1.8,-20.53599,-49.22307
2024/08/22 04:44:00,NPP-375D,Brasil,SÃO PAULO,NOVA GRANADA,Cerrado,71,0.0,1.0,1.7,-20.53906,-49.22459
2024/08/22 04:44:00,NPP-375D,Brasil,SÃO PAULO,NOVA GRANADA,Cerrado,77,0.0,1.0,0.8,-20.54891,-49.23552
2024/08/22 04:44:00,NPP-375D,Brasil,SÃO PAULO,NOVA GRANADA,Cerrado,74,0.0,1.0,0.8,-20.54584,-49.23032
2024/08/22 04:44:00,NPP-375D,Brasil,SÃO PAULO,NOVA GRANADA,Cerrado,77,0.0,1.0,1.3,-20.54521,-49.23498
2024/08/22 04:44:00,NPP-375D,Brasil,SÃO PAULO,NOVA GRANADA,Cerrado,70,0.0,1.0,0.8,-20.54276,-49.22513
2024/08/22 04:44:00,NPP-375D,Brasil,SÃO PAULO,NOVA GRANADA,Cerrado,74,0.0,1.0,0.8,-20.54213,-49.22978
2024/08/22 04:44:00,NPP-375D,Brasil,SÃO PAULO,NOVA GRANADA,Cerrado,78,0.0,1.0,1.3,-20.5415,-49.23444
2024/08/22 04:44:00,NPP-375D,Brasil,SÃO PAULO,NOVA GRANADA,Cerrado,82,0.0,1.0,1.3,-20.54087,-49.23909
2024/08/22 04:44:00,NPP-375D,Brasil,SÃO PAULO,NOVA GRANADA,Cerrado,75,0.0,1.0,1.7,-20.53843,-49.22925
2024/08/22 04:44:00,NPP-375D,Brasil,SÃO PAULO,NOVA GRANADA,Cerrado,56,0.0,1.0,1.0,-20.53786,-49.20544
2024/08/22 04:44:00,NPP-375D,Brasil,SÃO PAULO,NOVA GRANADA,Cerrado,79,0.0,1.0,4.2,-20.5378,-49.2339
2024/08/22 04:44:00,NPP-375D,Brasil,SÃO PAULO,NOVA GRANADA,Cerrado,60,0.0,1.0,1.0,-20.53723,-49.21009
2024/08/22 04:44:00,NPP-375D,Brasil,SÃO PAULO,NOVA GRANADA,Cerrado,82,0.0,1.0,4.2,-20.53717,-49.23855
2024/08/22 04:44:00,NPP-375D,Brasil,SÃO PAULO,NOVA GRANADA,Cerrado,63,0.0,1.0,1.6,-20.53661,-49.21474
2024/08/22 04:44:00,NPP-375D,Brasil,SÃO PAULO,NOVA GRANADA,Cerrado,71,0.0,1.0,1.7,-20.53535,-49.22405
2024/08/22 04:44:00,NPP-375D,Brasil,SÃO PAULO,NOVA GRANADA,Cerrado,52,0.0,1.0,0.8,-20.53478,-49.20022
2024/08/22 04:44:00,NPP-375D,Brasil,SÃO PAULO,NOVA GRANADA,Cerrado,56,0.0,1.0,1.4,-20.53415,-49.20488
2024/08/22 04:44:00,NPP-375D,Brasil,SÃO PAULO,NOVA GRANADA,Cerrado,83,0.0,1.0,4.2,-20.53347,-49.238
2024/08/22 04:44:00,NPP-375D,Brasil,SÃO PAULO,NOVA GRANADA,Cerrado,68,0.0,1.0,0.6,-20.53227,-49.21886
2024/08/22 04:44:00,NPP-375D,Brasil,SÃO PAULO,NOVA GRANADA,Cerrado,72,0.0,1.0,1.2,-20.53165,-49.2235
2024/08/22 04:44:00,NPP-375D,Brasil,SÃO PAULO,NOVA GRANADA,Cerrado,56,0.0,1.0,1.4,-20.53045,-49.20432
2024/08/22 04:44:00,NPP-375D,Brasil,SÃO PAULO,NOVA GRANADA,Cerrado,57,0.0,1.0,2.1,-20.52304,-49.20322
2024/08/22 04:44:00,NPP-375D,Brasil,SÃO PAULO,NOVA GRANADA,Cerrado,53,0.0,1.0,0.8,-20.51996,-49.19796
2024/08/22 04:44:00,NPP-375D,Brasil,SÃO PAULO,NOVA GRANADA,Cerrado,57,0.0,1.0,1.3,-20.51933,-49.20266
2024/08/22 04:44:00,NPP-375D,Brasil,SÃO PAULO,NOVA GRANADA,Cerrado,65,0.0,1.0,6.0,-20.51809,-49.21196
2024/08/22 04:44:00,NPP-375D,Brasil,SÃO PAULO,NOVA GRANADA,Cerrado,53,0.0,1.0,0.8,-20.51625,-49.19739
2024/08/22 04:44:00,NPP-375D,Brasil,SÃO PAULO,NOVA GRANADA,Cerrado,53,0.0,1.0,0.7,-20.51255,-49.19682
2024/08/22 05:08:00,NOAA-20,Brasil,SÃO PAULO,NOVA GRANADA,Cerrado,66,0.0,1.0,1.3,-20.51363,-49.21247
2024/08/22 05:08:00,AQUA_M-M,Brasil,SÃO PAULO,NOVA GRANADA,Cerrado,69,0.0,1.0,6.9,-20.53881,-49.22168
2024/08/22 05:08:00,AQUA_M-M,Brasil,SÃO PAULO,NOVA GRANADA,Cerrado,78,0.0,1.0,7.2,-20.53698,-49.23277
2024/08/22 05:08:00,NOAA-20,Brasil,SÃO PAULO,NOVA GRANADA,Cerrado,66,0.0,1.0,1.3,-20.51906,-49.21327
2024/08/22 05:08:00,NOAA-20,Brasil,SÃO PAULO,NOVA GRANADA,Cerrado,63,0.0,1.0,0.7,-20.54089,-49.2155
2024/08/22 05:08:00,NOAA-20,Brasil,SÃO PAULO,NOVA GRANADA,Cerrado,69,0.0,1.0,0.9,-20.54014,-49.22297
2024/08/22 05:08:00,NOAA-20,Brasil,SÃO PAULO,NOVA GRANADA,Cerrado,72,0.0,1.0,1.2,-20.53977,-49.22674
2024/08/22 05:08:00,NOAA-20,Brasil,SÃO PAULO,NOVA GRANADA,Cerrado,82,0.0,1.0,1.8,-20.53864,-49.23806
2024/08/22 05:08:00,NOAA-20,Brasil,SÃO PAULO,NOVA GRANADA,Cerrado,85,0.0,1.0,1.3,-20.53826,-49.2418
2024/08/22 05:08:00,NOAA-20,Brasil,SÃO PAULO,NOVA GRANADA,Cerrado,58,0.0,1.0,1.8,-20.53619,-49.20739
2024/08/22 05:08:00,NOAA-20,Brasil,SÃO PAULO,NOVA GRANADA,Cerrado,61,0.0,1.0,0.7,-20.53581,-49.21115
2024/08/22 05:08:00,NOAA-20,Brasil,SÃO PAULO,NOVA GRANADA,Cerrado,70,0.0,1.0,0.9,-20.53468,-49.22247
2024/08/22 05:08:00,NOAA-20,Brasil,SÃO PAULO,NOVA GRANADA,Cerrado,73,0.0,1.0,1.2,-20.53431,-49.22624
2024/08/22 05:08:00,NOAA-20,Brasil,SÃO PAULO,NOVA GRANADA,Cerrado,83,0.0,1.0,1.8,-20.53318,-49.23754
2024/08/22 05:08:00,NOAA-20,Brasil,SÃO PAULO,NOVA GRANADA,Cerrado,86,0.0,1.0,1.3,-20.5328,-49.24129
2024/08/22 05:08:00,NOAA-20,Brasil,SÃO PAULO,NOVA GRANADA,Cerrado,58,0.0,1.0,1.3,-20.53073,-49.20684
2024/08/22 05:08:00,NOAA-20,Brasil,SÃO PAULO,NOVA GRANADA,Cerrado,56,0.0,1.0,0.9,-20.52018,-49.20193
2024/08/22 05:08:00,NOAA-20,Brasil,SÃO PAULO,NOVA GRANADA,Cerrado,59,0.0,1.0,0.9,-20.5198,-49.20576
2024/08/22 05:08:00,NOAA-20,Brasil,SÃO PAULO,NOVA GRANADA,Cerrado,53,0.0,1.0,1.3,-20.5151,-49.19743
2024/08/22 13:57:00,GOES-16,Brasil,SÃO PAULO,NOVA GRANADA,Cerrado,77,0.0,1.0,90.5,-20.5447,-49.2346
2024/08/22 14:17:00,GOES-16,Brasil,SÃO PAULO,NOVA GRANADA,Cerrado,77,0.0,1.0,203.0,-20.5447,-49.2346
2024/08/22 14:27:00,GOES-16,Brasil,SÃO PAULO,NOVA GRANADA,Cerrado,77,0.0,1.0,125.9,-20.5447,-49.2346
2024/08/22 14:37:00,GOES-16,Brasil,SÃO PAULO,NOVA GRANADA,Cerrado,67,0.0,1.0,209.5,-20.5249,-49.2161
2024/08/22 14:37:00,GOES-16,Brasil,SÃO PAULO,NOVA GRANADA,Cerrado,77,0.0,1.0,390.5,-20.5447,-49.2346
2024/08/22 14:47:00,GOES-16,Brasil,SÃO PAULO,NOVA GRANADA,Cerrado,67,0.0,1.0,199.9,-20.5249,-49.2161
2024/08/22 14:47:00,GOES-16,Brasil,SÃO PAULO,NOVA GRANADA,Cerrado,77,0.0,1.0,232.1,-20.5447,-49.2346
2024/08/22 14:57:00,GOES-16,Brasil,SÃO PAULO,NOVA GRANADA,Cerrado,67,0.0,1.0,125.9,-20.5249,-49.2161
2024/08/22 14:57:00,GOES-16,Brasil,SÃO PAULO,NOVA GRANADA,Cerrado,77,0.0,1.0,341.8,-20.5447,-49.2346
2024/08/22 15:07:00,GOES-16,Brasil,SÃO PAULO,NOVA GRANADA,Cerrado,67,0.0,1.0,162.5,-20.5249,-49.2161
2024/08/22 15:07:00,GOES-16,Brasil,SÃO PAULO,NOVA GRANADA,Cerrado,77,0.0,1.0,250.7,-20.5447,-49.2346
2024/08/22 15:17:00,GOES-16,Brasil,SÃO PAULO,NOVA GRANADA,Cerrado,67,0.0,1.0,199.3,-20.5249,-49.2161
2024/08/22 15:17:00,GOES-16,Brasil,SÃO PAULO,NOVA GRANADA,Cerrado,77,0.0,1.0,232.3,-20.5447,-49.2346
2024/08/22 15:27:00,GOES-16,Brasil,SÃO PAULO,NOVA GRANADA,Cerrado,67,0.0,1.0,133.7,-20.5249,-49.2161
2024/08/22 15:27:00,GOES-16,Brasil,SÃO PAULO,NOVA GRANADA,Cerrado,77,0.0,1.0,192.3,-20.5447,-49.2346
2024/08/22 15:37:00,GOES-16,Brasil,SÃO PAULO,NOVA GRANADA,Cerrado,67,0.0,1.0,148.7,-20.5249,-49.2161
2024/08/22 15:37:00,GOES-16,Brasil,SÃO PAULO,NOVA GRANADA,Cerrado,77,0.0,1.0,242.3,-20.5447,-49.2346
2024/08/22 15:47:00,GOES-16,Brasil,SÃO PAULO,NOVA GRANADA,Cerrado,77,0.0,1.0,268.4,-20.5447,-49.2346
2024/08/22 15:56:00,NOAA-20,Brasil,SÃO PAULO,NOVA GRANADA,Cerrado,49,0.0,1.0,32.0,-20.51063,-49.19212
2024/08/22 15:56:00,NOAA-20,Brasil,SÃO PAULO,NOVA GRANADA,Cerrado,54,0.0,1.0,21.3,-20.50823,-49.19769
2024/08/22 15:56:00,NOAA-20,Brasil,SÃO PAULO,NOVA GRANADA,Cerrado,81,0.0,1.0,22.3,-20.55035,-49.24147
2024/08/22 15:56:00,NOAA-20,Brasil,SÃO PAULO,NOVA GRANADA,Cerrado,75,0.0,1.0,53.5,-20.54982,-49.234
2024/08/22 15:56:00,NOAA-20,Brasil,SÃO PAULO,NOVA GRANADA,Cerrado,83,0.0,1.0,22.3,-20.54311,-49.24168
2024/08/22 15:56:00,NOAA-20,Brasil,SÃO PAULO,NOVA GRANADA,Cerrado,78,0.0,1.0,53.5,-20.54258,-49.23426
2024/08/22 15:56:00,NOAA-20,Brasil,SÃO PAULO,NOVA GRANADA,Cerrado,72,0.0,1.0,53.5,-20.54206,-49.22698
2024/08/22 15:56:00,NOAA-20,Brasil,SÃO PAULO,NOVA GRANADA,Cerrado,58,0.0,1.0,15.1,-20.52606,-49.20567
2024/08/22 15:56:00,NOAA-20,Brasil,SÃO PAULO,NOVA GRANADA,Cerrado,66,0.0,1.0,163.7,-20.54154,-49.2196
2024/08/22 15:56:00,NOAA-20,Brasil,SÃO PAULO,NOVA GRANADA,Cerrado,62,0.0,1.0,137.0,-20.53379,-49.21255
2024/08/22 15:56:00,NOAA-20,Brasil,SÃO PAULO,NOVA GRANADA,Cerrado,68,0.0,1.0,137.0,-20.53431,-49.21989
2024/08/22 15:56:00,NOAA-20,Brasil,SÃO PAULO,NOVA GRANADA,Cerrado,55,0.0,1.0,24.8,-20.51114,-49.19955
2024/08/22 15:56:00,NOAA-20,Brasil,SÃO PAULO,NOVA GRANADA,Cerrado,74,0.0,1.0,56.2,-20.53483,-49.22721
2024/08/22 15:57:00,GOES-16,Brasil,SÃO PAULO,NOVA GRANADA,Cerrado,77,0.0,1.0,613.5,-20.5447,-49.2346
2024/08/22 16:07:00,GOES-16,Brasil,SÃO PAULO,NOVA GRANADA,Cerrado,77,0.0,1.0,426.1,-20.5447,-49.2346
2024/08/22 16:48:00,NOAA-21,Brasil,SÃO PAULO,NOVA GRANADA,Cerrado,83,0.0,1.0,182.6,-20.55763,-49.24689
2024/08/22 16:48:00,NOAA-21,Brasil,SÃO PAULO,NOVA GRANADA,Cerrado,81,0.0,1.0,3.2,-20.56106,-49.24636
2024/08/22 16:48:00,NOAA-21,Brasil,SÃO PAULO,NOVA GRANADA,Cerrado,81,0.0,1.0,124.2,-20.55365,-49.24349
2024/08/22 16:48:00,NOAA-21,Brasil,SÃO PAULO,NOVA GRANADA,Cerrado,76,0.0,1.0,18.9,-20.55254,-49.23561
2024/08/22 16:48:00,NOAA-21,Brasil,SÃO PAULO,NOVA GRANADA,Cerrado,83,0.0,1.0,7.3,-20.55023,-49.24403
2024/08/22 16:48:00,NOAA-21,Brasil,SÃO PAULO,NOVA GRANADA,Cerrado,80,0.0,1.0,7.3,-20.54967,-49.24008
2024/08/22 16:48:00,NOAA-21,Brasil,SÃO PAULO,NOVA GRANADA,Cerrado,77,0.0,1.0,13.6,-20.54911,-49.23614
2024/08/22 16:48:00,NOAA-21,Brasil,SÃO PAULO,NOVA GRANADA,Cerrado,84,0.0,1.0,7.3,-20.5468,-49.24455
2024/08/22 16:48:00,NOAA-21,Brasil,SÃO PAULO,NOVA GRANADA,Cerrado,81,0.0,1.0,7.3,-20.54624,-49.2406
2024/08/22 16:48:00,NOAA-21,Brasil,SÃO PAULO,NOVA GRANADA,Cerrado,83,0.0,1.0,4.5,-20.54281,-49.24113
2024/08/22 16:48:00,NOAA-21,Brasil,SÃO PAULO,NOVA GRANADA,Cerrado,68,0.0,1.0,38.9,-20.54004,-49.22146
2024/08/22 16:48:00,NOAA-21,Brasil,SÃO PAULO,NOVA GRANADA,Cerrado,65,0.0,1.0,38.9,-20.53948,-49.21753
2024/08/22 16:48:00,NOAA-21,Brasil,SÃO PAULO,NOVA GRANADA,Cerrado,84,0.0,1.0,4.5,-20.53939,-49.24165
2024/08/22 16:48:00,NOAA-21,Brasil,SÃO PAULO,NOVA GRANADA,Cerrado,62,0.0,1.0,30.1,-20.53893,-49.2136
2024/08/22 16:48:00,NOAA-21,Brasil,SÃO PAULO,NOVA GRANADA,Cerrado,81,0.0,1.0,19.0,-20.53883,-49.23771
2024/08/22 16:48:00,NOAA-21,Brasil,SÃO PAULO,NOVA GRANADA,Cerrado,69,0.0,1.0,38.9,-20.53661,-49.22199
2024/08/22 16:48:00,NOAA-21,Brasil,SÃO PAULO,NOVA GRANADA,Cerrado,70,0.0,1.0,41.0,-20.54402,-49.22487
2024/08/22 16:48:00,NOAA-21,Brasil,SÃO PAULO,NOVA GRANADA,Cerrado,47,0.0,1.0,11.1,-20.51112,-49.18991
2024/08/22 16:48:00,NOAA-21,Brasil,SÃO PAULO,NOVA GRANADA,Cerrado,58,0.0,1.0,12.0,-20.52016,-49.20449
2024/08/22 16:48:00,NOAA-21,Brasil,SÃO PAULO,NOVA GRANADA,Cerrado,66,0.0,1.0,38.9,-20.53606,-49.21806
2024/08/22 16:48:00,NOAA-21,Brasil,SÃO PAULO,NOVA GRANADA,Cerrado,57,0.0,1.0,12.0,-20.52358,-49.20396
2024/08/22 16:48:00,NOAA-21,Brasil,SÃO PAULO,NOVA GRANADA,Cerrado,60,0.0,1.0,12.0,-20.52413,-49.20788
2024/08/22 16:48:00,NOAA-21,Brasil,SÃO PAULO,NOVA GRANADA,Cerrado,67,0.0,1.0,63.9,-20.53263,-49.21858
2024/08/22 16:48:00,NOAA-21,Brasil,SÃO PAULO,NOVA GRANADA,Cerrado,80,0.0,1.0,124.2,-20.55708,-49.24295
2024/08/22 16:48:00,NOAA-21,Brasil,SÃO PAULO,NOVA GRANADA,Cerrado,83,0.0,1.0,3.7,-20.53541,-49.23824
2024/08/22 17:11:00,NPP-375,Brasil,SÃO PAULO,NOVA GRANADA,Cerrado,49,0.0,1.0,5.8,-20.50997,-49.19241
2024/08/22 17:11:00,NPP-375,Brasil,SÃO PAULO,NOVA GRANADA,Cerrado,62,0.0,1.0,21.6,-20.51983,-49.20936
2024/08/22 17:11:00,NPP-375,Brasil,SÃO PAULO,NOVA GRANADA,Cerrado,60,0.0,1.0,14.3,-20.52048,-49.20619
2024/08/22 17:11:00,NPP-375,Brasil,SÃO PAULO,NOVA GRANADA,Cerrado,64,0.0,1.0,14.3,-20.52141,-49.21128
2024/08/22 17:11:00,NPP-375,Brasil,SÃO PAULO,NOVA GRANADA,Cerrado,65,0.0,1.0,12.8,-20.52457,-49.21369
2024/08/22 17:11:00,NPP-375,Brasil,SÃO PAULO,NOVA GRANADA,Cerrado,64,0.0,1.0,12.8,-20.52842,-49.21289
2024/08/22 17:11:00,NPP-375,Brasil,SÃO PAULO,NOVA GRANADA,Cerrado,65,0.0,1.0,29.8,-20.53002,-49.21479
2024/08/22 17:11:00,NPP-375,Brasil,SÃO PAULO,NOVA GRANADA,Cerrado,72,0.0,1.0,34.0,-20.5302,-49.22305
2024/08/22 17:11:00,NPP-375,Brasil,SÃO PAULO,NOVA GRANADA,Cerrado,67,0.0,1.0,29.8,-20.53478,-49.21904
2024/08/22 17:11:00,NPP-375,Brasil,SÃO PAULO,NOVA GRANADA,Cerrado,71,0.0,1.0,44.0,-20.5357,-49.22412
2024/08/22 17:11:00,NPP-375,Brasil,SÃO PAULO,NOVA GRANADA,Cerrado,66,0.0,1.0,24.8,-20.53861,-49.21824
2024/08/22 17:11:00,NPP-375,Brasil,SÃO PAULO,NOVA GRANADA,Cerrado,70,0.0,1.0,24.7,-20.53954,-49.22331
2024/08/22 17:11:00,NPP-375,Brasil,SÃO PAULO,NOVA GRANADA,Cerrado,68,0.0,1.0,24.7,-20.54337,-49.2225
2024/08/22 17:11:00,NPP-375,Brasil,SÃO PAULO,NOVA GRANADA,Cerrado,72,0.0,1.0,24.7,-20.54429,-49.22757
2024/08/22 17:11:00,NPP-375,Brasil,SÃO PAULO,NOVA GRANADA,Cerrado,83,0.0,1.0,10.9,-20.54705,-49.24276
2024/08/22 17:11:00,NPP-375,Brasil,SÃO PAULO,NOVA GRANADA,Cerrado,86,0.0,1.0,10.9,-20.54796,-49.24779
2024/08/22 17:11:00,NPP-375,Brasil,SÃO PAULO,NOVA GRANADA,Cerrado,81,0.0,1.0,30.3,-20.55088,-49.24195
2024/08/22 17:11:00,NPP-375,Brasil,SÃO PAULO,NOVA GRANADA,Cerrado,85,0.0,1.0,30.3,-20.5518,-49.24701
2024/08/22 17:11:00,NPP-375,Brasil,SÃO PAULO,NOVA GRANADA,Cerrado,83,0.0,1.0,30.3,-20.55563,-49.24621
2024/08/22 17:11:00,NPP-375,Brasil,SÃO PAULO,NOVA GRANADA,Cerrado,83,0.0,1.0,37.8,-20.56038,-49.2505
2024/08/22 17:11:00,NPP-375,Brasil,SÃO PAULO,NOVA GRANADA,Cerrado,58,0.0,1.0,28.3,-20.50646,-49.20139
2024/08/22 17:11:00,NPP-375,Brasil,SÃO PAULO,NOVA GRANADA,Cerrado,52,0.0,1.0,28.3,-20.50941,-49.19554
2024/08/22 17:17:00,AQUA_M-T,Brasil,SÃO PAULO,NOVA GRANADA,Cerrado,61,0.0,1.0,70.5,-20.53679,-49.21111
2024/08/22 17:17:00,AQUA_M-T,Brasil,SÃO PAULO,NOVA GRANADA,Cerrado,62,0.0,1.0,48.5,-20.51057,-49.20716
2024/08/22 17:17:00,AQUA_M-T,Brasil,SÃO PAULO,NOVA GRANADA,Cerrado,58,0.0,1.0,67.6,-20.52341,-49.20549
2024/08/22 17:17:00,AQUA_M-T,Brasil,SÃO PAULO,NOVA GRANADA,Cerrado,64,0.0,1.0,145.4,-20.5239,-49.21244
2024/08/22 17:17:00,AQUA_M-T,Brasil,SÃO PAULO,NOVA GRANADA,Cerrado,75,0.0,1.0,124.8,-20.52558,-49.22612
2024/08/22 17:17:00,AQUA_M-T,Brasil,SÃO PAULO,NOVA GRANADA,Cerrado,81,0.0,1.0,67.4,-20.52622,-49.23312
2024/08/22 17:17:00,AQUA_M-T,Brasil,SÃO PAULO,NOVA GRANADA,Cerrado,55,0.0,1.0,100.3,-20.53629,-49.20406
2024/08/22 17:17:00,AQUA_M-T,Brasil,SÃO PAULO,NOVA GRANADA,Cerrado,71,0.0,1.0,156.9,-20.53848,-49.22478
2024/08/22 17:17:00,AQUA_M-T,Brasil,SÃO PAULO,NOVA GRANADA,Cerrado,76,0.0,1.0,108.9,-20.53912,-49.23175
2024/08/22 17:17:00,AQUA_M-T,Brasil,SÃO PAULO,NOVA GRANADA,Cerrado,87,0.0,1.0,96.3,-20.54069,-49.2456
2024/08/22 17:17:00,AQUA_M-T,Brasil,SÃO PAULO,NOVA GRANADA,Cerrado,89,0.0,1.0,37.6,-20.54149,-49.25269
2024/08/22 17:17:00,AQUA_M-T,Brasil,SÃO PAULO,NOVA GRANADA,Cerrado,82,0.0,1.0,126.2,-20.55361,-49.24424
2024/08/22 17:17:00,AQUA_M-T,Brasil,SÃO PAULO,NOVA GRANADA,Cerrado,80,0.0,1.0,35.4,-20.55583,-49.26504
2024/08/22 17:34:00,NOAA-20,Brasil,SÃO PAULO,NOVA GRANADA,Cerrado,79,0.0,1.0,10.4,-20.5523,-49.24007
2024/08/22 17:34:00,NOAA-20,Brasil,SÃO PAULO,NOVA GRANADA,Cerrado,82,0.0,1.0,17.2,-20.55965,-49.24677
2024/08/22 17:34:00,NOAA-20,Brasil,SÃO PAULO,NOVA GRANADA,Cerrado,82,0.0,1.0,10.4,-20.5532,-49.24413
2024/08/22 17:34:00,NOAA-20,Brasil,SÃO PAULO,NOVA GRANADA,Cerrado,77,0.0,1.0,7.8,-20.55142,-49.23604
2024/08/22 17:34:00,NOAA-20,Brasil,SÃO PAULO,NOVA GRANADA,Cerrado,74,0.0,1.0,7.8,-20.55053,-49.23202
2024/08/22 17:34:00,NOAA-20,Brasil,SÃO PAULO,NOVA GRANADA,Cerrado,82,0.0,1.0,4.6,-20.54676,-49.24158
2024/08/22 17:34:00,NOAA-20,Brasil,SÃO PAULO,NOVA GRANADA,Cerrado,67,0.0,1.0,11.1,-20.54227,-49.22124
2024/08/22 17:34:00,NOAA-20,Brasil,SÃO PAULO,NOVA GRANADA,Cerrado,64,0.0,1.0,11.1,-20.54138,-49.2172
2024/08/22 17:34:00,NOAA-20,Brasil,SÃO PAULO,NOVA GRANADA,Cerrado,61,0.0,1.0,9.6,-20.54048,-49.21314
2024/08/22 17:34:00,NOAA-20,Brasil,SÃO PAULO,NOVA GRANADA,Cerrado,82,0.0,1.0,4.8,-20.54033,-49.23908
2024/08/22 17:34:00,NOAA-20,Brasil,SÃO PAULO,NOVA GRANADA,Cerrado,79,0.0,1.0,4.8,-20.53943,-49.23502
2024/08/22 17:34:00,NOAA-20,Brasil,SÃO PAULO,NOVA GRANADA,Cerrado,67,0.0,1.0,11.1,-20.53581,-49.21865
2024/08/22 17:34:00,NOAA-20,Brasil,SÃO PAULO,NOVA GRANADA,Cerrado,64,0.0,1.0,9.6,-20.53491,-49.21457
2024/08/22 17:34:00,NOAA-20,Brasil,SÃO PAULO,NOVA GRANADA,Cerrado,61,0.0,1.0,9.6,-20.534,-49.21048
2024/08/22 17:34:00,NOAA-20,Brasil,SÃO PAULO,NOVA GRANADA,Cerrado,57,0.0,1.0,5.3,-20.53309,-49.20636
2024/08/22 17:34:00,NOAA-20,Brasil,SÃO PAULO,NOVA GRANADA,Cerrado,55,0.0,1.0,6.1,-20.52012,-49.20101
2024/08/22 17:34:00,NOAA-20,Brasil,SÃO PAULO,NOVA GRANADA,Cerrado,50,0.0,1.0,7.1,-20.51268,-49.1941
2024/08/22 17:34:00,NOAA-20,Brasil,SÃO PAULO,NOVA GRANADA,Cerrado,47,0.0,1.0,7.1,-20.51179,-49.19007
2024/08/22 17:34:00,NOAA-20,Brasil,SÃO PAULO,NOVA GRANADA,Cerrado,52,0.0,1.0,7.1,-20.5103,-49.19535
2024/08/22 17:34:00,NOAA-20,Brasil,SÃO PAULO,NOVA GRANADA,Cerrado,56,0.0,1.0,9.5,-20.50799,-49.19952
2024/08/22 18:16:59,GOES-16,Brasil,SÃO PAULO,NOVA GRANADA,Cerrado,77,0.0,1.0,150.5,-20.5447,-49.2346
2024/08/22 22:46:59,GOES-16,Brasil,SÃO PAULO,NOVA GRANADA,Cerrado,67,0.0,1.0,59.0,-20.5249,-49.2161
2024/08/22 22:56:59,GOES-16,Brasil,SÃO PAULO,NOVA GRANADA,Cerrado,67,0.0,1.0,61.9,-20.5249,-49.2161
2024/08/22 23:17:00,GOES-16,Brasil,SÃO PAULO,NOVA GRANADA,Cerrado,81,0.0,1.0,62.7,-20.5646,-49.2531
2024/08/23 00:56:03,METOP-B,Brasil,SÃO PAULO,NOVA GRANADA,Cerrado,57,0.0,1.0,,-20.523500442504883,-49.20320129394531
2024/08/23 00:56:03,METOP-B,Brasil,SÃO PAULO,NOVA GRANADA,Cerrado,63,0.0,1.0,,-20.525299072265625,-49.210899353027344
2024/08/23 00:56:03,METOP-B,Brasil,SÃO PAULO,NOVA GRANADA,Cerrado,83,0.0,1.0,,-20.54210090637207,-49.23929977416992
2024/08/23 00:56:03,METOP-B,Brasil,SÃO PAULO,NOVA GRANADA,Cerrado,60,0.0,1.0,,-20.53510093688965,-49.20840072631836
2024/08/23 03:57:00,NOAA-21,Brasil,SÃO PAULO,NOVA GRANADA,Cerrado,62,0.0,1.0,1.9,-20.51924,-49.20768
2024/08/23 03:57:00,NOAA-21,Brasil,SÃO PAULO,NOVA GRANADA,Cerrado,88,0.0,1.0,2.9,-20.54398,-49.24706
2024/08/23 03:57:00,NOAA-21,Brasil,SÃO PAULO,NOVA GRANADA,Cerrado,89,0.0,1.0,2.9,-20.53941,-49.24591
2024/08/23 04:23:00,NPP-375D,Brasil,SÃO PAULO,NOVA GRANADA,Cerrado,67,0.0,1.0,0.9,-20.52944,-49.2158
2024/08/23 04:23:00,NPP-375D,Brasil,SÃO PAULO,NOVA GRANADA,Cerrado,70,0.0,1.0,0.7,-20.52882,-49.21956
2024/08/23 04:23:00,NPP-375D,Brasil,SÃO PAULO,NOVA GRANADA,Cerrado,64,0.0,1.0,1.0,-20.51998,-49.21019
2024/08/23 04:23:00,NPP-375D,Brasil,SÃO PAULO,NOVA GRANADA,Cerrado,61,0.0,1.0,1.4,-20.5206,-49.20643
2024/08/23 04:23:00,NPP-375D,Brasil,SÃO PAULO,NOVA GRANADA,Cerrado,84,0.0,1.0,0.7,-20.5587,-49.24836
2024/08/23 04:23:00,NPP-375D,Brasil,SÃO PAULO,NOVA GRANADA,Cerrado,83,0.0,1.0,0.7,-20.5526,-49.24336
2024/08/23 04:23:00,NPP-375D,Brasil,SÃO PAULO,NOVA GRANADA,Cerrado,87,0.0,1.0,0.9,-20.54527,-49.24587
2024/08/23 04:23:00,NPP-375D,Brasil,SÃO PAULO,NOVA GRANADA,Cerrado,67,0.0,1.0,1.0,-20.516,-49.21334
2024/08/23 04:23:00,NPP-375D,Brasil,SÃO PAULO,NOVA GRANADA,Cerrado,87,0.0,1.0,4.4,-20.54191,-49.24524
2024/08/23 04:23:00,NPP-375D,Brasil,SÃO PAULO,NOVA GRANADA,Cerrado,88,0.0,1.0,4.4,-20.53855,-49.24461
2024/08/23 04:23:00,NPP-375D,Brasil,SÃO PAULO,NOVA GRANADA,Cerrado,85,0.0,1.0,1.1,-20.53581,-49.24022
2024/08/23 04:23:00,NPP-375D,Brasil,SÃO PAULO,NOVA GRANADA,Cerrado,67,0.0,1.0,0.9,-20.53279,-49.21643
2024/08/23 04:23:00,NPP-375D,Brasil,SÃO PAULO,NOVA GRANADA,Cerrado,70,0.0,1.0,0.7,-20.53218,-49.22018
2024/08/23 04:23:00,NPP-375D,Brasil,SÃO PAULO,NOVA GRANADA,Cerrado,63,0.0,1.0,0.9,-20.53005,-49.21204
2024/08/23 04:49:00,NOAA-20,Brasil,SÃO PAULO,NOVA GRANADA,Cerrado,86,0.0,1.0,3.3,-20.54101,-49.24274
2024/08/23 04:49:00,NOAA-20,Brasil,SÃO PAULO,NOVA GRANADA,Cerrado,65,0.0,1.0,1.7,-20.5191,-49.21107
2024/08/23 04:49:00,NOAA-20,Brasil,SÃO PAULO,NOVA GRANADA,Cerrado,65,0.0,1.0,1.0,-20.52043,-49.21171
2024/08/23 04:49:00,NOAA-20,Brasil,SÃO PAULO,NOVA GRANADA,Cerrado,61,0.0,1.0,1.7,-20.521,-49.20708
2024/08/23 04:49:00,NOAA-20,Brasil,SÃO PAULO,NOVA GRANADA,Cerrado,69,0.0,1.0,2.5,-20.53176,-49.21893
2024/08/23 04:49:00,NOAA-20,Brasil,SÃO PAULO,NOVA GRANADA,Cerrado,90,0.0,1.0,2.7,-20.54032,-49.24823
2024/08/23 04:49:00,NOAA-20,Brasil,SÃO PAULO,NOVA GRANADA,Cerrado,89,0.0,1.0,0.5,-20.54433,-49.24873
2024/08/23 15:37:00,GOES-16,Brasil,SÃO PAULO,NOVA GRANADA,Cerrado,82,0.0,1.0,111.9,-20.5646,-49.2531
2024/08/23 15:47:00,GOES-16,Brasil,SÃO PAULO,NOVA GRANADA,Cerrado,82,0.0,1.0,117.4,-20.5646,-49.2531
2024/08/23 15:57:00,GOES-16,Brasil,SÃO PAULO,NOVA GRANADA,Cerrado,82,0.0,1.0,152.6,-20.5646,-49.2531
2024/08/23 16:28:00,NOAA-21,Brasil,SÃO PAULO,NOVA GRANADA,Cerrado,81,0.0,1.0,3.9,-20.56652,-49.25635
2024/08/23 16:28:00,NOAA-21,Brasil,SÃO PAULO,NOVA GRANADA,Cerrado,70,0.0,1.0,18.0,-20.5262,-49.21922
2024/08/23 16:28:00,NOAA-21,Brasil,SÃO PAULO,NOVA GRANADA,Cerrado,72,0.0,1.0,15.1,-20.53116,-49.22328
2024/08/23 16:28:00,NOAA-21,Brasil,SÃO PAULO,NOVA GRANADA,Cerrado,87,0.0,1.0,8.1,-20.54269,-49.24514
2024/08/23 16:28:00,NOAA-21,Brasil,SÃO PAULO,NOVA GRANADA,Cerrado,82,0.0,1.0,11.7,-20.56598,-49.25176
2024/08/23 16:28:00,NOAA-21,Brasil,SÃO PAULO,NOVA GRANADA,Cerrado,85,0.0,1.0,8.1,-20.54714,-49.24468
2024/08/23 16:28:00,NOAA-21,Brasil,SÃO PAULO,NOVA GRANADA,Cerrado,83,0.0,1.0,11.7,-20.56153,-49.25228
2024/08/23 16:28:00,NOAA-21,Brasil,SÃO PAULO,NOVA GRANADA,Cerrado,83,0.0,1.0,11.7,-20.561,-49.24774
2024/08/23 16:54:00,NPP-375,Brasil,SÃO PAULO,NOVA GRANADA,Cerrado,50,0.0,1.0,8.6,-20.50891,-49.19277
2024/08/23 16:54:00,NPP-375,Brasil,SÃO PAULO,NOVA GRANADA,Cerrado,88,0.0,1.0,11.2,-20.54447,-49.2474
2024/08/23 16:54:00,NPP-375,Brasil,SÃO PAULO,NOVA GRANADA,Cerrado,81,0.0,1.0,15.4,-20.55392,-49.24202
2024/08/23 16:54:00,NPP-375,Brasil,SÃO PAULO,NOVA GRANADA,Cerrado,75,0.0,1.0,6.0,-20.54169,-49.22892
2024/08/23 16:54:00,NPP-375,Brasil,SÃO PAULO,NOVA GRANADA,Cerrado,84,0.0,1.0,3.5,-20.55447,-49.24572
2024/08/23 16:54:00,NPP-375,Brasil,SÃO PAULO,NOVA GRANADA,Cerrado,83,0.0,1.0,10.7,-20.56169,-49.24829
2024/08/23 16:54:00,NPP-375,Brasil,SÃO PAULO,NOVA GRANADA,Cerrado,82,0.0,1.0,26.3,-20.56503,-49.24772
2024/08/23 16:54:00,NPP-375,Brasil,SÃO PAULO,NOVA GRANADA,Cerrado,81,0.0,1.0,13.7,-20.56614,-49.25512
2024/08/23 16:54:00,NPP-375,Brasil,SÃO PAULO,NOVA GRANADA,Cerrado,90,0.0,1.0,6.1,-20.54114,-49.24796
2024/08/23 16:54:00,NPP-375,Brasil,SÃO PAULO,NOVA GRANADA,Cerrado,66,0.0,1.0,4.5,-20.5328,-49.21526
2024/08/23 16:54:00,NPP-375,Brasil,SÃO PAULO,NOVA GRANADA,Cerrado,70,0.0,1.0,46.4,-20.53003,-49.21951
2024/08/23 16:54:00,NPP-375,Brasil,SÃO PAULO,NOVA GRANADA,Cerrado,87,0.0,1.0,11.2,-20.5478,-49.24684
2024/08/23 17:17:00,NOAA-20,Brasil,SÃO PAULO,NOVA GRANADA,Cerrado,90,0.0,1.0,4.0,-20.54117,-49.24841
2024/08/23 17:17:00,NOAA-20,Brasil,SÃO PAULO,NOVA GRANADA,Cerrado,66,0.0,1.0,2.3,-20.53509,-49.21578
2024/08/23 17:17:00,NOAA-20,Brasil,SÃO PAULO,NOVA GRANADA,Cerrado,70,0.0,1.0,3.2,-20.53169,-49.22081
2024/08/23 17:17:00,NOAA-20,Brasil,SÃO PAULO,NOVA GRANADA,Cerrado,72,0.0,1.0,14.5,-20.52754,-49.22173
2024/08/23 17:17:00,NOAA-20,Brasil,SÃO PAULO,NOVA GRANADA,Cerrado,53,0.0,1.0,25.6,-20.50963,-49.19558
2024/08/23 17:17:00,NOAA-20,Brasil,SÃO PAULO,NOVA GRANADA,Cerrado,80,0.0,1.0,7.4,-20.56833,-49.25516
2024/08/23 17:17:00,NOAA-20,Brasil,SÃO PAULO,NOVA GRANADA,Cerrado,82,0.0,1.0,12.7,-20.56384,-49.24823
2024/08/23 17:17:00,NOAA-20,Brasil,SÃO PAULO,NOVA GRANADA,Cerrado,83,0.0,1.0,71.0,-20.56268,-49.24792
2024/08/23 17:17:00,NOAA-20,Brasil,SÃO PAULO,NOVA GRANADA,Cerrado,81,0.0,1.0,5.1,-20.55286,-49.24157
2024/08/23 17:17:00,NOAA-20,Brasil,SÃO PAULO,NOVA GRANADA,Cerrado,86,0.0,1.0,5.5,-20.54947,-49.24656
2024/08/23 17:17:00,NOAA-20,Brasil,SÃO PAULO,NOVA GRANADA,Cerrado,88,0.0,1.0,5.5,-20.54531,-49.24746
2024/08/23 17:58:00,AQUA_M-T,Brasil,SÃO PAULO,NOVA GRANADA,Cerrado,83,0.0,1.0,60.8,-20.56177,-49.25333
2024/08/23 17:58:00,AQUA_M-T,Brasil,SÃO PAULO,NOVA GRANADA,Cerrado,86,0.0,1.0,51.7,-20.55184,-49.25524
2024/08/23 17:58:00,AQUA_M-T,Brasil,SÃO PAULO,NOVA GRANADA,Cerrado,77,0.0,1.0,74.2,-20.51595,-49.22478
2024/08/23 17:58:00,AQUA_M-T,Brasil,SÃO PAULO,NOVA GRANADA,Cerrado,73,0.0,1.0,27.6,-20.51435,-49.21938
2024/08/23 17:58:00,AQUA_M-T,Brasil,SÃO PAULO,NOVA GRANADA,Mata Atlântica,83,0.0,1.0,35.6,-20.51632,-49.23155
2024/08/24 03:40:00,NOAA-21,Brasil,SÃO PAULO,NOVA GRANADA,Cerrado,92,0.0,1.0,1.5,-20.53854,-49.25302
2024/08/24 03:40:00,NOAA-21,Brasil,SÃO PAULO,NOVA GRANADA,Cerrado,91,0.0,1.0,1.5,-20.53975,-49.24793
2024/08/24 04:06:00,NPP-375D,Brasil,SÃO PAULO,NOVA GRANADA,Cerrado,83,0.0,1.0,2.5,-20.56254,-49.25449
2024/08/24 04:06:00,NPP-375D,Brasil,SÃO PAULO,NOVA GRANADA,Cerrado,92,0.0,1.0,3.8,-20.53768,-49.24892
2024/08/24 04:06:00,NPP-375D,Brasil,SÃO PAULO,NOVA GRANADA,Cerrado,92,0.0,1.0,0.8,-20.54181,-49.2499
2024/08/24 04:06:00,NPP-375D,Brasil,SÃO PAULO,NOVA GRANADA,Cerrado,86,0.0,1.0,0.7,-20.55915,-49.24964
2024/08/24 04:29:00,NOAA-20,Brasil,SÃO PAULO,NOVA GRANADA,Cerrado,83,0.0,1.0,2.4,-20.56151,-49.25637
2024/08/24 04:29:00,NOAA-20,Brasil,SÃO PAULO,NOVA GRANADA,Cerrado,85,0.0,1.0,0.7,-20.55934,-49.24841
2024/08/24 04:29:00,NOAA-20,Brasil,SÃO PAULO,NOVA GRANADA,Cerrado,85,0.0,1.0,0.7,-20.55877,-49.2521
2024/08/24 04:29:00,NOAA-20,Brasil,SÃO PAULO,NOVA GRANADA,Cerrado,91,0.0,1.0,1.6,-20.54217,-49.24921
2024/08/24 04:29:00,NOAA-20,Brasil,SÃO PAULO,NOVA GRANADA,Cerrado,92,0.0,1.0,13.8,-20.53828,-49.25232
2024/08/24 12:23:00,TERRA_M-T,Brasil,SÃO PAULO,NOVA GRANADA,Cerrado,82,0.0,1.0,10.7,-20.56607,-49.25409
2024/08/24 16:09:00,NOAA-21,Brasil,SÃO PAULO,NOVA GRANADA,Cerrado,92,0.0,1.0,7.4,-20.53959,-49.25248
2024/08/24 16:09:00,NOAA-21,Brasil,SÃO PAULO,NOVA GRANADA,Cerrado,84,0.0,1.0,22.9,-20.56016,-49.25604
2024/08/24 16:09:00,NOAA-21,Brasil,SÃO PAULO,NOVA GRANADA,Cerrado,86,0.0,1.0,14.7,-20.55773,-49.25109
2024/08/24 16:09:00,NOAA-21,Brasil,SÃO PAULO,NOVA GRANADA,Cerrado,85,0.0,1.0,22.9,-20.55976,-49.25144
2024/08/24 16:09:00,NOAA-21,Brasil,SÃO PAULO,NOVA GRANADA,Cerrado,84,0.0,1.0,6.6,-20.56377,-49.25067
2024/08/24 16:09:00,NOAA-21,Brasil,SÃO PAULO,NOVA GRANADA,Cerrado,85,0.0,1.0,14.7,-20.55815,-49.25569
2024/08/24 16:09:00,NOAA-21,Brasil,SÃO PAULO,NOVA GRANADA,Cerrado,83,0.0,1.0,6.6,-20.56421,-49.25529
2024/08/24 16:35:00,NPP-375,Brasil,SÃO PAULO,NOVA GRANADA,Cerrado,84,0.0,1.0,12.0,-20.55888,-49.258
2024/08/24 16:35:00,NPP-375,Brasil,SÃO PAULO,NOVA GRANADA,Cerrado,86,0.0,1.0,24.7,-20.55822,-49.25261
2024/08/24 16:35:00,NPP-375,Brasil,SÃO PAULO,NOVA GRANADA,Cerrado,93,0.0,1.0,37.2,-20.53757,-49.24982
2024/08/24 16:35:00,NPP-375,Brasil,SÃO PAULO,NOVA GRANADA,Cerrado,84,0.0,1.0,24.7,-20.56222,-49.25209
2024/08/24 16:58:00,NOAA-20,Brasil,SÃO PAULO,NOVA GRANADA,Cerrado,92,0.0,1.0,20.3,-20.53946,-49.25032
2024/08/24 16:58:00,NOAA-20,Brasil,SÃO PAULO,NOVA GRANADA,Cerrado,84,0.0,1.0,3.9,-20.5635,-49.24986
2024/08/24 16:58:00,NOAA-20,Brasil,SÃO PAULO,NOVA GRANADA,Cerrado,84,0.0,1.0,24.6,-20.56075,-49.25425
2024/08/24 16:58:00,NOAA-20,Brasil,SÃO PAULO,NOVA GRANADA,Cerrado,86,0.0,1.0,12.1,-20.56015,-49.25047
2024/08/24 16:58:00,NOAA-20,Brasil,SÃO PAULO,NOVA GRANADA,Cerrado,83,0.0,1.0,13.9,-20.56409,-49.25364
2024/08/24 17:49:00,NOAA-21,Brasil,SÃO PAULO,NOVA GRANADA,Cerrado,85,0.0,1.0,8.5,-20.55985,-49.2513
2024/08/24 18:57:00,GOES-16,Brasil,SÃO PAULO,NOVA GRANADA,Cerrado,83,0.0,1.0,127.3,-20.5646,-49.2531
2024/08/24 19:07:00,GOES-16,Brasil,SÃO PAULO,NOVA GRANADA,Cerrado,83,0.0,1.0,119.8,-20.5646,-49.2531
2024/08/24 21:03:26,MSG-03,Brasil,SÃO PAULO,NOVA GRANADA,Cerrado,64,0.0,1.0,,-20.52,-49.21
2024/09/01 17:00:00,NOAA-21,Brasil,SÃO PAULO,NOVA GRANADA,Cerrado,7,0.0,1.0,8.9,-20.55444,-49.24714
2024/09/02 16:39:00,NOAA-21,Brasil,SÃO PAULO,NOVA GRANADA,Mata Atlântica,25,0.0,1.0,10.3,-20.38388,-49.32676
2024/09/05 16:35:00,NOAA-20,Brasil,SÃO PAULO,NOVA GRANADA,Cerrado,11,0.0,1.0,3.1,-20.55032,-49.2454
2024/09/05 16:35:00,NOAA-20,Brasil,SÃO PAULO,NOVA GRANADA,Cerrado,11,0.0,1.0,5.2,-20.55162,-49.24524
2024/09/09 16:09:00,NOAA-21,Brasil,SÃO PAULO,NOVA GRANADA,Mata Atlântica,15,0.0,1.0,86.8,-20.50075,-49.25302
2024/09/09 16:09:00,NOAA-21,Brasil,SÃO PAULO,NOVA GRANADA,Mata Atlântica,14,0.0,1.0,86.8,-20.50117,-49.25769
2024/09/09 16:09:00,NOAA-21,Brasil,SÃO PAULO,NOVA GRANADA,Mata Atlântica,15,0.0,1.0,71.7,-20.50158,-49.26233
2024/09/09 16:09:00,NOAA-21,Brasil,SÃO PAULO,NOVA GRANADA,Mata Atlântica,15,0.0,1.0,71.7,-20.502,-49.26707
2024/09/09 16:09:00,NOAA-21,Brasil,SÃO PAULO,NOVA GRANADA,Mata Atlântica,15,0.0,1.0,34.8,-20.49592,-49.26752
2024/09/09 16:09:00,NOAA-21,Brasil,SÃO PAULO,NOVA GRANADA,Mata Atlântica,15,0.0,1.0,34.8,-20.49549,-49.26268
2024/09/09 16:09:00,NOAA-21,Brasil,SÃO PAULO,NOVA GRANADA,Mata Atlântica,15,0.0,1.0,129.7,-20.49507,-49.25799
2024/09/09 16:09:00,NOAA-21,Brasil,SÃO PAULO,NOVA GRANADA,Mata Atlântica,15,0.0,1.0,129.7,-20.49466,-49.25334
2024/09/09 16:09:00,NOAA-21,Brasil,SÃO PAULO,NOVA GRANADA,Mata Atlântica,15,0.0,1.0,31.2,-20.49424,-49.24866
2024/09/09 16:09:00,NOAA-21,Brasil,SÃO PAULO,NOVA GRANADA,Mata Atlântica,15,0.0,1.0,86.8,-20.50725,-49.2572
2024/09/09 16:09:00,NOAA-21,Brasil,SÃO PAULO,NOVA GRANADA,Mata Atlântica,15,0.0,1.0,27.9,-20.50033,-49.24826
2024/09/09 16:35:00,NPP-375,Brasil,SÃO PAULO,NOVA GRANADA,Mata Atlântica,15,0.0,1.0,53.4,-20.49075,-49.25641
2024/09/09 16:35:00,NPP-375,Brasil,SÃO PAULO,NOVA GRANADA,Mata Atlântica,15,0.0,1.0,6.2,-20.50745,-49.25978
2024/09/09 16:35:00,NPP-375,Brasil,SÃO PAULO,NOVA GRANADA,Mata Atlântica,15,0.0,1.0,8.8,-20.50678,-49.25436
2024/09/09 16:35:00,NPP-375,Brasil,SÃO PAULO,NOVA GRANADA,Mata Atlântica,15,0.0,1.0,12.6,-20.50478,-49.27118
2024/09/09 16:35:00,NPP-375,Brasil,SÃO PAULO,NOVA GRANADA,Mata Atlântica,15,0.0,1.0,80.2,-20.50412,-49.26574
2024/09/09 16:35:00,NPP-375,Brasil,SÃO PAULO,NOVA GRANADA,Mata Atlântica,15,0.0,1.0,80.2,-20.50345,-49.26032
2024/09/09 16:35:00,NPP-375,Brasil,SÃO PAULO,NOVA GRANADA,Mata Atlântica,15,0.0,1.0,41.7,-20.50278,-49.25492
2024/09/09 16:35:00,NPP-375,Brasil,SÃO PAULO,NOVA GRANADA,Mata Atlântica,15,0.0,1.0,12.6,-20.50078,-49.27174
2024/09/09 16:35:00,NPP-375,Brasil,SÃO PAULO,NOVA GRANADA,Mata Atlântica,15,0.0,1.0,80.2,-20.5001,-49.26626
2024/09/09 16:35:00,NPP-375,Brasil,SÃO PAULO,NOVA GRANADA,Mata Atlântica,15,0.0,1.0,80.2,-20.49943,-49.26081
2024/09/09 16:35:00,NPP-375,Brasil,SÃO PAULO,NOVA GRANADA,Mata Atlântica,15,0.0,1.0,41.7,-20.49877,-49.25541
2024/09/09 16:35:00,NPP-375,Brasil,SÃO PAULO,NOVA GRANADA,Mata Atlântica,15,0.0,1.0,41.7,-20.4981,-49.24999
2024/09/09 16:35:00,NPP-375,Brasil,SÃO PAULO,NOVA GRANADA,Mata Atlântica,15,0.0,1.0,11.3,-20.4961,-49.26678
2024/09/09 16:35:00,NPP-375,Brasil,SÃO PAULO,NOVA GRANADA,Mata Atlântica,15,0.0,1.0,11.3,-20.49542,-49.26131
2024/09/09 16:35:00,NPP-375,Brasil,SÃO PAULO,NOVA GRANADA,Mata Atlântica,15,0.0,1.0,53.4,-20.49476,-49.25591
2024/09/09 16:35:00,NPP-375,Brasil,SÃO PAULO,NOVA GRANADA,Mata Atlântica,15,0.0,1.0,53.4,-20.49409,-49.2505
2024/09/09 16:58:00,NOAA-20,Brasil,SÃO PAULO,NOVA GRANADA,Mata Atlântica,15,0.0,1.0,5.4,-20.5048,-49.26358
2024/09/09 16:58:00,NOAA-20,Brasil,SÃO PAULO,NOVA GRANADA,Mata Atlântica,15,0.0,1.0,7.9,-20.50695,-49.25545
2024/09/09 16:58:00,NOAA-20,Brasil,SÃO PAULO,NOVA GRANADA,Mata Atlântica,15,0.0,1.0,6.5,-20.50755,-49.25922
2024/09/09 16:58:00,NOAA-20,Brasil,SÃO PAULO,NOVA GRANADA,Mata Atlântica,15,0.0,1.0,73.6,-20.49358,-49.25786
2024/09/09 16:58:00,NOAA-20,Brasil,SÃO PAULO,NOVA GRANADA,Mata Atlântica,15,0.0,1.0,110.0,-20.49417,-49.26163
2024/09/09 16:58:00,NOAA-20,Brasil,SÃO PAULO,NOVA GRANADA,Mata Atlântica,15,0.0,1.0,73.6,-20.49632,-49.25349
2024/09/09 16:58:00,NOAA-20,Brasil,SÃO PAULO,NOVA GRANADA,Mata Atlântica,15,0.0,1.0,73.6,-20.49692,-49.25726
2024/09/09 16:58:00,NOAA-20,Brasil,SÃO PAULO,NOVA GRANADA,Mata Atlântica,15,0.0,1.0,110.0,-20.49752,-49.26102
2024/09/09 16:58:00,NOAA-20,Brasil,SÃO PAULO,NOVA GRANADA,Mata Atlântica,15,0.0,1.0,110.0,-20.49811,-49.26479
2024/09/09 16:58:00,NOAA-20,Brasil,SÃO PAULO,NOVA GRANADA,Mata Atlântica,15,0.0,1.0,8.0,-20.49907,-49.24912
2024/09/09 16:58:00,NOAA-20,Brasil,SÃO PAULO,NOVA GRANADA,Mata Atlântica,15,0.0,1.0,16.2,-20.49967,-49.25289
2024/09/09 16:58:00,NOAA-20,Brasil,SÃO PAULO,NOVA GRANADA,Mata Atlântica,15,0.0,1.0,16.2,-20.50026,-49.25665
2024/09/09 16:58:00,NOAA-20,Brasil,SÃO PAULO,NOVA GRANADA,Mata Atlântica,15,0.0,1.0,5.4,-20.50146,-49.26418
2024/09/09 16:58:00,NOAA-20,Brasil,SÃO PAULO,NOVA GRANADA,Mata Atlântica,14,0.0,1.0,6.6,-20.50205,-49.26794
2024/09/09 16:58:00,NOAA-20,Brasil,SÃO PAULO,NOVA GRANADA,Mata Atlântica,15,0.0,1.0,8.0,-20.50241,-49.24852
2024/09/09 16:58:00,NOAA-20,Brasil,SÃO PAULO,NOVA GRANADA,Mata Atlântica,15,0.0,1.0,16.2,-20.50301,-49.25228
2024/09/09 16:58:00,NOAA-20,Brasil,SÃO PAULO,NOVA GRANADA,Mata Atlântica,15,0.0,1.0,16.2,-20.5036,-49.25605
2024/09/09 16:58:00,NOAA-20,Brasil,SÃO PAULO,NOVA GRANADA,Mata Atlântica,15,0.0,1.0,5.4,-20.5042,-49.25982
2024/09/09 16:58:00,NOAA-20,Brasil,SÃO PAULO,NOVA GRANADA,Mata Atlântica,15,0.0,1.0,19.0,-20.49083,-49.26222
2024/09/09 16:58:00,NOAA-20,Brasil,SÃO PAULO,NOVA GRANADA,Mata Atlântica,15,0.0,1.0,73.6,-20.49298,-49.2541
2024/09/09 17:49:00,NOAA-21,Brasil,SÃO PAULO,NOVA GRANADA,Mata Atlântica,15,0.0,1.0,14.9,-20.50332,-49.25453
2024/09/09 17:49:00,NOAA-21,Brasil,SÃO PAULO,NOVA GRANADA,Mata Atlântica,15,0.0,1.0,21.3,-20.49035,-49.25877
2024/09/09 17:49:00,NOAA-21,Brasil,SÃO PAULO,NOVA GRANADA,Mata Atlântica,15,0.0,1.0,14.9,-20.49531,-49.25032
2024/09/09 17:49:00,NOAA-21,Brasil,SÃO PAULO,NOVA GRANADA,Mata Atlântica,15,0.0,1.0,14.9,-20.49685,-49.2567
2024/09/09 17:49:00,NOAA-21,Brasil,SÃO PAULO,NOVA GRANADA,Mata Atlântica,15,0.0,1.0,20.4,-20.49838,-49.26308
2024/09/09 17:49:00,NOAA-21,Brasil,SÃO PAULO,NOVA GRANADA,Mata Atlântica,15,0.0,1.0,14.9,-20.50182,-49.2483
2024/09/09 17:49:00,NOAA-21,Brasil,SÃO PAULO,NOVA GRANADA,Mata Atlântica,15,0.0,1.0,20.4,-20.50486,-49.26095
2024/09/09 17:56:00,AQUA_M-T,Brasil,SÃO PAULO,NOVA GRANADA,Mata Atlântica,15,0.0,1.0,9.4,-20.49524,-49.27733
2024/09/09 17:56:00,AQUA_M-T,Brasil,SÃO PAULO,NOVA GRANADA,Mata Atlântica,15,0.0,1.0,41.7,-20.50126,-49.2532
2024/09/09 17:56:00,AQUA_M-T,Brasil,SÃO PAULO,NOVA GRANADA,Mata Atlântica,15,0.0,1.0,81.0,-20.49346,-49.26626
2024/09/09 17:56:00,AQUA_M-T,Brasil,SÃO PAULO,NOVA GRANADA,Mata Atlântica,15,0.0,1.0,54.7,-20.49167,-49.25507
2024/09/09 17:56:00,AQUA_M-T,Brasil,SÃO PAULO,NOVA GRANADA,Mata Atlântica,15,0.0,1.0,38.8,-20.50483,-49.2756
2024/09/09 17:56:00,AQUA_M-T,Brasil,SÃO PAULO,NOVA GRANADA,Mata Atlântica,15,0.0,1.0,117.8,-20.50305,-49.26445
2024/09/10 03:47:00,NPP-375D,Brasil,SÃO PAULO,NOVA GRANADA,Mata Atlântica,16,0.0,1.0,1.4,-20.49518,-49.25525
2024/09/10 03:47:00,NPP-375D,Brasil,SÃO PAULO,NOVA GRANADA,Mata Atlântica,16,0.0,1.0,1.4,-20.49433,-49.2591
2024/09/10 04:10:00,NOAA-20,Brasil,SÃO PAULO,NOVA GRANADA,Mata Atlântica,16,0.0,1.0,2.8,-20.49123,-49.25418
2024/09/10 04:10:00,NOAA-20,Brasil,SÃO PAULO,NOVA GRANADA,Mata Atlântica,16,0.0,1.0,1.8,-20.49032,-49.25914
2024/09/10 04:10:00,NOAA-20,Brasil,SÃO PAULO,NOVA GRANADA,Mata Atlântica,16,0.0,1.0,2.0,-20.49703,-49.26574
2024/09/10 05:01:00,NOAA-21,Brasil,SÃO PAULO,NOVA GRANADA,Mata Atlântica,15,0.0,1.0,3.9,-20.49253,-49.25612
2024/09/10 05:01:00,NOAA-21,Brasil,SÃO PAULO,NOVA GRANADA,Mata Atlântica,16,0.0,1.0,2.8,-20.49705,-49.26807
2024/09/10 05:01:00,NOAA-21,Brasil,SÃO PAULO,NOVA GRANADA,Mata Atlântica,16,0.0,1.0,3.7,-20.49349,-49.25613
2024/09/10 05:25:00,NPP-375D,Brasil,SÃO PAULO,NOVA GRANADA,Mata Atlântica,16,0.0,1.0,2.5,-20.48945,-49.25492
2024/09/10 16:16:00,NPP-375,Brasil,SÃO PAULO,NOVA GRANADA,Mata Atlântica,16,0.0,1.0,7.3,-20.49574,-49.2566
2024/09/10 17:30:00,NOAA-21,Brasil,SÃO PAULO,NOVA GRANADA,Mata Atlântica,16,0.0,1.0,3.7,-20.49395,-49.2565
2024/09/11 04:42:00,NOAA-21,Brasil,SÃO PAULO,NOVA GRANADA,Mata Atlântica,17,0.0,1.0,0.7,-20.49786,-49.26489
2024/09/11 04:42:00,NOAA-21,Brasil,SÃO PAULO,NOVA GRANADA,Mata Atlântica,17,0.0,1.0,0.6,-20.49187,-49.25489
2024/09/11 04:42:00,NOAA-21,Brasil,SÃO PAULO,NOVA GRANADA,Mata Atlântica,17,0.0,1.0,0.6,-20.49549,-49.25544
2024/09/11 17:37:00,NPP-375,Brasil,SÃO PAULO,NOVA GRANADA,Mata Atlântica,17,0.0,1.0,37.3,-20.52282,-49.29864
2024/09/11 17:37:00,NPP-375,Brasil,SÃO PAULO,NOVA GRANADA,Mata Atlântica,17,0.0,1.0,31.4,-20.5276,-49.29352
2024/09/11 17:37:00,NPP-375,Brasil,SÃO PAULO,NOVA GRANADA,Mata Atlântica,17,0.0,1.0,31.4,-20.52196,-49.29473
2024/09/11 17:37:00,NPP-375,Brasil,SÃO PAULO,NOVA GRANADA,Cerrado,17,0.0,1.0,37.3,-20.52368,-49.30254
2024/09/11 17:37:00,NPP-375,Brasil,SÃO PAULO,NOVA GRANADA,Cerrado,17,0.0,1.0,37.3,-20.52846,-49.29741
2024/09/11 17:39:00,AQUA_M-T,Brasil,SÃO PAULO,NOVA GRANADA,Cerrado,17,0.0,1.0,32.8,-20.51173,-49.31075
2024/09/11 17:39:00,AQUA_M-T,Brasil,SÃO PAULO,NOVA GRANADA,Mata Atlântica,17,0.0,1.0,42.4,-20.51958,-49.29909
2024/09/11 17:39:00,AQUA_M-T,Brasil,SÃO PAULO,NOVA GRANADA,Mata Atlântica,17,0.0,1.0,166.3,-20.51036,-49.30055
2024/09/13 04:04:00,NOAA-21,Brasil,SÃO PAULO,NOVA GRANADA,Cerrado,19,0.0,1.0,4.7,-20.59924,-49.32967
2024/09/13 04:04:00,NOAA-21,Brasil,SÃO PAULO,NOVA GRANADA,Cerrado,19,0.0,1.0,4.7,-20.60007,-49.32544
2024/09/13 04:29:00,NPP-375D,Brasil,SÃO PAULO,NOVA GRANADA,Cerrado,19,0.0,1.0,3.5,-20.59617,-49.32671
2024/09/13 04:29:00,NPP-375D,Brasil,SÃO PAULO,NOVA GRANADA,Cerrado,19,0.0,1.0,3.5,-20.5995,-49.32729
2024/09/13 04:53:00,NOAA-20,Brasil,SÃO PAULO,NOVA GRANADA,Cerrado,19,0.0,1.0,2.7,-20.59683,-49.32611
2024/09/13 04:53:00,NOAA-20,Brasil,SÃO PAULO,NOVA GRANADA,Cerrado,19,0.0,1.0,2.7,-20.60121,-49.32661
2024/09/13 12:42:00,TERRA_M-T,Brasil,SÃO PAULO,NOVA GRANADA,Cerrado,19,0.0,1.0,15.5,-20.60501,-49.33249
2024/09/13 12:42:00,TERRA_M-T,Brasil,SÃO PAULO,NOVA GRANADA,Cerrado,19,0.0,1.0,25.4,-20.59743,-49.32464
2024/09/13 16:35:00,NOAA-21,Brasil,SÃO PAULO,NOVA GRANADA,Cerrado,19,0.0,1.0,6.8,-20.59525,-49.32743
2024/09/13 16:35:00,NOAA-21,Brasil,SÃO PAULO,NOVA GRANADA,Cerrado,19,0.0,1.0,7.5,-20.5995,-49.32664
2024/09/13 16:35:00,NOAA-21,Brasil,SÃO PAULO,NOVA GRANADA,Cerrado,19,0.0,1.0,8.2,-20.59543,-49.32713
2024/09/13 17:00:00,NPP-375,Brasil,SÃO PAULO,NOVA GRANADA,Cerrado,19,0.0,1.0,4.8,-20.59977,-49.32814
2024/09/13 17:00:00,NPP-375,Brasil,SÃO PAULO,NOVA GRANADA,Cerrado,19,0.0,1.0,4.8,-20.59641,-49.32875
2024/09/13 17:24:00,NOAA-20,Brasil,SÃO PAULO,NOVA GRANADA,Cerrado,19,0.0,1.0,4.0,-20.59673,-49.32585
2024/09/14 03:47:00,NOAA-21,Brasil,SÃO PAULO,NOVA GRANADA,Cerrado,19,1.78,1.0,1.5,-20.59862,-49.3275
2024/09/14 04:12:00,NPP-375D,Brasil,SÃO PAULO,NOVA GRANADA,Cerrado,19,1.76,1.0,1.3,-20.59838,-49.32563
2024/09/14 04:34:00,NOAA-20,Brasil,SÃO PAULO,NOVA GRANADA,Cerrado,19,1.77,1.0,1.8,-20.60039,-49.32641
2024/09/14 04:34:00,NOAA-20,Brasil,SÃO PAULO,NOVA GRANADA,Cerrado,19,1.76,1.0,1.5,-20.59698,-49.32586
2024/09/14 04:34:00,NOAA-20,Brasil,SÃO PAULO,NOVA GRANADA,Cerrado,19,1.8,1.0,1.2,-20.59641,-49.32974
2024/09/14 16:39:00,NPP-375,Brasil,SÃO PAULO,NOVA GRANADA,Cerrado,19,1.98,1.0,23.0,-20.56615,-49.32937
2024/09/14 16:39:00,NPP-375,Brasil,SÃO PAULO,NOVA GRANADA,Cerrado,19,1.9,1.0,62.7,-20.56921,-49.32419
2024/09/14 16:39:00,NPP-375,Brasil,SÃO PAULO,NOVA GRANADA,Cerrado,19,1.96,1.0,7.7,-20.56185,-49.32533
2024/09/14 16:39:00,NPP-375,Brasil,SÃO PAULO,NOVA GRANADA,Cerrado,19,1.93,1.0,62.6,-20.56817,-49.32595
2024/09/14 16:39:00,NPP-375,Brasil,SÃO PAULO,NOVA GRANADA,Cerrado,19,2.0,1.0,7.7,-20.56247,-49.32993
2024/09/15 04:17:00,NOAA-20,Brasil,SÃO PAULO,NOVA GRANADA,Cerrado,19,3.18,1.0,0.8,-20.59807,-49.32749
2024/09/18 04:12:00,NOAA-21,Brasil,SÃO PAULO,NOVA GRANADA,Cerrado,3,0.0,1.0,1.5,-20.52891,-49.32059
2024/09/28 12:53:00,TERRA_M-T,Brasil,SÃO PAULO,NOVA GRANADA,Cerrado,7,0.0,1.0,9.1,-20.55761,-49.33321
2024/10/06 01:27:00,GOES-16,Brasil,SÃO PAULO,NOVA GRANADA,Cerrado,15,0.0,1.0,75.0,-20.582,-49.3635
2024/10/06 01:27:00,GOES-16,Brasil,SÃO PAULO,NOVA GRANADA,Cerrado,15,0.0,1.0,69.3,-20.5813,-49.3865
2024/10/06 01:37:00,GOES-16,Brasil,SÃO PAULO,NOVA GRANADA,Cerrado,15,0.0,1.0,83.2,-20.582,-49.3635
2024/10/06 01:37:00,GOES-16,Brasil,SÃO PAULO,NOVA GRANADA,Cerrado,15,0.0,1.0,71.4,-20.5813,-49.3865
2024/10/06 01:39:26,METOP-C,Brasil,SÃO PAULO,NOVA GRANADA,Cerrado,15,0.0,1.0,,-20.584699630737305,-49.38850021362305
2024/10/06 01:39:26,METOP-C,Brasil,SÃO PAULO,NOVA GRANADA,Cerrado,15,0.0,1.0,,-20.578800201416016,-49.367698669433594
2024/10/06 01:39:26,METOP-C,Brasil,SÃO PAULO,NOVA GRANADA,Cerrado,15,0.0,1.0,,-20.572900772094727,-49.346900939941406
2024/10/06 01:39:26,METOP-C,Brasil,SÃO PAULO,NOVA GRANADA,Cerrado,15,0.0,1.0,,-20.58839988708496,-49.36470031738281
2024/10/06 01:39:26,METOP-C,Brasil,SÃO PAULO,NOVA GRANADA,Cerrado,15,0.0,1.0,,-20.582500457763672,-49.34379959106445
2024/10/06 01:39:26,METOP-C,Brasil,SÃO PAULO,NOVA GRANADA,Cerrado,15,0.0,1.0,,-20.569299697875977,-49.37080001831055
2024/10/06 01:47:00,GOES-16,Brasil,SÃO PAULO,NOVA GRANADA,Cerrado,15,0.0,1.0,65.7,-20.6024,-49.3591
2024/10/06 01:47:00,GOES-16,Brasil,SÃO PAULO,NOVA GRANADA,Cerrado,15,0.0,1.0,152.4,-20.5813,-49.3865
2024/10/06 01:47:00,GOES-16,Brasil,SÃO PAULO,NOVA GRANADA,Cerrado,15,0.0,1.0,133.7,-20.582,-49.3635
2024/10/06 01:57:00,GOES-16,Brasil,SÃO PAULO,NOVA GRANADA,Cerrado,15,0.0,1.0,106.3,-20.5813,-49.3865
2024/10/06 01:57:00,GOES-16,Brasil,SÃO PAULO,NOVA GRANADA,Cerrado,15,0.0,1.0,96.8,-20.582,-49.3635
2024/10/06 01:57:00,GOES-16,Brasil,SÃO PAULO,NOVA GRANADA,Cerrado,15,0.0,1.0,100.6,-20.6024,-49.3591
2024/10/06 02:07:00,GOES-16,Brasil,SÃO PAULO,NOVA GRANADA,Cerrado,15,0.0,1.0,75.1,-20.6024,-49.3591
2024/10/06 02:07:00,GOES-16,Brasil,SÃO PAULO,NOVA GRANADA,Cerrado,15,0.0,1.0,112.1,-20.5813,-49.3865
2024/10/06 02:07:00,GOES-16,Brasil,SÃO PAULO,NOVA GRANADA,Cerrado,15,0.0,1.0,101.1,-20.582,-49.3635
2024/10/06 02:17:00,GOES-16,Brasil,SÃO PAULO,NOVA GRANADA,Cerrado,15,0.0,1.0,113.3,-20.582,-49.3635
2024/10/06 02:17:00,GOES-16,Brasil,SÃO PAULO,NOVA GRANADA,Cerrado,15,0.0,1.0,122.1,-20.5813,-49.3865
2024/10/06 02:17:00,GOES-16,Brasil,SÃO PAULO,NOVA GRANADA,Cerrado,15,0.0,1.0,101.9,-20.6024,-49.3591
2024/10/06 02:27:00,GOES-16,Brasil,SÃO PAULO,NOVA GRANADA,Cerrado,15,0.0,1.0,183.2,-20.582,-49.3635
2024/10/06 02:27:00,GOES-16,Brasil,SÃO PAULO,NOVA GRANADA,Cerrado,15,0.0,1.0,75.6,-20.6024,-49.3591
2024/10/06 02:27:00,GOES-16,Brasil,SÃO PAULO,NOVA GRANADA,Cerrado,15,0.0,1.0,185.7,-20.5813,-49.3865
2024/10/06 02:37:00,GOES-16,Brasil,SÃO PAULO,NOVA GRANADA,Cerrado,15,0.0,1.0,118.8,-20.582,-49.3635
2024/10/06 02:37:00,GOES-16,Brasil,SÃO PAULO,NOVA GRANADA,Cerrado,15,0.0,1.0,167.6,-20.5813,-49.3865
2024/10/06 02:47:00,GOES-16,Brasil,SÃO PAULO,NOVA GRANADA,Cerrado,15,0.0,1.0,104.8,-20.5813,-49.3865
2024/10/06 02:47:00,GOES-16,Brasil,SÃO PAULO,NOVA GRANADA,Cerrado,15,0.0,1.0,92.4,-20.582,-49.3635
2024/10/06 02:47:00,GOES-16,Brasil,SÃO PAULO,NOVA GRANADA,Cerrado,15,0.0,1.0,63.6,-20.6024,-49.3591
2024/10/06 02:57:00,GOES-16,Brasil,SÃO PAULO,NOVA GRANADA,Cerrado,15,0.0,1.0,168.3,-20.5813,-49.3865
2024/10/06 02:57:00,GOES-16,Brasil,SÃO PAULO,NOVA GRANADA,Cerrado,15,0.0,1.0,109.2,-20.582,-49.3635
2024/10/06 03:07:00,GOES-16,Brasil,SÃO PAULO,NOVA GRANADA,Cerrado,15,0.0,1.0,131.2,-20.5813,-49.3865
2024/10/06 03:07:00,GOES-16,Brasil,SÃO PAULO,NOVA GRANADA,Cerrado,15,0.0,1.0,111.5,-20.582,-49.3635
2024/10/06 03:17:00,GOES-16,Brasil,SÃO PAULO,NOVA GRANADA,Cerrado,15,0.0,1.0,59.9,-20.6024,-49.3591
2024/10/06 03:17:00,GOES-16,Brasil,SÃO PAULO,NOVA GRANADA,Cerrado,15,0.0,1.0,120.1,-20.5813,-49.3865
2024/10/06 03:17:00,GOES-16,Brasil,SÃO PAULO,NOVA GRANADA,Cerrado,15,0.0,1.0,80.7,-20.582,-49.3635
2024/10/06 03:27:00,GOES-16,Brasil,SÃO PAULO,NOVA GRANADA,Cerrado,15,0.0,1.0,71.0,-20.6024,-49.3591
2024/10/06 03:27:00,GOES-16,Brasil,SÃO PAULO,NOVA GRANADA,Cerrado,15,0.0,1.0,244.0,-20.582,-49.3635
2024/10/06 03:27:00,GOES-16,Brasil,SÃO PAULO,NOVA GRANADA,Cerrado,15,0.0,1.0,583.6,-20.5813,-49.3865
2024/10/06 03:27:00,GOES-16,Brasil,SÃO PAULO,NOVA GRANADA,Cerrado,15,0.0,1.0,66.6,-20.5609,-49.3909
2024/10/06 03:34:00,NOAA-21,Brasil,SÃO PAULO,NOVA GRANADA,Cerrado,15,0.0,1.0,8.6,-20.57002,-49.40814
2024/10/06 03:34:00,NOAA-21,Brasil,SÃO PAULO,NOVA GRANADA,Cerrado,15,0.0,1.0,9.7,-20.56823,-49.38638
2024/10/06 03:34:00,NOAA-21,Brasil,SÃO PAULO,NOVA GRANADA,Cerrado,15,0.0,1.0,10.3,-20.5666,-49.393
2024/10/06 03:34:00,NOAA-21,Brasil,SÃO PAULO,NOVA GRANADA,Cerrado,15,0.0,1.0,10.3,-20.565,-49.3995
2024/10/06 03:34:00,NOAA-21,Brasil,SÃO PAULO,NOVA GRANADA,Cerrado,15,0.0,1.0,6.7,-20.56338,-49.40605
2024/10/06 03:34:00,NOAA-21,Brasil,SÃO PAULO,NOVA GRANADA,Cerrado,15,0.0,1.0,9.7,-20.56317,-49.37797
2024/10/06 03:34:00,NOAA-21,Brasil,SÃO PAULO,NOVA GRANADA,Cerrado,15,0.0,1.0,1.9,-20.5618,-49.37669
2024/10/06 03:34:00,NOAA-21,Brasil,SÃO PAULO,NOVA GRANADA,Cerrado,15,0.0,1.0,1.6,-20.5602,-49.38338
2024/10/06 03:34:00,NOAA-21,Brasil,SÃO PAULO,NOVA GRANADA,Cerrado,15,0.0,1.0,1.0,-20.55651,-49.37604
2024/10/06 03:34:00,NOAA-21,Brasil,SÃO PAULO,NOVA GRANADA,Cerrado,15,0.0,1.0,1.9,-20.55514,-49.37476
2024/10/06 03:34:00,NOAA-21,Brasil,SÃO PAULO,NOVA GRANADA,Cerrado,15,0.0,1.0,1.0,-20.55489,-49.38256
2024/10/06 03:34:00,NOAA-21,Brasil,SÃO PAULO,NOVA GRANADA,Cerrado,15,0.0,1.0,1.6,-20.55357,-49.38128
2024/10/06 03:34:00,NOAA-21,Brasil,SÃO PAULO,NOVA GRANADA,Cerrado,15,0.0,1.0,9.7,-20.56984,-49.37986
2024/10/06 03:34:00,NOAA-21,Brasil,SÃO PAULO,NOVA GRANADA,Cerrado,15,0.0,1.0,7.3,-20.58977,-49.38588
2024/10/06 03:34:00,NOAA-21,Brasil,SÃO PAULO,NOVA GRANADA,Cerrado,15,0.0,1.0,42.4,-20.58635,-49.37074
2024/10/06 03:34:00,NOAA-21,Brasil,SÃO PAULO,NOVA GRANADA,Cerrado,15,0.0,1.0,42.4,-20.58469,-49.37747
2024/10/06 03:34:00,NOAA-21,Brasil,SÃO PAULO,NOVA GRANADA,Cerrado,15,0.0,1.0,1001.4,-20.5831,-49.38396
2024/10/06 03:34:00,NOAA-21,Brasil,SÃO PAULO,NOVA GRANADA,Cerrado,15,0.0,1.0,1001.4,-20.58153,-49.39034
2024/10/06 03:34:00,NOAA-21,Brasil,SÃO PAULO,NOVA GRANADA,Cerrado,15,0.0,1.0,125.2,-20.57992,-49.39693
2024/10/06 03:34:00,NOAA-21,Brasil,SÃO PAULO,NOVA GRANADA,Cerrado,15,0.0,1.0,42.4,-20.57964,-49.36903
2024/10/06 03:34:00,NOAA-21,Brasil,SÃO PAULO,NOVA GRANADA,Cerrado,15,0.0,1.0,42.4,-20.57802,-49.37559
2024/10/06 03:34:00,NOAA-21,Brasil,SÃO PAULO,NOVA GRANADA,Cerrado,15,0.0,1.0,125.2,-20.57323,-49.39506
2024/10/06 03:34:00,NOAA-21,Brasil,SÃO PAULO,NOVA GRANADA,Cerrado,15,0.0,1.0,2.8,-20.57298,-49.3671
2024/10/06 03:34:00,NOAA-21,Brasil,SÃO PAULO,NOVA GRANADA,Cerrado,15,0.0,1.0,125.2,-20.57162,-49.40162
2024/10/06 03:34:00,NOAA-21,Brasil,SÃO PAULO,NOVA GRANADA,Cerrado,15,0.0,1.0,2.8,-20.5714,-49.3735
2024/10/06 03:37:00,GOES-16,Brasil,SÃO PAULO,NOVA GRANADA,Cerrado,15,0.0,1.0,84.2,-20.6024,-49.3591
2024/10/06 03:37:00,GOES-16,Brasil,SÃO PAULO,NOVA GRANADA,Cerrado,15,0.0,1.0,118.9,-20.5609,-49.3909
2024/10/06 03:37:00,GOES-16,Brasil,SÃO PAULO,NOVA GRANADA,Cerrado,15,0.0,1.0,624.0,-20.5813,-49.3865
2024/10/06 03:37:00,GOES-16,Brasil,SÃO PAULO,NOVA GRANADA,Cerrado,15,0.0,1.0,271.0,-20.582,-49.3635
2024/10/06 03:57:00,NPP-375D,Brasil,SÃO PAULO,NOVA GRANADA,Cerrado,15,0.0,1.0,230.1,-20.56964,-49.40142
2024/10/06 03:57:00,NPP-375D,Brasil,SÃO PAULO,NOVA GRANADA,Cerrado,15,0.0,1.0,1.7,-20.56854,-49.40673
2024/10/06 03:57:00,NPP-375D,Brasil,SÃO PAULO,NOVA GRANADA,Cerrado,15,0.0,1.0,1.7,-20.56745,-49.41206
2024/10/06 03:57:00,NPP-375D,Brasil,SÃO PAULO,NOVA GRANADA,Cerrado,15,0.0,1.0,122.6,-20.56716,-49.38957
2024/10/06 03:57:00,NPP-375D,Brasil,SÃO PAULO,NOVA GRANADA,Cerrado,15,0.0,1.0,142.8,-20.56606,-49.3949
2024/10/06 03:57:00,NPP-375D,Brasil,SÃO PAULO,NOVA GRANADA,Cerrado,15,0.0,1.0,142.8,-20.56497,-49.4002
2024/10/06 03:57:00,NPP-375D,Brasil,SÃO PAULO,NOVA GRANADA,Cerrado,15,0.0,1.0,5.8,-20.56387,-49.40553
2024/10/06 03:57:00,NPP-375D,Brasil,SÃO PAULO,NOVA GRANADA,Cerrado,15,0.0,1.0,122.6,-20.56357,-49.38317
2024/10/06 03:57:00,NPP-375D,Brasil,SÃO PAULO,NOVA GRANADA,Cerrado,15,0.0,1.0,122.6,-20.56247,-49.38851
2024/10/06 03:57:00,NPP-375D,Brasil,SÃO PAULO,NOVA GRANADA,Cerrado,15,0.0,1.0,142.8,-20.56139,-49.39373
2024/10/06 03:57:00,NPP-375D,Brasil,SÃO PAULO,NOVA GRANADA,Cerrado,15,0.0,1.0,142.8,-20.5603,-49.399
2024/10/06 03:57:00,NPP-375D,Brasil,SÃO PAULO,NOVA GRANADA,Cerrado,15,0.0,1.0,1.2,-20.55889,-49.38202
2024/10/06 03:57:00,NPP-375D,Brasil,SÃO PAULO,NOVA GRANADA,Cerrado,15,0.0,1.0,1.2,-20.55779,-49.38732
2024/10/06 03:57:00,NPP-375D,Brasil,SÃO PAULO,NOVA GRANADA,Cerrado,15,0.0,1.0,2.1,-20.55672,-49.39254
2024/10/06 03:57:00,NPP-375D,Brasil,SÃO PAULO,NOVA GRANADA,Cerrado,15,0.0,1.0,9.7,-20.57403,-49.3801
2024/10/06 03:57:00,NPP-375D,Brasil,SÃO PAULO,NOVA GRANADA,Cerrado,15,0.0,1.0,9.7,-20.57511,-49.37486
2024/10/06 03:57:00,NPP-375D,Brasil,SÃO PAULO,NOVA GRANADA,Cerrado,15,0.0,1.0,230.1,-20.57542,-49.39722
2024/10/06 03:57:00,NPP-375D,Brasil,SÃO PAULO,NOVA GRANADA,Cerrado,15,0.0,1.0,147.1,-20.57652,-49.39184
2024/10/06 03:57:00,NPP-375D,Brasil,SÃO PAULO,NOVA GRANADA,Cerrado,15,0.0,1.0,147.1,-20.57763,-49.38649
2024/10/06 03:57:00,NPP-375D,Brasil,SÃO PAULO,NOVA GRANADA,Cerrado,15,0.0,1.0,9.7,-20.57869,-49.38129
2024/10/06 03:57:00,NPP-375D,Brasil,SÃO PAULO,NOVA GRANADA,Cerrado,14,0.0,1.0,9.7,-20.57977,-49.37603
2024/10/06 03:57:00,NPP-375D,Brasil,SÃO PAULO,NOVA GRANADA,Cerrado,15,0.0,1.0,63.6,-20.5812,-49.393
2024/10/06 03:57:00,NPP-375D,Brasil,SÃO PAULO,NOVA GRANADA,Cerrado,15,0.0,1.0,63.6,-20.58229,-49.38768
2024/10/06 03:57:00,NPP-375D,Brasil,SÃO PAULO,NOVA GRANADA,Cerrado,15,0.0,1.0,40.4,-20.58337,-49.38244
2024/10/06 03:57:00,NPP-375D,Brasil,SÃO PAULO,NOVA GRANADA,Cerrado,15,0.0,1.0,40.4,-20.58446,-49.37714
2024/10/06 03:57:00,NPP-375D,Brasil,SÃO PAULO,NOVA GRANADA,Cerrado,15,0.0,1.0,9.5,-20.58556,-49.37176
2024/10/06 03:57:00,NPP-375D,Brasil,SÃO PAULO,NOVA GRANADA,Cerrado,15,0.0,1.0,40.4,-20.58804,-49.38359
2024/10/06 03:57:00,NPP-375D,Brasil,SÃO PAULO,NOVA GRANADA,Cerrado,15,0.0,1.0,40.4,-20.58914,-49.37825
2024/10/06 03:57:00,NPP-375D,Brasil,SÃO PAULO,NOVA GRANADA,Cerrado,15,0.0,1.0,147.1,-20.57295,-49.38533
2024/10/06 03:57:00,NPP-375D,Brasil,SÃO PAULO,NOVA GRANADA,Cerrado,15,0.0,1.0,230.1,-20.57074,-49.39609
2024/10/06 03:57:00,NPP-375D,Brasil,SÃO PAULO,NOVA GRANADA,Cerrado,15,0.0,1.0,4.4,-20.56936,-49.37892
2024/10/06 04:03:27,MSG-03,Brasil,SÃO PAULO,NOVA GRANADA,Cerrado,15,0.0,1.0,,-20.56,-49.4
2024/10/06 04:17:00,GOES-16,Brasil,SÃO PAULO,NOVA GRANADA,Cerrado,15,0.0,1.0,71.7,-20.5603,-49.4139
2024/10/06 04:17:00,GOES-16,Brasil,SÃO PAULO,NOVA GRANADA,Cerrado,15,0.0,1.0,81.5,-20.582,-49.3635
2024/10/06 04:17:00,GOES-16,Brasil,SÃO PAULO,NOVA GRANADA,Cerrado,15,0.0,1.0,477.4,-20.5813,-49.3865
2024/10/06 04:17:00,GOES-16,Brasil,SÃO PAULO,NOVA GRANADA,Cerrado,15,0.0,1.0,111.2,-20.5609,-49.3909
2024/10/06 04:21:00,NOAA-20,Brasil,SÃO PAULO,NOVA GRANADA,Cerrado,15,0.0,1.0,3.6,-20.57491,-49.40031
2024/10/06 04:21:00,NOAA-20,Brasil,SÃO PAULO,NOVA GRANADA,Cerrado,15,0.0,1.0,26.9,-20.5888,-49.37933
2024/10/06 04:21:00,NOAA-20,Brasil,SÃO PAULO,NOVA GRANADA,Cerrado,15,0.0,1.0,26.9,-20.58817,-49.38316
2024/10/06 04:21:00,NOAA-20,Brasil,SÃO PAULO,NOVA GRANADA,Cerrado,15,0.0,1.0,3.1,-20.58671,-49.37106
2024/10/06 04:21:00,NOAA-20,Brasil,SÃO PAULO,NOVA GRANADA,Cerrado,15,0.0,1.0,3.1,-20.58607,-49.37488
2024/10/06 04:21:00,NOAA-20,Brasil,SÃO PAULO,NOVA GRANADA,Cerrado,15,0.0,1.0,26.9,-20.58544,-49.3787
2024/10/06 04:21:00,NOAA-20,Brasil,SÃO PAULO,NOVA GRANADA,Cerrado,15,0.0,1.0,26.9,-20.5848,-49.38252
2024/10/06 04:21:00,NOAA-20,Brasil,SÃO PAULO,NOVA GRANADA,Cerrado,15,0.0,1.0,4.2,-20.58335,-49.37043
2024/10/06 04:21:00,NOAA-20,Brasil,SÃO PAULO,NOVA GRANADA,Cerrado,15,0.0,1.0,4.2,-20.58271,-49.37425
2024/10/06 04:21:00,NOAA-20,Brasil,SÃO PAULO,NOVA GRANADA,Cerrado,15,0.0,1.0,7.0,-20.58144,-49.38188
2024/10/06 04:21:00,NOAA-20,Brasil,SÃO PAULO,NOVA GRANADA,Cerrado,15,0.0,1.0,2.9,-20.58081,-49.38568
2024/10/06 04:21:00,NOAA-20,Brasil,SÃO PAULO,NOVA GRANADA,Cerrado,15,0.0,1.0,2.9,-20.58018,-49.38949
2024/10/06 04:21:00,NOAA-20,Brasil,SÃO PAULO,NOVA GRANADA,Cerrado,15,0.0,1.0,110.2,-20.57954,-49.39331
2024/10/06 04:21:00,NOAA-20,Brasil,SÃO PAULO,NOVA GRANADA,Cerrado,14,0.0,1.0,110.2,-20.57891,-49.39713
2024/10/06 04:21:00,NOAA-20,Brasil,SÃO PAULO,NOVA GRANADA,Cerrado,15,0.0,1.0,7.0,-20.57871,-49.37744
2024/10/06 04:21:00,NOAA-20,Brasil,SÃO PAULO,NOVA GRANADA,Cerrado,15,0.0,1.0,7.0,-20.57808,-49.38124
2024/10/06 04:21:00,NOAA-20,Brasil,SÃO PAULO,NOVA GRANADA,Cerrado,15,0.0,1.0,2.9,-20.57745,-49.38504
2024/10/06 04:21:00,NOAA-20,Brasil,SÃO PAULO,NOVA GRANADA,Cerrado,15,0.0,1.0,2.9,-20.57681,-49.38885
2024/10/06 04:21:00,NOAA-20,Brasil,SÃO PAULO,NOVA GRANADA,Cerrado,15,0.0,1.0,110.2,-20.57618,-49.39268
2024/10/06 04:21:00,NOAA-20,Brasil,SÃO PAULO,NOVA GRANADA,Cerrado,15,0.0,1.0,110.2,-20.57554,-49.3965
2024/10/06 04:21:00,NOAA-20,Brasil,SÃO PAULO,NOVA GRANADA,Cerrado,15,0.0,1.0,10.1,-20.57472,-49.3806
2024/10/06 04:21:00,NOAA-20,Brasil,SÃO PAULO,NOVA GRANADA,Cerrado,15,0.0,1.0,3.0,-20.57409,-49.3844
2024/10/06 04:21:00,NOAA-20,Brasil,SÃO PAULO,NOVA GRANADA,Cerrado,15,0.0,1.0,3.0,-20.57345,-49.38821
2024/10/06 04:21:00,NOAA-20,Brasil,SÃO PAULO,NOVA GRANADA,Cerrado,15,0.0,1.0,38.7,-20.57281,-49.39204
2024/10/06 04:21:00,NOAA-20,Brasil,SÃO PAULO,NOVA GRANADA,Cerrado,15,0.0,1.0,38.7,-20.57218,-49.39587
2024/10/06 04:21:00,NOAA-20,Brasil,SÃO PAULO,NOVA GRANADA,Cerrado,15,0.0,1.0,44.1,-20.57154,-49.39968
2024/10/06 04:21:00,NOAA-20,Brasil,SÃO PAULO,NOVA GRANADA,Cerrado,15,0.0,1.0,44.1,-20.5709,-49.4035
2024/10/06 04:21:00,NOAA-20,Brasil,SÃO PAULO,NOVA GRANADA,Cerrado,15,0.0,1.0,3.0,-20.57009,-49.38758
2024/10/06 04:21:00,NOAA-20,Brasil,SÃO PAULO,NOVA GRANADA,Cerrado,15,0.0,1.0,38.7,-20.56945,-49.3914
2024/10/06 04:21:00,NOAA-20,Brasil,SÃO PAULO,NOVA GRANADA,Cerrado,15,0.0,1.0,38.7,-20.56881,-49.39523
2024/10/06 04:21:00,NOAA-20,Brasil,SÃO PAULO,NOVA GRANADA,Cerrado,15,0.0,1.0,44.1,-20.56818,-49.39905
2024/10/06 04:21:00,NOAA-20,Brasil,SÃO PAULO,NOVA GRANADA,Cerrado,15,0.0,1.0,2.3,-20.56672,-49.38696
2024/10/06 04:21:00,NOAA-20,Brasil,SÃO PAULO,NOVA GRANADA,Cerrado,15,0.0,1.0,3.4,-20.56609,-49.39077
2024/10/06 04:21:00,NOAA-20,Brasil,SÃO PAULO,NOVA GRANADA,Cerrado,15,0.0,1.0,3.4,-20.56545,-49.39458
2024/10/06 04:21:00,NOAA-20,Brasil,SÃO PAULO,NOVA GRANADA,Cerrado,15,0.0,1.0,3.4,-20.56209,-49.39395
2024/10/06 04:27:00,GOES-16,Brasil,SÃO PAULO,NOVA GRANADA,Cerrado,15,0.0,1.0,140.5,-20.582,-49.3635
2024/10/06 04:27:00,GOES-16,Brasil,SÃO PAULO,NOVA GRANADA,Cerrado,15,0.0,1.0,542.1,-20.5813,-49.3865
2024/10/06 04:27:00,GOES-16,Brasil,SÃO PAULO,NOVA GRANADA,Cerrado,15,0.0,1.0,132.9,-20.5609,-49.3909
2024/10/06 05:14:00,NOAA-21,Brasil,SÃO PAULO,NOVA GRANADA,Cerrado,15,0.0,1.0,3.4,-20.57439,-49.38105
2024/10/06 05:14:00,NOAA-21,Brasil,SÃO PAULO,NOVA GRANADA,Cerrado,15,0.0,1.0,96.9,-20.57951,-49.39072
2024/10/06 05:14:00,NOAA-21,Brasil,SÃO PAULO,NOVA GRANADA,Cerrado,15,0.0,1.0,10.2,-20.57992,-49.38621
2024/10/06 05:14:00,NOAA-21,Brasil,SÃO PAULO,NOVA GRANADA,Cerrado,15,0.0,1.0,17.1,-20.57318,-49.39454
2024/10/06 05:14:00,NOAA-21,Brasil,SÃO PAULO,NOVA GRANADA,Cerrado,15,0.0,1.0,10.2,-20.58034,-49.38153
2024/10/06 05:14:00,NOAA-21,Brasil,SÃO PAULO,NOVA GRANADA,Cerrado,15,0.0,1.0,5.9,-20.58075,-49.37695
2024/10/06 05:14:00,NOAA-21,Brasil,SÃO PAULO,NOVA GRANADA,Cerrado,15,0.0,1.0,10.2,-20.58587,-49.38661
2024/10/06 05:14:00,NOAA-21,Brasil,SÃO PAULO,NOVA GRANADA,Cerrado,15,0.0,1.0,10.2,-20.58628,-49.3821
2024/10/06 05:14:00,NOAA-21,Brasil,SÃO PAULO,NOVA GRANADA,Cerrado,15,0.0,1.0,5.9,-20.58668,-49.37763
2024/10/06 05:14:00,NOAA-21,Brasil,SÃO PAULO,NOVA GRANADA,Cerrado,15,0.0,1.0,5.9,-20.58709,-49.37319
2024/10/06 05:14:00,NOAA-21,Brasil,SÃO PAULO,NOVA GRANADA,Cerrado,15,0.0,1.0,3.7,-20.58748,-49.3688
2024/10/06 05:14:00,NOAA-21,Brasil,SÃO PAULO,NOVA GRANADA,Cerrado,15,0.0,1.0,17.1,-20.57357,-49.39017
2024/10/06 05:14:00,NOAA-21,Brasil,SÃO PAULO,NOVA GRANADA,Cerrado,15,0.0,1.0,31.1,-20.57277,-49.39903
2024/10/06 05:14:00,NOAA-21,Brasil,SÃO PAULO,NOVA GRANADA,Cerrado,15,0.0,1.0,31.1,-20.57237,-49.40356
2024/10/06 05:14:00,NOAA-21,Brasil,SÃO PAULO,NOVA GRANADA,Cerrado,15,0.0,1.0,3.4,-20.57397,-49.38568
2024/10/06 05:55:00,AQUA_M-M,Brasil,SÃO PAULO,NOVA GRANADA,Cerrado,15,0.0,1.0,50.8,-20.59708,-49.3676
2024/10/06 14:37:00,GOES-16,Brasil,SÃO PAULO,NOVA GRANADA,Cerrado,15,0.0,1.0,255.4,-20.5813,-49.3865
2024/10/06 14:47:00,GOES-16,Brasil,SÃO PAULO,NOVA GRANADA,Cerrado,15,0.0,1.0,221.3,-20.5813,-49.3865
2024/10/06 14:57:00,GOES-16,Brasil,SÃO PAULO,NOVA GRANADA,Cerrado,15,0.0,1.0,209.3,-20.5813,-49.3865
2024/10/06 16:03:00,NOAA-21,Brasil,SÃO PAULO,NOVA GRANADA,Cerrado,15,0.0,1.0,21.1,-20.58878,-49.3847
2024/10/06 16:03:00,NOAA-21,Brasil,SÃO PAULO,NOVA GRANADA,Cerrado,15,0.0,1.0,16.5,-20.58546,-49.38193
2024/10/06 16:03:00,NOAA-21,Brasil,SÃO PAULO,NOVA GRANADA,Cerrado,15,0.0,1.0,18.9,-20.58498,-49.37564
2024/10/06 16:03:00,NOAA-21,Brasil,SÃO PAULO,NOVA GRANADA,Cerrado,15,0.0,1.0,14.4,-20.58106,-49.37267
2024/10/06 16:28:00,NPP-375,Brasil,SÃO PAULO,NOVA GRANADA,Cerrado,15,0.0,1.0,81.9,-20.58322,-49.37586
2024/10/06 16:28:00,NPP-375,Brasil,SÃO PAULO,NOVA GRANADA,Cerrado,15,0.0,1.0,81.9,-20.58266,-49.37098
2024/10/06 16:52:00,NOAA-20,Brasil,SÃO PAULO,NOVA GRANADA,Cerrado,15,0.0,1.0,8.4,-20.5846,-49.38605
2024/10/06 16:52:00,NOAA-20,Brasil,SÃO PAULO,NOVA GRANADA,Cerrado,15,0.0,1.0,12.7,-20.58738,-49.38178
2024/10/06 16:52:00,NOAA-20,Brasil,SÃO PAULO,NOVA GRANADA,Cerrado,15,0.0,1.0,123.1,-20.57975,-49.37214
2024/10/06 17:43:00,NOAA-21,Brasil,SÃO PAULO,NOVA GRANADA,Cerrado,15,0.0,1.0,8.1,-20.58687,-49.37168
2024/10/06 17:43:00,NOAA-21,Brasil,SÃO PAULO,NOVA GRANADA,Cerrado,15,0.0,1.0,23.9,-20.58083,-49.37314
2024/10/06 17:43:00,NOAA-21,Brasil,SÃO PAULO,NOVA GRANADA,Cerrado,15,0.0,1.0,23.9,-20.57484,-49.37482
2024/10/06 18:02:00,AQUA_M-T,Brasil,SÃO PAULO,NOVA GRANADA,Cerrado,15,0.0,1.0,74.3,-20.5195,-49.38649
2024/10/06 18:02:00,AQUA_M-T,Brasil,SÃO PAULO,NOVA GRANADA,Cerrado,15,0.0,1.0,154.2,-20.52944,-49.38466
2024/10/06 18:02:00,AQUA_M-T,Brasil,SÃO PAULO,NOVA GRANADA,Cerrado,15,0.0,1.0,14.9,-20.52748,-49.37272
2024/10/06 18:27:00,GOES-16,Brasil,SÃO PAULO,NOVA GRANADA,Cerrado,15,0.0,1.0,172.9,-20.5813,-49.3865
2024/10/06 18:47:00,GOES-16,Brasil,SÃO PAULO,NOVA GRANADA,Cerrado,15,0.0,1.0,467.0,-20.582,-49.3635
2024/10/06 18:47:00,GOES-16,Brasil,SÃO PAULO,NOVA GRANADA,Cerrado,15,0.0,1.0,384.4,-20.5813,-49.3865
2024/10/06 18:57:00,GOES-16,Brasil,SÃO PAULO,NOVA GRANADA,Cerrado,15,0.0,1.0,285.3,-20.5813,-49.3865
2024/10/06 18:57:00,GOES-16,Brasil,SÃO PAULO,NOVA GRANADA,Cerrado,15,0.0,1.0,123.0,-20.5615,-49.368
2024/10/06 18:57:00,GOES-16,Brasil,SÃO PAULO,NOVA GRANADA,Cerrado,15,0.0,1.0,289.5,-20.582,-49.3635
2024/10/06 19:07:00,GOES-16,Brasil,SÃO PAULO,NOVA GRANADA,Cerrado,15,0.0,1.0,460.9,-20.5615,-49.368
2024/10/06 19:07:00,GOES-16,Brasil,SÃO PAULO,NOVA GRANADA,Cerrado,15,0.0,1.0,386.9,-20.5609,-49.3909
2024/10/06 19:07:00,GOES-16,Brasil,SÃO PAULO,NOVA GRANADA,Cerrado,15,0.0,1.0,430.4,-20.582,-49.3635
2024/10/06 19:07:00,GOES-16,Brasil,SÃO PAULO,NOVA GRANADA,Cerrado,15,0.0,1.0,462.5,-20.5813,-49.3865
2024/10/06 19:17:00,GOES-16,Brasil,SÃO PAULO,NOVA GRANADA,Cerrado,15,0.0,1.0,524.2,-20.582,-49.3635
2024/10/06 19:17:00,GOES-16,Brasil,SÃO PAULO,NOVA GRANADA,Cerrado,15,0.0,1.0,286.8,-20.5609,-49.3909
2024/10/06 19:17:00,GOES-16,Brasil,SÃO PAULO,NOVA GRANADA,Cerrado,15,0.0,1.0,659.9,-20.5813,-49.3865
2024/10/06 19:27:00,GOES-16,Brasil,SÃO PAULO,NOVA GRANADA,Cerrado,15,0.0,1.0,231.4,-20.582,-49.3635
2024/10/06 19:27:00,GOES-16,Brasil,SÃO PAULO,NOVA GRANADA,Cerrado,15,0.0,1.0,266.3,-20.5813,-49.3865
2024/10/06 19:27:00,GOES-16,Brasil,SÃO PAULO,NOVA GRANADA,Cerrado,15,0.0,1.0,156.7,-20.5609,-49.3909
2024/10/06 19:37:00,GOES-16,Brasil,SÃO PAULO,NOVA GRANADA,Cerrado,15,0.0,1.0,129.2,-20.5615,-49.368
2024/10/07 04:04:00,NOAA-20,Brasil,SÃO PAULO,NOVA GRANADA,Cerrado,16,0.0,1.0,1.7,-20.56991,-49.36552
2024/10/07 16:33:00,NOAA-20,Brasil,SÃO PAULO,NOVA GRANADA,Cerrado,16,0.0,1.0,8.4,-20.57946,-49.36615
2024/10/08 16:03:27,MSG-03,Brasil,SÃO PAULO,NOVA GRANADA,Cerrado,17,0.0,1.0,,-20.59,-49.36
2024/10/08 16:13:00,NOAA-20,Brasil,SÃO PAULO,NOVA GRANADA,Cerrado,17,0.0,1.0,7.5,-20.58632,-49.36051
2024/10/08 16:13:00,NOAA-20,Brasil,SÃO PAULO,NOVA GRANADA,Cerrado,17,0.0,1.0,17.0,-20.58559,-49.3529
2024/10/08 16:13:00,NOAA-20,Brasil,SÃO PAULO,NOVA GRANADA,Cerrado,17,0.0,1.0,30.5,-20.58523,-49.34909
2024/10/08 16:13:00,NOAA-20,Brasil,SÃO PAULO,NOVA GRANADA,Cerrado,17,0.0,1.0,30.5,-20.58486,-49.34525
2024/10/08 16:13:00,NOAA-20,Brasil,SÃO PAULO,NOVA GRANADA,Cerrado,17,0.0,1.0,31.8,-20.58449,-49.34138
2024/10/08 16:13:00,NOAA-20,Brasil,SÃO PAULO,NOVA GRANADA,Cerrado,17,0.0,1.0,31.8,-20.58411,-49.33749
2024/10/08 16:13:00,NOAA-20,Brasil,SÃO PAULO,NOVA GRANADA,Cerrado,17,0.0,1.0,38.7,-20.58374,-49.33361
2024/10/08 16:13:00,NOAA-20,Brasil,SÃO PAULO,NOVA GRANADA,Cerrado,17,0.0,1.0,38.7,-20.58337,-49.32974
2024/10/08 16:13:00,NOAA-20,Brasil,SÃO PAULO,NOVA GRANADA,Cerrado,17,0.0,1.0,13.7,-20.58156,-49.36909
2024/10/08 16:13:00,NOAA-20,Brasil,SÃO PAULO,NOVA GRANADA,Cerrado,17,0.0,1.0,7.5,-20.58119,-49.3652
2024/10/08 16:13:00,NOAA-20,Brasil,SÃO PAULO,NOVA GRANADA,Cerrado,17,0.0,1.0,7.5,-20.58082,-49.36135
2024/10/08 16:13:00,NOAA-20,Brasil,SÃO PAULO,NOVA GRANADA,Cerrado,17,0.0,1.0,17.0,-20.58046,-49.35753
2024/10/08 16:13:00,NOAA-20,Brasil,SÃO PAULO,NOVA GRANADA,Cerrado,17,0.0,1.0,17.0,-20.58009,-49.35371
2024/10/08 16:13:00,NOAA-20,Brasil,SÃO PAULO,NOVA GRANADA,Cerrado,17,0.0,1.0,30.5,-20.57972,-49.34985
2024/10/08 16:13:00,NOAA-20,Brasil,SÃO PAULO,NOVA GRANADA,Cerrado,17,0.0,1.0,30.5,-20.57935,-49.34598
2024/10/08 16:13:00,NOAA-20,Brasil,SÃO PAULO,NOVA GRANADA,Cerrado,17,0.0,1.0,31.8,-20.57898,-49.3421
2024/10/08 16:13:00,NOAA-20,Brasil,SÃO PAULO,NOVA GRANADA,Cerrado,17,0.0,1.0,13.9,-20.57567,-49.36584
2024/10/08 16:13:00,NOAA-20,Brasil,SÃO PAULO,NOVA GRANADA,Cerrado,17,0.0,1.0,13.9,-20.5753,-49.362
2024/10/08 16:13:00,NOAA-20,Brasil,SÃO PAULO,NOVA GRANADA,Cerrado,17,0.0,1.0,15.1,-20.57494,-49.35818
2024/10/08 16:13:00,NOAA-20,Brasil,SÃO PAULO,NOVA GRANADA,Cerrado,17,0.0,1.0,15.1,-20.57457,-49.35435
2024/10/08 16:13:00,NOAA-20,Brasil,SÃO PAULO,NOVA GRANADA,Cerrado,17,0.0,1.0,7.7,-20.5742,-49.35045
2024/10/08 16:13:00,NOAA-20,Brasil,SÃO PAULO,NOVA GRANADA,Cerrado,17,0.0,1.0,8.7,-20.59554,-49.34033
2024/10/08 16:13:00,NOAA-20,Brasil,SÃO PAULO,NOVA GRANADA,Cerrado,17,0.0,1.0,8.7,-20.59516,-49.33644
2024/10/08 16:13:00,NOAA-20,Brasil,SÃO PAULO,NOVA GRANADA,Cerrado,17,0.0,1.0,3.8,-20.59149,-49.35616
2024/10/08 16:13:00,NOAA-20,Brasil,SÃO PAULO,NOVA GRANADA,Cerrado,17,0.0,1.0,3.8,-20.59112,-49.35233
2024/10/08 16:13:00,NOAA-20,Brasil,SÃO PAULO,NOVA GRANADA,Cerrado,17,0.0,1.0,7.1,-20.59075,-49.3485
2024/10/08 16:13:00,NOAA-20,Brasil,SÃO PAULO,NOVA GRANADA,Cerrado,17,0.0,1.0,7.1,-20.59038,-49.34464
2024/10/08 16:13:00,NOAA-20,Brasil,SÃO PAULO,NOVA GRANADA,Cerrado,17,0.0,1.0,8.7,-20.59,-49.34076
2024/10/08 16:13:00,NOAA-20,Brasil,SÃO PAULO,NOVA GRANADA,Cerrado,17,0.0,1.0,8.7,-20.58963,-49.33686
2024/10/08 16:13:00,NOAA-20,Brasil,SÃO PAULO,NOVA GRANADA,Cerrado,17,0.0,1.0,54.8,-20.58925,-49.33296
2024/10/08 16:13:00,NOAA-20,Brasil,SÃO PAULO,NOVA GRANADA,Cerrado,17,0.0,1.0,54.8,-20.58887,-49.32906
2024/10/08 16:13:00,NOAA-20,Brasil,SÃO PAULO,NOVA GRANADA,Cerrado,17,0.0,1.0,7.5,-20.58669,-49.36439
2024/10/08 16:13:00,NOAA-20,Brasil,SÃO PAULO,NOVA GRANADA,Cerrado,17,0.0,1.0,17.0,-20.58596,-49.3567
2024/10/08 17:05:00,NOAA-21,Brasil,SÃO PAULO,NOVA GRANADA,Cerrado,17,0.0,1.0,182.2,-20.5924,-49.32829
2024/10/08 17:05:00,NOAA-21,Brasil,SÃO PAULO,NOVA GRANADA,Cerrado,17,0.0,1.0,5.9,-20.58542,-49.32962
2024/10/08 17:05:00,NOAA-21,Brasil,SÃO PAULO,NOVA GRANADA,Cerrado,17,0.0,1.0,9.7,-20.58472,-49.34669
2024/10/08 17:05:00,NOAA-21,Brasil,SÃO PAULO,NOVA GRANADA,Cerrado,17,0.0,1.0,9.7,-20.58193,-49.35145
2024/10/08 17:05:00,NOAA-21,Brasil,SÃO PAULO,NOVA GRANADA,Cerrado,17,0.0,1.0,9.7,-20.58123,-49.34733
2024/10/08 17:05:00,NOAA-21,Brasil,SÃO PAULO,NOVA GRANADA,Cerrado,17,0.0,1.0,10.0,-20.58053,-49.34323
2024/10/08 17:05:00,NOAA-21,Brasil,SÃO PAULO,NOVA GRANADA,Cerrado,17,0.0,1.0,10.0,-20.57983,-49.33913
2024/10/08 17:05:00,NOAA-21,Brasil,SÃO PAULO,NOVA GRANADA,Cerrado,17,0.0,1.0,86.3,-20.57844,-49.33091
2024/10/08 17:05:00,NOAA-21,Brasil,SÃO PAULO,NOVA GRANADA,Cerrado,17,0.0,1.0,35.9,-20.57356,-49.34457
2024/10/08 17:05:00,NOAA-21,Brasil,SÃO PAULO,NOVA GRANADA,Cerrado,17,0.0,1.0,182.2,-20.59589,-49.3276
2024/10/08 17:05:00,NOAA-21,Brasil,SÃO PAULO,NOVA GRANADA,Cerrado,17,0.0,1.0,14.1,-20.59379,-49.33646
2024/10/08 17:05:00,NOAA-21,Brasil,SÃO PAULO,NOVA GRANADA,Cerrado,17,0.0,1.0,5.9,-20.58961,-49.33306
2024/10/08 17:05:00,NOAA-21,Brasil,SÃO PAULO,NOVA GRANADA,Cerrado,17,0.0,1.0,52.3,-20.58124,-49.32617
2024/10/08 17:05:00,NOAA-21,Brasil,SÃO PAULO,NOVA GRANADA,Cerrado,17,0.0,1.0,22.2,-20.57844,-49.35209
2024/10/08 17:05:00,NOAA-21,Brasil,SÃO PAULO,NOVA GRANADA,Cerrado,17,0.0,1.0,15.5,-20.57705,-49.36509
2024/10/08 17:05:00,NOAA-21,Brasil,SÃO PAULO,NOVA GRANADA,Cerrado,17,0.0,1.0,35.9,-20.57705,-49.34389
2024/10/08 17:05:00,NOAA-21,Brasil,SÃO PAULO,NOVA GRANADA,Cerrado,17,0.0,1.0,35.9,-20.57635,-49.33979
2024/10/08 17:05:00,NOAA-21,Brasil,SÃO PAULO,NOVA GRANADA,Cerrado,17,0.0,1.0,119.7,-20.57565,-49.35686
2024/10/08 17:05:00,NOAA-21,Brasil,SÃO PAULO,NOVA GRANADA,Cerrado,17,0.0,1.0,641.2,-20.57565,-49.3357
2024/10/08 17:05:00,NOAA-21,Brasil,SÃO PAULO,NOVA GRANADA,Cerrado,17,0.0,1.0,35.9,-20.57286,-49.34047
2024/10/08 17:05:00,NOAA-21,Brasil,SÃO PAULO,NOVA GRANADA,Cerrado,17,0.0,1.0,42.4,-20.57216,-49.35753
2024/10/08 17:05:00,NOAA-21,Brasil,SÃO PAULO,NOVA GRANADA,Cerrado,17,0.0,1.0,14.1,-20.59448,-49.34056
2024/10/08 17:05:00,NOAA-21,Brasil,SÃO PAULO,NOVA GRANADA,Cerrado,17,0.0,1.0,182.2,-20.5931,-49.33237
2024/10/08 17:05:00,NOAA-21,Brasil,SÃO PAULO,NOVA GRANADA,Cerrado,17,0.0,1.0,5.9,-20.58892,-49.32896
2024/10/08 17:05:00,NOAA-21,Brasil,SÃO PAULO,NOVA GRANADA,Cerrado,17,0.0,1.0,14.1,-20.58891,-49.35014
2024/10/08 17:05:00,NOAA-21,Brasil,SÃO PAULO,NOVA GRANADA,Cerrado,17,0.0,1.0,5.9,-20.58612,-49.33372
2024/10/08 17:05:00,NOAA-21,Brasil,SÃO PAULO,NOVA GRANADA,Cerrado,17,0.0,1.0,10.0,-20.58333,-49.33848
2024/10/08 17:05:00,NOAA-21,Brasil,SÃO PAULO,NOVA GRANADA,Cerrado,17,0.0,1.0,15.5,-20.58053,-49.36443
2024/10/08 17:05:00,NOAA-21,Brasil,SÃO PAULO,NOVA GRANADA,Cerrado,17,0.0,1.0,22.2,-20.57774,-49.34799
2024/10/08 17:05:00,NOAA-21,Brasil,SÃO PAULO,NOVA GRANADA,Cerrado,17,0.0,1.0,22.2,-20.57495,-49.35276
2024/10/08 17:05:00,NOAA-21,Brasil,SÃO PAULO,NOVA GRANADA,Cerrado,17,0.0,1.0,42.4,-20.57286,-49.36165
2024/10/08 17:05:00,NOAA-21,Brasil,SÃO PAULO,NOVA GRANADA,Cerrado,17,0.0,1.0,24.7,-20.59031,-49.33715
2024/10/08 17:05:00,NOAA-21,Brasil,SÃO PAULO,NOVA GRANADA,Cerrado,17,0.0,1.0,86.3,-20.58263,-49.33437
2024/10/08 17:05:00,NOAA-21,Brasil,SÃO PAULO,NOVA GRANADA,Cerrado,17,0.0,1.0,86.3,-20.57914,-49.33502
2024/10/08 17:05:00,NOAA-21,Brasil,SÃO PAULO,NOVA GRANADA,Cerrado,17,0.0,1.0,119.7,-20.57635,-49.36098
2024/10/08 17:05:00,NOAA-21,Brasil,SÃO PAULO,NOVA GRANADA,Cerrado,17,0.0,1.0,22.2,-20.57425,-49.34866
2024/10/08 17:05:00,NOAA-21,Brasil,SÃO PAULO,NOVA GRANADA,Cerrado,17,0.0,1.0,182.2,-20.59658,-49.33169
2024/10/08 17:05:00,NOAA-21,Brasil,SÃO PAULO,NOVA GRANADA,Cerrado,17,0.0,1.0,14.1,-20.59169,-49.34535
2024/10/08 17:30:00,NPP-375,Brasil,SÃO PAULO,NOVA GRANADA,Cerrado,17,0.0,1.0,42.8,-20.58055,-49.36198
2024/10/08 17:30:00,NPP-375,Brasil,SÃO PAULO,NOVA GRANADA,Cerrado,17,0.0,1.0,23.4,-20.59555,-49.33329
2024/10/08 17:30:00,NPP-375,Brasil,SÃO PAULO,NOVA GRANADA,Cerrado,17,0.0,1.0,23.4,-20.59433,-49.32736
2024/10/08 17:30:00,NPP-375,Brasil,SÃO PAULO,NOVA GRANADA,Cerrado,17,0.0,1.0,15.1,-20.59304,-49.34652
2024/10/08 17:30:00,NPP-375,Brasil,SÃO PAULO,NOVA GRANADA,Cerrado,17,0.0,1.0,15.1,-20.5918,-49.3405
2024/10/08 17:30:00,NPP-375,Brasil,SÃO PAULO,NOVA GRANADA,Cerrado,17,0.0,1.0,23.4,-20.59057,-49.33452
2024/10/08 17:30:00,NPP-375,Brasil,SÃO PAULO,NOVA GRANADA,Cerrado,17,0.0,1.0,23.4,-20.58934,-49.32854
2024/10/08 17:30:00,NPP-375,Brasil,SÃO PAULO,NOVA GRANADA,Cerrado,17,0.0,1.0,9.3,-20.58806,-49.34773
2024/10/08 17:30:00,NPP-375,Brasil,SÃO PAULO,NOVA GRANADA,Cerrado,17,0.0,1.0,3.9,-20.58681,-49.36701
2024/10/08 17:30:00,NPP-375,Brasil,SÃO PAULO,NOVA GRANADA,Cerrado,17,0.0,1.0,7.9,-20.58558,-49.36103
2024/10/08 17:30:00,NPP-375,Brasil,SÃO PAULO,NOVA GRANADA,Cerrado,17,0.0,1.0,12.6,-20.58557,-49.33568
2024/10/08 17:30:00,NPP-375,Brasil,SÃO PAULO,NOVA GRANADA,Cerrado,17,0.0,1.0,12.6,-20.58432,-49.32963
2024/10/08 17:30:00,NPP-375,Brasil,SÃO PAULO,NOVA GRANADA,Cerrado,17,0.0,1.0,7.9,-20.58431,-49.3549
2024/10/08 17:30:00,NPP-375,Brasil,SÃO PAULO,NOVA GRANADA,Cerrado,17,0.0,1.0,9.3,-20.58304,-49.34879
2024/10/08 17:30:00,NPP-375,Brasil,SÃO PAULO,NOVA GRANADA,Cerrado,17,0.0,1.0,20.8,-20.58179,-49.36802
2024/10/08 17:30:00,NPP-375,Brasil,SÃO PAULO,NOVA GRANADA,Cerrado,17,0.0,1.0,9.3,-20.58179,-49.34272
2024/10/08 17:30:00,NPP-375,Brasil,SÃO PAULO,NOVA GRANADA,Cerrado,17,0.0,1.0,12.6,-20.58055,-49.33669
2024/10/08 17:30:00,NPP-375,Brasil,SÃO PAULO,NOVA GRANADA,Cerrado,17,0.0,1.0,12.6,-20.5793,-49.33066
2024/10/08 17:30:00,NPP-375,Brasil,SÃO PAULO,NOVA GRANADA,Cerrado,17,0.0,1.0,42.8,-20.57928,-49.35588
2024/10/08 17:30:00,NPP-375,Brasil,SÃO PAULO,NOVA GRANADA,Cerrado,17,0.0,1.0,21.2,-20.57838,-49.32622
2024/10/08 17:30:00,NPP-375,Brasil,SÃO PAULO,NOVA GRANADA,Cerrado,17,0.0,1.0,79.9,-20.57803,-49.34983
2024/10/08 17:30:00,NPP-375,Brasil,SÃO PAULO,NOVA GRANADA,Cerrado,17,0.0,1.0,79.9,-20.57679,-49.34383
2024/10/08 17:30:00,NPP-375,Brasil,SÃO PAULO,NOVA GRANADA,Cerrado,17,0.0,1.0,89.8,-20.57555,-49.33784
2024/10/08 17:30:00,NPP-375,Brasil,SÃO PAULO,NOVA GRANADA,Cerrado,17,0.0,1.0,42.8,-20.57554,-49.36308
2024/10/08 17:30:00,NPP-375,Brasil,SÃO PAULO,NOVA GRANADA,Cerrado,17,0.0,1.0,89.8,-20.57431,-49.33186
2024/10/08 17:30:00,NPP-375,Brasil,SÃO PAULO,NOVA GRANADA,Cerrado,17,0.0,1.0,64.6,-20.57338,-49.32739
2024/10/08 17:30:00,NPP-375,Brasil,SÃO PAULO,NOVA GRANADA,Cerrado,17,0.0,1.0,79.9,-20.5718,-49.34502
2024/10/08 17:30:00,NPP-375,Brasil,SÃO PAULO,NOVA GRANADA,Cerrado,17,0.0,1.0,89.8,-20.57056,-49.33903
2024/10/08 17:30:00,NPP-375,Brasil,SÃO PAULO,NOVA GRANADA,Cerrado,17,0.0,1.0,89.8,-20.56931,-49.33301
2024/10/08 17:43:00,AQUA_M-T,Brasil,SÃO PAULO,NOVA GRANADA,Cerrado,17,0.0,1.0,64.5,-20.55261,-49.36592
2024/10/08 17:43:00,AQUA_M-T,Brasil,SÃO PAULO,NOVA GRANADA,Cerrado,17,0.0,1.0,205.2,-20.55125,-49.35617
2024/10/08 17:43:00,AQUA_M-T,Brasil,SÃO PAULO,NOVA GRANADA,Cerrado,17,0.0,1.0,24.4,-20.54989,-49.34641
2024/10/08 17:43:00,AQUA_M-T,Brasil,SÃO PAULO,NOVA GRANADA,Cerrado,17,0.0,1.0,77.5,-20.57774,-49.34535
2024/10/08 17:43:00,AQUA_M-T,Brasil,SÃO PAULO,NOVA GRANADA,Cerrado,17,0.0,1.0,66.6,-20.57639,-49.33556
2024/10/08 17:43:00,AQUA_M-T,Brasil,SÃO PAULO,NOVA GRANADA,Cerrado,17,0.0,1.0,21.5,-20.57068,-49.36312
2024/10/08 17:43:00,AQUA_M-T,Brasil,SÃO PAULO,NOVA GRANADA,Cerrado,17,0.0,1.0,40.8,-20.56931,-49.35335
2024/10/08 17:43:00,AQUA_M-T,Brasil,SÃO PAULO,NOVA GRANADA,Cerrado,17,0.0,1.0,38.4,-20.56794,-49.34356
2024/10/08 17:43:00,AQUA_M-T,Brasil,SÃO PAULO,NOVA GRANADA,Cerrado,17,0.0,1.0,77.6,-20.56657,-49.33378
2024/10/08 17:43:00,AQUA_M-T,Brasil,SÃO PAULO,NOVA GRANADA,Cerrado,17,0.0,1.0,46.0,-20.5652,-49.32401
2024/10/08 17:43:00,AQUA_M-T,Brasil,SÃO PAULO,NOVA GRANADA,Cerrado,17,0.0,1.0,20.4,-20.56301,-49.37429
2024/10/08 17:43:00,AQUA_M-T,Brasil,SÃO PAULO,NOVA GRANADA,Cerrado,17,0.0,1.0,237.9,-20.56164,-49.3645
2024/10/08 17:43:00,AQUA_M-T,Brasil,SÃO PAULO,NOVA GRANADA,Cerrado,17,0.0,1.0,1090.3,-20.56028,-49.35476
2024/10/08 17:43:00,AQUA_M-T,Brasil,SÃO PAULO,NOVA GRANADA,Cerrado,17,0.0,1.0,554.4,-20.55892,-49.34499
2024/10/08 17:43:00,AQUA_M-T,Brasil,SÃO PAULO,NOVA GRANADA,Cerrado,17,0.0,1.0,606.0,-20.55755,-49.33521
2024/10/08 17:43:00,AQUA_M-T,Brasil,SÃO PAULO,NOVA GRANADA,Cerrado,17,0.0,1.0,267.8,-20.55618,-49.32544
2024/10/08 19:03:27,MSG-03,Brasil,SÃO PAULO,NOVA GRANADA,Cerrado,17,0.0,1.0,,-20.55,-49.34
2024/10/08 22:07:00,GOES-16,Brasil,SÃO PAULO,NOVA GRANADA,Cerrado,17,0.0,1.0,121.0,-20.5627,-49.3221
2024/10/08 22:07:00,GOES-16,Brasil,SÃO PAULO,NOVA GRANADA,Cerrado,17,0.0,1.0,193.8,-20.5621,-49.345
2024/10/08 22:07:00,GOES-16,Brasil,SÃO PAULO,NOVA GRANADA,Cerrado,17,0.0,1.0,204.0,-20.6024,-49.3591
2024/10/08 22:07:00,GOES-16,Brasil,SÃO PAULO,NOVA GRANADA,Cerrado,17,0.0,-999.0,212.1,-20.5422,-49.3265
2024/10/08 22:07:00,GOES-16,Brasil,SÃO PAULO,NOVA GRANADA,Cerrado,17,0.0,1.0,171.5,-20.6031,-49.3361
2024/10/08 22:07:00,GOES-16,Brasil,SÃO PAULO,NOVA GRANADA,Cerrado,17,0.0,1.0,366.8,-20.5416,-49.3495
2024/10/08 22:17:00,GOES-16,Brasil,SÃO PAULO,NOVA GRANADA,Cerrado,17,0.0,1.0,156.9,-20.6024,-49.3591
2024/10/08 22:17:00,GOES-16,Brasil,SÃO PAULO,NOVA GRANADA,Cerrado,17,0.0,1.0,139.8,-20.5627,-49.3221
2024/10/08 22:17:00,GOES-16,Brasil,SÃO PAULO,NOVA GRANADA,Cerrado,17,0.0,1.0,210.1,-20.5621,-49.345
2024/10/08 22:17:00,GOES-16,Brasil,SÃO PAULO,NOVA GRANADA,Cerrado,17,0.0,-999.0,245.5,-20.5422,-49.3265
2024/10/08 22:17:00,GOES-16,Brasil,SÃO PAULO,NOVA GRANADA,Cerrado,17,0.0,1.0,356.6,-20.5416,-49.3495
2024/10/08 22:17:00,GOES-16,Brasil,SÃO PAULO,NOVA GRANADA,Cerrado,17,0.0,1.0,114.4,-20.5212,-49.3539
2024/10/08 22:17:00,GOES-16,Brasil,SÃO PAULO,NOVA GRANADA,Cerrado,17,0.0,1.0,144.9,-20.6031,-49.3361
2024/10/08 22:27:00,GOES-16,Brasil,SÃO PAULO,NOVA GRANADA,Cerrado,17,0.0,1.0,511.9,-20.5416,-49.3495
2024/10/08 22:27:00,GOES-16,Brasil,SÃO PAULO,NOVA GRANADA,Cerrado,17,0.0,1.0,164.6,-20.6024,-49.3591
2024/10/08 22:27:00,GOES-16,Brasil,SÃO PAULO,NOVA GRANADA,Cerrado,17,0.0,1.0,154.4,-20.6031,-49.3361
2024/10/08 22:27:00,GOES-16,Brasil,SÃO PAULO,NOVA GRANADA,Cerrado,17,0.0,1.0,194.5,-20.5212,-49.3539
2024/10/08 22:27:00,GOES-16,Brasil,SÃO PAULO,NOVA GRANADA,Cerrado,17,0.0,1.0,150.7,-20.5218,-49.331
2024/10/08 22:27:00,GOES-16,Brasil,SÃO PAULO,NOVA GRANADA,Cerrado,17,0.0,-999.0,346.7,-20.5422,-49.3265
2024/10/08 22:27:00,GOES-16,Brasil,SÃO PAULO,NOVA GRANADA,Cerrado,17,0.0,1.0,256.0,-20.5621,-49.345
2024/10/08 22:27:00,GOES-16,Brasil,SÃO PAULO,NOVA GRANADA,Cerrado,17,0.0,1.0,172.1,-20.5627,-49.3221
2024/10/08 22:37:00,GOES-16,Brasil,SÃO PAULO,NOVA GRANADA,Cerrado,17,0.0,1.0,107.2,-20.5212,-49.3539
2024/10/08 22:37:00,GOES-16,Brasil,SÃO PAULO,NOVA GRANADA,Cerrado,17,0.0,1.0,158.4,-20.6031,-49.3361
2024/10/08 22:37:00,GOES-16,Brasil,SÃO PAULO,NOVA GRANADA,Cerrado,17,0.0,1.0,126.6,-20.6024,-49.3591
2024/10/08 22:37:00,GOES-16,Brasil,SÃO PAULO,NOVA GRANADA,Cerrado,17,0.0,1.0,129.8,-20.5627,-49.3221
2024/10/08 22:37:00,GOES-16,Brasil,SÃO PAULO,NOVA GRANADA,Cerrado,17,0.0,1.0,192.2,-20.5621,-49.345
2024/10/08 22:37:00,GOES-16,Brasil,SÃO PAULO,NOVA GRANADA,Cerrado,17,0.0,-999.0,241.5,-20.5422,-49.3265
2024/10/08 22:37:00,GOES-16,Brasil,SÃO PAULO,NOVA GRANADA,Cerrado,17,0.0,1.0,381.9,-20.5416,-49.3495
2024/10/08 22:47:00,GOES-16,Brasil,SÃO PAULO,NOVA GRANADA,Cerrado,17,0.0,-999.0,227.2,-20.5422,-49.3265
2024/10/08 22:47:00,GOES-16,Brasil,SÃO PAULO,NOVA GRANADA,Cerrado,17,0.0,1.0,361.8,-20.5416,-49.3495
2024/10/08 22:47:00,GOES-16,Brasil,SÃO PAULO,NOVA GRANADA,Cerrado,17,0.0,1.0,118.7,-20.5212,-49.3539
2024/10/08 22:47:00,GOES-16,Brasil,SÃO PAULO,NOVA GRANADA,Cerrado,17,0.0,1.0,133.5,-20.6031,-49.3361
2024/10/08 22:47:00,GOES-16,Brasil,SÃO PAULO,NOVA GRANADA,Cerrado,17,0.0,1.0,113.1,-20.5627,-49.3221
2024/10/08 22:47:00,GOES-16,Brasil,SÃO PAULO,NOVA GRANADA,Cerrado,17,0.0,1.0,164.4,-20.5621,-49.345
2024/10/08 22:57:00,GOES-16,Brasil,SÃO PAULO,NOVA GRANADA,Cerrado,17,0.0,1.0,234.2,-20.5416,-49.3495
2024/10/08 22:57:00,GOES-16,Brasil,SÃO PAULO,NOVA GRANADA,Cerrado,17,0.0,-999.0,172.0,-20.5422,-49.3265
2024/10/08 22:57:00,GOES-16,Brasil,SÃO PAULO,NOVA GRANADA,Cerrado,17,0.0,1.0,128.3,-20.5621,-49.345
2024/10/08 23:07:00,GOES-16,Brasil,SÃO PAULO,NOVA GRANADA,Cerrado,17,0.0,1.0,144.4,-20.5416,-49.3495
2024/10/09 00:37:42,METOP-C,Brasil,SÃO PAULO,NOVA GRANADA,Cerrado,17,1.45,1.0,,-20.600299835205078,-49.340301513671875
2024/10/09 00:37:42,METOP-C,Brasil,SÃO PAULO,NOVA GRANADA,Cerrado,17,1.48,1.0,,-20.602500915527344,-49.352500915527344
2024/10/09 00:37:42,METOP-C,Brasil,SÃO PAULO,NOVA GRANADA,Cerrado,17,1.4,1.0,,-20.590499877929688,-49.34230041503906
2024/10/09 00:37:43,METOP-C,Brasil,SÃO PAULO,NOVA GRANADA,Cerrado,17,1.14,1.0,,-20.549100875854492,-49.3380012512207
2024/10/09 00:37:43,METOP-C,Brasil,SÃO PAULO,NOVA GRANADA,Cerrado,17,1.1,1.0,,-20.55139923095703,-49.35020065307617
2024/10/09 00:37:43,METOP-C,Brasil,SÃO PAULO,NOVA GRANADA,Cerrado,17,1.04,1.0,,-20.539400100708008,-49.34000015258789
2024/10/09 01:11:00,TERRA_M-M,Brasil,SÃO PAULO,NOVA GRANADA,Cerrado,17,1.45,1.0,7.5,-20.60004,-49.35977
2024/10/09 01:11:00,TERRA_M-M,Brasil,SÃO PAULO,NOVA GRANADA,Cerrado,17,1.44,1.0,12.6,-20.59869,-49.35031
2024/10/09 01:11:00,TERRA_M-M,Brasil,SÃO PAULO,NOVA GRANADA,Cerrado,17,1.13,1.0,5.8,-20.55123,-49.34465
2024/10/09 01:11:00,TERRA_M-M,Brasil,SÃO PAULO,NOVA GRANADA,Cerrado,17,1.07,1.0,6.0,-20.54235,-49.34612
2024/10/09 04:17:00,NOAA-21,Brasil,SÃO PAULO,NOVA GRANADA,Cerrado,17,1.1,1.0,2.3,-20.54526,-49.34335
2024/10/09 04:17:00,NOAA-21,Brasil,SÃO PAULO,NOVA GRANADA,Cerrado,17,1.48,1.0,1.7,-20.60302,-49.34543
2024/10/09 04:17:00,NOAA-21,Brasil,SÃO PAULO,NOVA GRANADA,Cerrado,17,1.47,1.0,2.2,-20.60153,-49.35388
2024/10/09 04:17:00,NOAA-21,Brasil,SÃO PAULO,NOVA GRANADA,Cerrado,17,1.4,1.0,3.8,-20.59449,-49.35245
2024/10/09 04:17:00,NOAA-21,Brasil,SÃO PAULO,NOVA GRANADA,Cerrado,17,1.31,1.0,0.8,-20.57564,-49.33621
2024/10/09 04:17:00,NOAA-21,Brasil,SÃO PAULO,NOVA GRANADA,Cerrado,17,1.29,1.0,1.8,-20.57359,-49.32701
2024/10/09 04:17:00,NOAA-21,Brasil,SÃO PAULO,NOVA GRANADA,Cerrado,17,1.28,1.0,1.8,-20.57285,-49.33126
2024/10/09 04:17:00,NOAA-21,Brasil,SÃO PAULO,NOVA GRANADA,Cerrado,17,1.27,1.0,0.8,-20.57212,-49.3355
2024/10/09 04:17:00,NOAA-21,Brasil,SÃO PAULO,NOVA GRANADA,Cerrado,17,1.23,1.0,1.5,-20.56845,-49.35676
2024/10/09 04:17:00,NOAA-21,Brasil,SÃO PAULO,NOVA GRANADA,Cerrado,17,1.24,1.0,1.6,-20.56773,-49.36097
2024/10/09 04:17:00,NOAA-21,Brasil,SÃO PAULO,NOVA GRANADA,Cerrado,17,1.21,1.0,1.1,-20.56566,-49.35183
2024/10/09 04:17:00,NOAA-21,Brasil,SÃO PAULO,NOVA GRANADA,Cerrado,17,1.18,1.0,1.1,-20.56287,-49.34689
2024/10/09 04:17:00,NOAA-21,Brasil,SÃO PAULO,NOVA GRANADA,Cerrado,17,1.18,1.0,1.1,-20.56214,-49.35114
2024/10/09 04:17:00,NOAA-21,Brasil,SÃO PAULO,NOVA GRANADA,Cerrado,17,1.16,1.0,1.2,-20.55788,-49.35466
2024/10/09 04:17:00,NOAA-21,Brasil,SÃO PAULO,NOVA GRANADA,Cerrado,17,1.14,1.0,1.2,-20.55436,-49.35395
2024/10/09 04:17:00,NOAA-21,Brasil,SÃO PAULO,NOVA GRANADA,Cerrado,17,1.11,1.0,1.1,-20.55157,-49.34901
2024/10/09 04:17:00,NOAA-21,Brasil,SÃO PAULO,NOVA GRANADA,Cerrado,17,1.12,1.0,1.1,-20.55084,-49.35323
2024/10/09 04:42:00,NPP-375D,Brasil,SÃO PAULO,NOVA GRANADA,Cerrado,17,1.2,1.0,0.6,-20.56413,-49.35901
2024/10/09 04:42:00,NPP-375D,Brasil,SÃO PAULO,NOVA GRANADA,Cerrado,17,1.13,1.0,0.8,-20.55388,-49.35292
2024/10/09 04:42:00,NPP-375D,Brasil,SÃO PAULO,NOVA GRANADA,Cerrado,17,1.11,1.0,1.3,-20.55026,-49.35239
2024/10/09 04:42:00,NPP-375D,Brasil,SÃO PAULO,NOVA GRANADA,Cerrado,17,1.4,1.0,1.2,-20.59495,-49.35029
2024/10/09 04:42:00,NPP-375D,Brasil,SÃO PAULO,NOVA GRANADA,Cerrado,17,1.3,1.0,1.1,-20.57506,-49.33376
2024/10/09 04:42:00,NPP-375D,Brasil,SÃO PAULO,NOVA GRANADA,Cerrado,17,1.23,1.0,1.5,-20.56838,-49.35511
2024/10/09 04:42:00,NPP-375D,Brasil,SÃO PAULO,NOVA GRANADA,Cerrado,17,1.18,1.0,0.6,-20.56113,-49.35402
2024/10/09 04:42:00,NPP-375D,Brasil,SÃO PAULO,NOVA GRANADA,Cerrado,17,1.47,1.0,1.2,-20.60178,-49.35815
2024/10/09 04:42:00,NPP-375D,Brasil,SÃO PAULO,NOVA GRANADA,Cerrado,17,1.4,1.0,1.5,-20.5915,-49.35214
2024/10/09 04:42:00,NPP-375D,Brasil,SÃO PAULO,NOVA GRANADA,Cerrado,17,1.4,1.0,1.2,-20.59132,-49.34975
2024/10/09 04:42:00,NPP-375D,Brasil,SÃO PAULO,NOVA GRANADA,Cerrado,17,1.27,1.0,1.1,-20.57204,-49.32883
2024/10/09 04:42:00,NPP-375D,Brasil,SÃO PAULO,NOVA GRANADA,Cerrado,17,1.26,1.0,1.1,-20.57143,-49.33322
2024/10/09 04:42:00,NPP-375D,Brasil,SÃO PAULO,NOVA GRANADA,Cerrado,17,1.2,1.0,0.6,-20.56475,-49.35456
2024/10/09 04:42:00,NPP-375D,Brasil,SÃO PAULO,NOVA GRANADA,Cerrado,17,1.15,1.0,0.8,-20.55751,-49.35347
2024/10/09 04:42:00,NPP-375D,Brasil,SÃO PAULO,NOVA GRANADA,Cerrado,17,1.11,1.0,1.2,-20.55087,-49.34798
2024/10/09 04:42:00,NPP-375D,Brasil,SÃO PAULO,NOVA GRANADA,Cerrado,17,1.09,1.0,1.1,-20.54423,-49.34251
2024/10/09 05:06:00,NOAA-20,Brasil,SÃO PAULO,NOVA GRANADA,Cerrado,17,1.4,1.0,1.0,-20.59492,-49.35336
2024/10/09 05:06:00,NOAA-20,Brasil,SÃO PAULO,NOVA GRANADA,Cerrado,17,1.4,1.0,1.0,-20.58953,-49.35288
2024/10/09 05:06:00,NOAA-20,Brasil,SÃO PAULO,NOVA GRANADA,Cerrado,17,1.3,1.0,1.6,-20.57486,-49.33686
2024/10/09 05:06:00,NOAA-20,Brasil,SÃO PAULO,NOVA GRANADA,Cerrado,17,1.25,1.0,1.7,-20.57019,-49.32932
